#
# There is insufficient memory for the Java Runtime Environment to continue.
# Native memory allocation (mmap) failed to map 65536 bytes. Error detail: Failed to commit metaspace.
# Possible reasons:
#   The system is out of physical RAM or swap space
#   This process is running with CompressedOops enabled, and the Java Heap may be blocking the growth of the native heap
# Possible solutions:
#   Reduce memory load on the system
#   Increase physical memory or swap space
#   Check if swap backing store is full
#   Decrease Java heap size (-Xmx/-Xms)
#   Decrease number of Java threads
#   Decrease Java thread stack sizes (-Xss)
#   Set larger code cache with -XX:ReservedCodeCacheSize=
#   JVM is running with Unscaled Compressed Oops mode in which the Java heap is
#     placed in the first 4GB address space. The Java Heap base address is the
#     maximum limit for the native heap growth. Please use -XX:HeapBaseMinAddress
#     to set the Java Heap base and to place the Java Heap above 4GB virtual address.
# This output file may be truncated or incomplete.
#
#  Out of Memory Error (virtualSpaceNode.cpp:113), pid=772, tid=10820
#
# JRE version: OpenJDK Runtime Environment Temurin-21.0.10+7 (21.0.10+7) (build 21.0.10+7-LTS)
# Java VM: OpenJDK 64-Bit Server VM Temurin-21.0.10+7 (21.0.10+7-LTS, mixed mode, sharing, tiered, compressed oops, compressed class ptrs, parallel gc, windows-amd64)
# No core dump will be written. Minidumps are not enabled by default on client versions of Windows
#

---------------  S U M M A R Y ------------

Command Line: --add-modules=ALL-SYSTEM --add-opens=java.base/java.util=ALL-UNNAMED --add-opens=java.base/java.lang=ALL-UNNAMED --add-opens=java.base/sun.nio.fs=ALL-UNNAMED -Declipse.application=org.eclipse.jdt.ls.core.id1 -Dosgi.bundles.defaultStartLevel=4 -Declipse.product=org.eclipse.jdt.ls.core.product -Djava.import.generatesMetadataFilesAtProjectRoot=false -DDetectVMInstallationsJob.disabled=true -Dfile.encoding=utf8 -XX:+UseParallelGC -XX:GCTimeRatio=4 -XX:AdaptiveSizePolicyWeight=90 -Dsun.zip.disableMemoryMapping=true -Xmx2G -Xms100m -Xlog:disable -javaagent:c:\Users\Nestor Corneille\.antigravity\extensions\redhat.java-1.54.0-win32-x64\lombok\lombok-1.18.39-4050.jar -XX:+HeapDumpOnOutOfMemoryError -XX:HeapDumpPath=c:\Users\Nestor Corneille\AppData\Roaming\Antigravity\User\workspaceStorage\361cd7a72a232ae6941662571b4a6975\redhat.java -Daether.dependencyCollector.impl=bf c:\Users\Nestor Corneille\.antigravity\extensions\redhat.java-1.54.0-win32-x64\server\plugins\org.eclipse.equinox.launcher_1.7.100.v20251111-0406.jar -configuration c:\Users\Nestor Corneille\AppData\Roaming\Antigravity\User\globalStorage\redhat.java\1.54.0\config_win -data c:\Users\Nestor Corneille\AppData\Roaming\Antigravity\User\workspaceStorage\361cd7a72a232ae6941662571b4a6975\redhat.java\jdt_ws --pipe=\\.\pipe\lsp-8eb0b2d678fffc33b962ec7fa63693c4-sock

Host: Intel(R) Core(TM) i7-6600U CPU @ 2.60GHz, 4 cores, 7G,  Windows 11 , 64 bit Build 22621 (10.0.22621.3958)
Time: Thu May 14 11:52:27 2026 Afr. centrale Ouest elapsed time: 28.977946 seconds (0d 0h 0m 28s)

---------------  T H R E A D  ---------------

Current thread (0x000002255ba03ee0):  JavaThread "Start Level: Equinox Container: cdf40b9a-ae78-46bc-8063-dde8844c8d72" daemon [_thread_in_vm, id=10820, stack(0x000000b304700000,0x000000b304800000) (1024K)]

Stack: [0x000000b304700000,0x000000b304800000]
Native frames: (J=compiled Java code, j=interpreted, Vv=VM code, C=native code)
V  [jvm.dll+0x6d7a39]
V  [jvm.dll+0x8b4b26]
V  [jvm.dll+0x8b70de]
V  [jvm.dll+0x8b77c3]
V  [jvm.dll+0x284346]
V  [jvm.dll+0x8b086e]
V  [jvm.dll+0x679444]
V  [jvm.dll+0x1e82bb]
V  [jvm.dll+0x1e807e]
V  [jvm.dll+0x67bd42]
V  [jvm.dll+0x67bb72]
V  [jvm.dll+0x679e1e]
V  [jvm.dll+0x6840c8]
V  [jvm.dll+0x28c59d]
V  [jvm.dll+0x28daf9]
V  [jvm.dll+0x211fac]
V  [jvm.dll+0x21172d]
V  [jvm.dll+0x5b6479]
V  [jvm.dll+0x82ead6]
V  [jvm.dll+0x478db8]
V  [jvm.dll+0x47ebe8]
C  [java.dll+0x17ec]

Java frames: (J=compiled Java code, j=interpreted, Vv=VM code)
J 1130  java.lang.ClassLoader.defineClass1(Ljava/lang/ClassLoader;Ljava/lang/String;[BIILjava/security/ProtectionDomain;Ljava/lang/String;)Ljava/lang/Class; java.base@21.0.10 (0 bytes) @ 0x000002254ee94291 [0x000002254ee941c0+0x00000000000000d1]
J 1888 c1 java.lang.ClassLoader.defineClass(Ljava/lang/String;[BIILjava/security/ProtectionDomain;)Ljava/lang/Class; java.base@21.0.10 (43 bytes) @ 0x00000225476a3ffc [0x00000225476a3ca0+0x000000000000035c]
j  org.eclipse.osgi.internal.loader.ModuleClassLoader.defineClass(Ljava/lang/String;[BLorg/eclipse/osgi/internal/loader/classpath/ClasspathEntry;)Lorg/eclipse/osgi/internal/loader/ModuleClassLoader$DefineClassResult;+37
J 2806 c1 org.eclipse.osgi.internal.loader.classpath.ClasspathManager.defineClass(Ljava/lang/String;[BLorg/eclipse/osgi/internal/loader/classpath/ClasspathEntry;Lorg/eclipse/osgi/storage/bundlefile/BundleEntry;Ljava/util/List;)Ljava/lang/Class; (636 bytes) @ 0x00000225478aa274 [0x00000225478a87c0+0x0000000000001ab4]
J 2807 c1 org.eclipse.osgi.internal.loader.classpath.ClasspathManager.findClassImpl(Ljava/lang/String;Lorg/eclipse/osgi/internal/loader/classpath/ClasspathEntry;Ljava/util/List;)Ljava/lang/Class; (328 bytes) @ 0x00000225478b2144 [0x00000225478aee00+0x0000000000003344]
j  org.eclipse.osgi.internal.loader.classpath.ClasspathManager.findLocalClassImpl(Ljava/lang/String;[Lorg/eclipse/osgi/internal/loader/classpath/ClasspathEntry;Ljava/util/List;)Ljava/lang/Class;+30
J 2642 c1 org.eclipse.osgi.internal.loader.classpath.ClasspathManager.findLocalClassImpl(Ljava/lang/String;Ljava/util/List;)Ljava/lang/Class; (132 bytes) @ 0x0000022547844194 [0x0000022547843c60+0x0000000000000534]
J 2788 c1 org.eclipse.osgi.internal.loader.classpath.ClasspathManager.findLocalClass(Ljava/lang/String;)Ljava/lang/Class; (210 bytes) @ 0x000002254789bf24 [0x000002254789b260+0x0000000000000cc4]
J 2529 c1 org.eclipse.osgi.internal.loader.BundleLoader.findLocalClass(Ljava/lang/String;)Ljava/lang/Class; (159 bytes) @ 0x00000225478156cc [0x0000022547814ae0+0x0000000000000bec]
J 2443 c1 org.eclipse.osgi.internal.loader.BundleLoader.findClass0(Ljava/lang/String;ZZ)Ljava/lang/Class; (490 bytes) @ 0x00000225477db2dc [0x00000225477d8140+0x000000000000319c]
J 2442 c1 org.eclipse.osgi.internal.loader.BundleLoader.findClass(Ljava/lang/String;)Ljava/lang/Class; (8 bytes) @ 0x00000225477d774c [0x00000225477d76c0+0x000000000000008c]
J 2444 c1 org.eclipse.osgi.internal.loader.ModuleClassLoader.loadClass(Ljava/lang/String;Z)Ljava/lang/Class; (36 bytes) @ 0x00000225477df0cc [0x00000225477deea0+0x000000000000022c]
J 1012 c1 java.lang.ClassLoader.loadClass(Ljava/lang/String;)Ljava/lang/Class; java.base@21.0.10 (7 bytes) @ 0x00000225474e0ed4 [0x00000225474e0dc0+0x0000000000000114]
v  ~StubRoutines::call_stub 0x000002254e88100d
J 1130  java.lang.ClassLoader.defineClass1(Ljava/lang/ClassLoader;Ljava/lang/String;[BIILjava/security/ProtectionDomain;Ljava/lang/String;)Ljava/lang/Class; java.base@21.0.10 (0 bytes) @ 0x000002254ee94291 [0x000002254ee941c0+0x00000000000000d1]
J 1888 c1 java.lang.ClassLoader.defineClass(Ljava/lang/String;[BIILjava/security/ProtectionDomain;)Ljava/lang/Class; java.base@21.0.10 (43 bytes) @ 0x00000225476a3ffc [0x00000225476a3ca0+0x000000000000035c]
j  org.eclipse.osgi.internal.loader.ModuleClassLoader.defineClass(Ljava/lang/String;[BLorg/eclipse/osgi/internal/loader/classpath/ClasspathEntry;)Lorg/eclipse/osgi/internal/loader/ModuleClassLoader$DefineClassResult;+37
J 2806 c1 org.eclipse.osgi.internal.loader.classpath.ClasspathManager.defineClass(Ljava/lang/String;[BLorg/eclipse/osgi/internal/loader/classpath/ClasspathEntry;Lorg/eclipse/osgi/storage/bundlefile/BundleEntry;Ljava/util/List;)Ljava/lang/Class; (636 bytes) @ 0x00000225478aa274 [0x00000225478a87c0+0x0000000000001ab4]
J 2807 c1 org.eclipse.osgi.internal.loader.classpath.ClasspathManager.findClassImpl(Ljava/lang/String;Lorg/eclipse/osgi/internal/loader/classpath/ClasspathEntry;Ljava/util/List;)Ljava/lang/Class; (328 bytes) @ 0x00000225478b2144 [0x00000225478aee00+0x0000000000003344]
j  org.eclipse.osgi.internal.loader.classpath.ClasspathManager.findLocalClassImpl(Ljava/lang/String;[Lorg/eclipse/osgi/internal/loader/classpath/ClasspathEntry;Ljava/util/List;)Ljava/lang/Class;+30
J 2642 c1 org.eclipse.osgi.internal.loader.classpath.ClasspathManager.findLocalClassImpl(Ljava/lang/String;Ljava/util/List;)Ljava/lang/Class; (132 bytes) @ 0x0000022547844194 [0x0000022547843c60+0x0000000000000534]
J 2788 c1 org.eclipse.osgi.internal.loader.classpath.ClasspathManager.findLocalClass(Ljava/lang/String;)Ljava/lang/Class; (210 bytes) @ 0x000002254789bf24 [0x000002254789b260+0x0000000000000cc4]
J 2529 c1 org.eclipse.osgi.internal.loader.BundleLoader.findLocalClass(Ljava/lang/String;)Ljava/lang/Class; (159 bytes) @ 0x00000225478156cc [0x0000022547814ae0+0x0000000000000bec]
J 2801 c1 org.eclipse.osgi.internal.loader.sources.SingleSourcePackage.loadClass(Ljava/lang/String;)Ljava/lang/Class; (9 bytes) @ 0x00000225478a684c [0x00000225478a6740+0x000000000000010c]
J 2443 c1 org.eclipse.osgi.internal.loader.BundleLoader.findClass0(Ljava/lang/String;ZZ)Ljava/lang/Class; (490 bytes) @ 0x00000225477db1e4 [0x00000225477d8140+0x00000000000030a4]
J 2442 c1 org.eclipse.osgi.internal.loader.BundleLoader.findClass(Ljava/lang/String;)Ljava/lang/Class; (8 bytes) @ 0x00000225477d774c [0x00000225477d76c0+0x000000000000008c]
J 2444 c1 org.eclipse.osgi.internal.loader.ModuleClassLoader.loadClass(Ljava/lang/String;Z)Ljava/lang/Class; (36 bytes) @ 0x00000225477df0cc [0x00000225477deea0+0x000000000000022c]
J 1012 c1 java.lang.ClassLoader.loadClass(Ljava/lang/String;)Ljava/lang/Class; java.base@21.0.10 (7 bytes) @ 0x00000225474e0ed4 [0x00000225474e0dc0+0x0000000000000114]
v  ~StubRoutines::call_stub 0x000002254e88100d
j  org.eclipse.core.internal.jobs.JobOSGiUtils.openServices()V+42
j  org.eclipse.core.internal.jobs.JobActivator.start(Lorg/osgi/framework/BundleContext;)V+7
j  org.eclipse.osgi.internal.framework.BundleContextImpl$2.run()Ljava/lang/Void;+23
j  org.eclipse.osgi.internal.framework.BundleContextImpl$2.run()Ljava/lang/Object;+1
J 1166 c1 java.security.AccessController.executePrivileged(Ljava/security/PrivilegedExceptionAction;Ljava/security/AccessControlContext;Ljava/lang/Class;)Ljava/lang/Object; java.base@21.0.10 (65 bytes) @ 0x000002254752b9c4 [0x000002254752b860+0x0000000000000164]
j  java.security.AccessController.doPrivileged(Ljava/security/PrivilegedExceptionAction;)Ljava/lang/Object;+9 java.base@21.0.10
j  org.eclipse.osgi.internal.framework.BundleContextImpl.startActivator(Lorg/osgi/framework/BundleActivator;)V+9
j  org.eclipse.osgi.internal.framework.BundleContextImpl.start()V+141
j  org.eclipse.osgi.internal.framework.EquinoxBundle.startWorker0()V+35
j  org.eclipse.osgi.internal.framework.EquinoxBundle$EquinoxModule.startWorker()V+4
j  org.eclipse.osgi.container.Module.doStart([Lorg/eclipse/osgi/container/Module$StartOptions;)Lorg/eclipse/osgi/container/ModuleContainerAdaptor$ModuleEvent;+200
j  org.eclipse.osgi.container.Module.start([Lorg/eclipse/osgi/container/Module$StartOptions;)V+460
j  org.eclipse.osgi.framework.util.SecureAction.start(Lorg/eclipse/osgi/container/Module;[Lorg/eclipse/osgi/container/Module$StartOptions;)V+8
J 2531 c1 org.eclipse.osgi.internal.hooks.EclipseLazyStarter.postFindLocalClass(Ljava/lang/String;Ljava/lang/Class;Lorg/eclipse/osgi/internal/loader/classpath/ClasspathManager;)V (394 bytes) @ 0x0000022547818e14 [0x0000022547817e40+0x0000000000000fd4]
J 2788 c1 org.eclipse.osgi.internal.loader.classpath.ClasspathManager.findLocalClass(Ljava/lang/String;)Ljava/lang/Class; (210 bytes) @ 0x000002254789c274 [0x000002254789b260+0x0000000000001014]
J 2529 c1 org.eclipse.osgi.internal.loader.BundleLoader.findLocalClass(Ljava/lang/String;)Ljava/lang/Class; (159 bytes) @ 0x00000225478156cc [0x0000022547814ae0+0x0000000000000bec]
J 2443 c1 org.eclipse.osgi.internal.loader.BundleLoader.findClass0(Ljava/lang/String;ZZ)Ljava/lang/Class; (490 bytes) @ 0x00000225477db2dc [0x00000225477d8140+0x000000000000319c]
J 2442 c1 org.eclipse.osgi.internal.loader.BundleLoader.findClass(Ljava/lang/String;)Ljava/lang/Class; (8 bytes) @ 0x00000225477d774c [0x00000225477d76c0+0x000000000000008c]
J 2444 c1 org.eclipse.osgi.internal.loader.ModuleClassLoader.loadClass(Ljava/lang/String;Z)Ljava/lang/Class; (36 bytes) @ 0x00000225477df0cc [0x00000225477deea0+0x000000000000022c]
J 1012 c1 java.lang.ClassLoader.loadClass(Ljava/lang/String;)Ljava/lang/Class; java.base@21.0.10 (7 bytes) @ 0x00000225474e0ed4 [0x00000225474e0dc0+0x0000000000000114]
v  ~StubRoutines::call_stub 0x000002254e88100d
j  org.eclipse.core.resources.ResourcesPlugin$WorkspaceInitCustomizer.addingService(Lorg/osgi/framework/ServiceReference;)Lorg/eclipse/core/internal/resources/Workspace;+30
j  org.eclipse.core.resources.ResourcesPlugin$WorkspaceInitCustomizer.addingService(Lorg/osgi/framework/ServiceReference;)Ljava/lang/Object;+5
j  org.osgi.util.tracker.ServiceTracker$Tracked.customizerAdding(Lorg/osgi/framework/ServiceReference;Lorg/osgi/framework/ServiceEvent;)Ljava/lang/Object;+8
j  org.osgi.util.tracker.ServiceTracker$Tracked.customizerAdding(Ljava/lang/Object;Ljava/lang/Object;)Ljava/lang/Object;+9
J 2660 c1 org.osgi.util.tracker.AbstractTracked.trackAdding(Ljava/lang/Object;Ljava/lang/Object;)V (167 bytes) @ 0x000002254784b68c [0x000002254784b560+0x000000000000012c]
j  org.osgi.util.tracker.AbstractTracked.trackInitial()V+90
j  org.osgi.util.tracker.ServiceTracker.open(Z)V+198
j  org.osgi.util.tracker.ServiceTracker.open()V+2
j  org.eclipse.core.resources.ResourcesPlugin.start(Lorg/osgi/framework/BundleContext;)V+106
j  org.eclipse.osgi.internal.framework.BundleContextImpl$2.run()Ljava/lang/Void;+23
j  org.eclipse.osgi.internal.framework.BundleContextImpl$2.run()Ljava/lang/Object;+1
J 1166 c1 java.security.AccessController.executePrivileged(Ljava/security/PrivilegedExceptionAction;Ljava/security/AccessControlContext;Ljava/lang/Class;)Ljava/lang/Object; java.base@21.0.10 (65 bytes) @ 0x000002254752b9c4 [0x000002254752b860+0x0000000000000164]
j  java.security.AccessController.doPrivileged(Ljava/security/PrivilegedExceptionAction;)Ljava/lang/Object;+9 java.base@21.0.10
j  org.eclipse.osgi.internal.framework.BundleContextImpl.startActivator(Lorg/osgi/framework/BundleActivator;)V+9
j  org.eclipse.osgi.internal.framework.BundleContextImpl.start()V+141
j  org.eclipse.osgi.internal.framework.EquinoxBundle.startWorker0()V+35
j  org.eclipse.osgi.internal.framework.EquinoxBundle$EquinoxModule.startWorker()V+4
j  org.eclipse.osgi.container.Module.doStart([Lorg/eclipse/osgi/container/Module$StartOptions;)Lorg/eclipse/osgi/container/ModuleContainerAdaptor$ModuleEvent;+200
j  org.eclipse.osgi.container.Module.start([Lorg/eclipse/osgi/container/Module$StartOptions;)V+460
j  org.eclipse.osgi.framework.util.SecureAction.start(Lorg/eclipse/osgi/container/Module;[Lorg/eclipse/osgi/container/Module$StartOptions;)V+8
J 2531 c1 org.eclipse.osgi.internal.hooks.EclipseLazyStarter.postFindLocalClass(Ljava/lang/String;Ljava/lang/Class;Lorg/eclipse/osgi/internal/loader/classpath/ClasspathManager;)V (394 bytes) @ 0x0000022547818e14 [0x0000022547817e40+0x0000000000000fd4]
J 2788 c1 org.eclipse.osgi.internal.loader.classpath.ClasspathManager.findLocalClass(Ljava/lang/String;)Ljava/lang/Class; (210 bytes) @ 0x000002254789c274 [0x000002254789b260+0x0000000000001014]
J 2529 c1 org.eclipse.osgi.internal.loader.BundleLoader.findLocalClass(Ljava/lang/String;)Ljava/lang/Class; (159 bytes) @ 0x00000225478156cc [0x0000022547814ae0+0x0000000000000bec]
J 2443 c1 org.eclipse.osgi.internal.loader.BundleLoader.findClass0(Ljava/lang/String;ZZ)Ljava/lang/Class; (490 bytes) @ 0x00000225477db2dc [0x00000225477d8140+0x000000000000319c]
J 2442 c1 org.eclipse.osgi.internal.loader.BundleLoader.findClass(Ljava/lang/String;)Ljava/lang/Class; (8 bytes) @ 0x00000225477d774c [0x00000225477d76c0+0x000000000000008c]
J 2444 c1 org.eclipse.osgi.internal.loader.ModuleClassLoader.loadClass(Ljava/lang/String;Z)Ljava/lang/Class; (36 bytes) @ 0x00000225477df0cc [0x00000225477deea0+0x000000000000022c]
J 1012 c1 java.lang.ClassLoader.loadClass(Ljava/lang/String;)Ljava/lang/Class; java.base@21.0.10 (7 bytes) @ 0x00000225474e0ed4 [0x00000225474e0dc0+0x0000000000000114]
v  ~StubRoutines::call_stub 0x000002254e88100d
j  java.lang.Class.getDeclaredConstructors0(Z)[Ljava/lang/reflect/Constructor;+0 java.base@21.0.10
j  java.lang.Class.privateGetDeclaredConstructors(Z)[Ljava/lang/reflect/Constructor;+52 java.base@21.0.10
j  java.lang.Class.getConstructor0([Ljava/lang/Class;I)Ljava/lang/reflect/Constructor;+14 java.base@21.0.10
j  java.lang.Class.getConstructor([Ljava/lang/Class;)Ljava/lang/reflect/Constructor;+24 java.base@21.0.10
j  org.eclipse.osgi.internal.framework.BundleContextImpl.loadBundleActivator()Lorg/osgi/framework/BundleActivator;+105
j  org.eclipse.osgi.internal.framework.BundleContextImpl.start()V+18
j  org.eclipse.osgi.internal.framework.EquinoxBundle.startWorker0()V+35
j  org.eclipse.osgi.internal.framework.EquinoxBundle$EquinoxModule.startWorker()V+4
j  org.eclipse.osgi.container.Module.doStart([Lorg/eclipse/osgi/container/Module$StartOptions;)Lorg/eclipse/osgi/container/ModuleContainerAdaptor$ModuleEvent;+200
j  org.eclipse.osgi.container.Module.start([Lorg/eclipse/osgi/container/Module$StartOptions;)V+460
j  org.eclipse.osgi.container.ModuleContainer$ContainerStartLevel$2.run()V+83
j  org.eclipse.osgi.internal.framework.EquinoxContainerAdaptor$1$1.execute(Ljava/lang/Runnable;)V+1
j  org.eclipse.osgi.container.ModuleContainer$ContainerStartLevel.incStartLevel(ILjava/util/List;Z)V+193
j  org.eclipse.osgi.container.ModuleContainer$ContainerStartLevel.incStartLevel(ILjava/util/List;Ljava/util/List;Ljava/util/List;Ljava/util/List;)V+19
j  org.eclipse.osgi.container.ModuleContainer$ContainerStartLevel.doContainerStartLevel(Lorg/eclipse/osgi/container/Module;I[Lorg/osgi/framework/FrameworkListener;)V+358
j  org.eclipse.osgi.container.ModuleContainer$ContainerStartLevel.dispatchEvent(Lorg/eclipse/osgi/container/Module;[Lorg/osgi/framework/FrameworkListener;ILjava/lang/Integer;)V+32
j  org.eclipse.osgi.container.ModuleContainer$ContainerStartLevel.dispatchEvent(Ljava/lang/Object;Ljava/lang/Object;ILjava/lang/Object;)V+15
j  org.eclipse.osgi.framework.eventmgr.EventManager.dispatchEvent(Ljava/util/Set;Lorg/eclipse/osgi/framework/eventmgr/EventDispatcher;ILjava/lang/Object;)V+48
j  org.eclipse.osgi.framework.eventmgr.EventManager$EventThread.run()V+26
v  ~StubRoutines::call_stub 0x000002254e88100d

Compiled method (n/a) 29158 1130     n 0       java.lang.ClassLoader::defineClass1 (native)
 total in heap  [0x000002254ee94010,0x000002254ee94498] = 1160
 relocation     [0x000002254ee94170,0x000002254ee941a8] = 56
 main code      [0x000002254ee941c0,0x000002254ee94496] = 726
 stub code      [0x000002254ee94496,0x000002254ee94498] = 2

[Constant Pool (empty)]

[MachCode]
[Entry Point]
  # {method} {0x0000022500434f58} 'defineClass1' '(Ljava/lang/ClassLoader;Ljava/lang/String;[BIILjava/security/ProtectionDomain;Ljava/lang/String;)Ljava/lang/Class;' in 'java/lang/ClassLoader'
  # parm0:    rdx:rdx   = 'java/lang/ClassLoader'
  # parm1:    r8:r8     = 'java/lang/String'
  # parm2:    r9:r9     = '[B'
  # parm3:    rdi       = int
  # parm4:    rsi       = int
  # parm5:    rcx:rcx   = 'java/security/ProtectionDomain'
  # parm6:    [sp+0xa0]   = 'java/lang/String'  (sp of caller)
  0x000002254ee941c0: 448b 5208 | 49bb 0000 | 0000 2502 | 0000 4d03 | d349 3bc2 | 0f84 0600 

  0x000002254ee941d8: ;   {runtime_call ic_miss_stub}
  0x000002254ee941d8: 0000 e9a1 | a2a3 ff90 
[Verified Entry Point]
  0x000002254ee941e0: 8984 2400 | 80ff ff55 | 488b ec48 | 81ec 9000 | 0000 6690 | 4181 7f20 | 0100 0000 

  0x000002254ee941fc: ;   {runtime_call StubRoutines (final stubs)}
  0x000002254ee941fc: 7405 e8dd | 47a2 ff48 | 837d 1000 | 488d 4510 | 480f 4445 | 1048 8944 | 2440 4889 | 4c24 7048 
  0x000002254ee9421c: 83f9 0048 | 8d44 2470 | 480f 4444 | 2470 4889 | 4424 3848 | 8974 2430 | 4889 7c24 | 284c 894c 
  0x000002254ee9423c: 2458 4983 | f900 488d | 4424 5848 | 0f44 4424 | 5848 8944 | 2420 4c89 | 4424 5049 | 83f8 004c 
  0x000002254ee9425c: 8d4c 2450 | 4c0f 444c | 2450 4889 | 5424 4848 | 83fa 004c | 8d44 2448 | 4c0f 4444 

  0x000002254ee94278: ;   {oop(a 'java/lang/Class'{0x00000000d72fa6f8} = 'java/lang/ClassLoader')}
  0x000002254ee94278: 2448 49be | f8a6 2fd7 | 0000 0000 | 4c89 7424 | 784c 8d74 | 2478 498b | d6c5 f877 

  0x000002254ee94294: ;   {internal_word}
  0x000002254ee94294: 49ba 9142 | e94e 2502 | 0000 4d89 | 97a8 0300 | 0049 89a7 | a003 0000 

  0x000002254ee942ac: ;   {external_word}
  0x000002254ee942ac: 49ba c65c | a4af fd7f | 0000 4180 | 3a00 0f84 | 4e00 0000 | 5241 5041 

  0x000002254ee942c4: ;   {metadata({method} {0x0000022500434f58} 'defineClass1' '(Ljava/lang/ClassLoader;Ljava/lang/String;[BIILjava/security/ProtectionDomain;Ljava/lang/String;)Ljava/lang/Class;' in 'java/lang/ClassLoader')}
  0x000002254ee942c4: 5148 ba50 | 4f43 0025 | 0200 0049 | 8bcf 4883 | ec20 40f6 | c40f 0f84 | 1900 0000 | 4883 ec08 
  0x000002254ee942e4: ;   {runtime_call}
  0x000002254ee942e4: 48b8 50e1 | 4daf fd7f | 0000 ffd0 | 4883 c408 | e90c 0000 

  0x000002254ee942f8: ;   {runtime_call}
  0x000002254ee942f8: 0048 b850 | e14d affd | 7f00 00ff | d048 83c4 | 2041 5941 | 585a 498d | 8fc0 0300 | 0041 c787 
  0x000002254ee94318: 4c04 0000 | 0400 0000 

  0x000002254ee94320: ;   {runtime_call}
  0x000002254ee94320: 48b8 ac16 | cae5 fd7f | 0000 ffd0 | c5f8 7741 | c787 4c04 | 0000 0500 | 0000 f083 | 4424 c000 
  0x000002254ee94340: 493b af50 | 0400 000f | 870e 0000 | 0041 83bf | 4804 0000 | 000f 842b | 0000 00c5 | f877 4889 
  0x000002254ee94360: 45f8 498b | cf4c 8be4 | 4883 ec20 | 4883 e4f0 

  0x000002254ee94370: ;   {runtime_call}
  0x000002254ee94370: 48b8 d052 | 19af fd7f | 0000 ffd0 | 498b e44d | 33e4 488b | 45f8 41c7 | 874c 0400 | 0008 0000 
  0x000002254ee94390: 0041 83bf | c804 0000 | 020f 84ca 

  0x000002254ee9439c: ;   {external_word}
  0x000002254ee9439c: 0000 0049 | bac6 5ca4 | affd 7f00 | 0041 803a | 000f 844c | 0000 0048 

  0x000002254ee943b4: ;   {metadata({method} {0x0000022500434f58} 'defineClass1' '(Ljava/lang/ClassLoader;Ljava/lang/String;[BIILjava/security/ProtectionDomain;Ljava/lang/String;)Ljava/lang/Class;' in 'java/lang/ClassLoader')}
  0x000002254ee943b4: 8945 f848 | ba50 4f43 | 0025 0200 | 0049 8bcf | 4883 ec20 | 40f6 c40f | 0f84 1900 | 0000 4883 
  0x000002254ee943d4: ;   {runtime_call}
  0x000002254ee943d4: ec08 48b8 | 50e1 4daf | fd7f 0000 | ffd0 4883 | c408 e90c 

  0x000002254ee943e8: ;   {runtime_call}
  0x000002254ee943e8: 0000 0048 | b850 e14d | affd 7f00 | 00ff d048 | 83c4 2048 | 8b45 f849 | c787 a003 | 0000 0000 
  0x000002254ee94408: 0000 49c7 | 87a8 0300 | 0000 0000 | 00c5 f877 | 4885 c00f | 8425 0000 | 00a8 030f | 8508 0000 
  0x000002254ee94428: 0048 8b00 | e915 0000 | 00a8 010f | 8509 0000 | 0048 8b40 | fee9 0400 | 0000 488b | 40ff 498b 
  0x000002254ee94448: 8f30 0400 | 00c7 8100 | 0100 0000 | 0000 00c9 | 4983 7f08 | 000f 8501 | 0000 00c3 

  0x000002254ee94464: ;   {runtime_call StubRoutines (initial stubs)}
  0x000002254ee94464: e997 ca9e | ffc5 f877 | 4889 45f8 | 4c8b e448 | 83ec 2048 

  0x000002254ee94478: ;   {runtime_call}
  0x000002254ee94478: 83e4 f048 | b8a0 184e | affd 7f00 | 00ff d049 | 8be4 4d33 | e448 8b45 | f8e9 09ff | ffff f4f4 
[/MachCode]


Compiled method (c1) 29170 1888       3       java.lang.ClassLoader::defineClass (43 bytes)
 total in heap  [0x00000225476a3a90,0x00000225476a43f0] = 2400
 relocation     [0x00000225476a3bf0,0x00000225476a3c90] = 160
 main code      [0x00000225476a3ca0,0x00000225476a4140] = 1184
 stub code      [0x00000225476a4140,0x00000225476a41b8] = 120
 metadata       [0x00000225476a41b8,0x00000225476a41e8] = 48
 scopes data    [0x00000225476a41e8,0x00000225476a42d8] = 240
 scopes pcs     [0x00000225476a42d8,0x00000225476a43b8] = 224
 dependencies   [0x00000225476a43b8,0x00000225476a43c8] = 16
 nul chk table  [0x00000225476a43c8,0x00000225476a43f0] = 40

[Constant Pool (empty)]

[MachCode]
[Entry Point]
  # {method} {0x00000225004352d8} 'defineClass' '(Ljava/lang/String;[BIILjava/security/ProtectionDomain;)Ljava/lang/Class;' in 'java/lang/ClassLoader'
  # this:     rdx:rdx   = 'java/lang/ClassLoader'
  # parm0:    r8:r8     = 'java/lang/String'
  # parm1:    r9:r9     = '[B'
  # parm2:    rdi       = int
  # parm3:    rsi       = int
  # parm4:    rcx:rcx   = 'java/security/ProtectionDomain'
  #           [sp+0xc0]  (sp of caller)
  0x00000225476a3ca0: 448b 5208 | 49bb 0000 | 0000 2502 | 0000 4d03 | d34c 3bd0 

  0x00000225476a3cb4: ;   {runtime_call ic_miss_stub}
  0x00000225476a3cb4: 0f85 c6a7 | 2207 660f | 1f44 0000 
[Verified Entry Point]
  0x00000225476a3cc0: 8984 2400 | 80ff ff55 | 4881 ecb0 | 0000 0090 | 4181 7f20 | 0100 0000 

  0x00000225476a3cd8: ;   {runtime_call StubRoutines (final stubs)}
  0x00000225476a3cd8: 7405 e801 | 4d21 0748 | 8954 2478 

  0x00000225476a3ce4: ;   {metadata(method data for {method} {0x00000225004352d8} 'defineClass' '(Ljava/lang/String;[BIILjava/security/ProtectionDomain;)Ljava/lang/Class;' in 'java/lang/ClassLoader')}
  0x00000225476a3ce4: 48bb 705c | 375c 2502 | 0000 8b83 | cc00 0000 | 83c0 0289 | 83cc 0000 | 0025 fe07 | 0000 85c0 
  0x00000225476a3d04: 0f84 5803 | 0000 89b4 | 2494 0000 | 0089 bc24 | 9000 0000 | 4c89 8c24 | 8800 0000 

  0x00000225476a3d20: ;   {metadata(method data for {method} {0x00000225004352d8} 'defineClass' '(Ljava/lang/String;[BIILjava/security/ProtectionDomain;)Ljava/lang/Class;' in 'java/lang/ClassLoader')}
  0x00000225476a3d20: 488b da48 | b870 5c37 | 5c25 0200 | 0048 8380 | 1001 0000 | 0149 8bd8 | 4c8b c34c | 8bc9 488b 
  0x00000225476a3d40: ca48 8bd1 | 4889 9c24 | 8000 0000 

  0x00000225476a3d4c: ;   {optimized virtual_call}
  0x00000225476a3d4c: 6666 90e8 

  0x00000225476a3d50: ; ImmutableOopMap {[120]=Oop [128]=Oop [136]=Oop }
                      ;*invokevirtual preDefineClass {reexecute=0 rethrow=0 return_oop=0}
                      ; - java.lang.ClassLoader::defineClass@4
  0x00000225476a3d50: ccca eeff 

  0x00000225476a3d54: ;   {other}
  0x00000225476a3d54: 0f1f 8400 | c402 0000 | 4889 8424 | 9800 0000 | 488b 5424 

  0x00000225476a3d68: ;   {metadata(method data for {method} {0x00000225004352d8} 'defineClass' '(Ljava/lang/String;[BIILjava/security/ProtectionDomain;)Ljava/lang/Class;' in 'java/lang/ClassLoader')}
  0x00000225476a3d68: 7849 b870 | 5c37 5c25 | 0200 0049 | 8380 4801 

  0x00000225476a3d78: ;   {metadata(method data for {method} {0x0000022500434fc0} 'defineClassSourceLocation' '(Ljava/security/ProtectionDomain;)Ljava/lang/String;' in 'java/lang/ClassLoader')}
  0x00000225476a3d78: 0000 0149 | b888 6337 | 5c25 0200 | 0041 8b90 | cc00 0000 | 83c2 0241 | 8990 cc00 | 0000 81e2 
  0x00000225476a3d98: feff 1f00 | 85d2 0f84 | df02 0000 

  0x00000225476a3da4: ; implicit exception: dispatches to 0x00000225476a40a4
  0x00000225476a3da4: 483b 004c 

  0x00000225476a3da8: ;   {metadata(method data for {method} {0x0000022500434fc0} 'defineClassSourceLocation' '(Ljava/security/ProtectionDomain;)Ljava/lang/String;' in 'java/lang/ClassLoader')}
  0x00000225476a3da8: 8bc0 48ba | 8863 375c | 2502 0000 | 4883 8210 | 0100 0001 | 448b 4010 

  0x00000225476a3dc0: ;   {metadata(method data for {method} {0x0000022500434fc0} 'defineClassSourceLocation' '(Ljava/security/ProtectionDomain;)Ljava/lang/String;' in 'java/lang/ClassLoader')}
  0x00000225476a3dc0: 4d85 c048 | ba88 6337 | 5c25 0200 | 0048 c7c6 | 5801 0000 | 7507 48c7 | c648 0100 | 0048 8b3c 
  0x00000225476a3de0: 3248 8d7f | 0148 893c | 320f 850f 

  0x00000225476a3dec: ;   {oop(nullptr)}
  0x00000225476a3dec: 0000 0048 | bb00 0000 | 0000 0000 | 00e9 a901 | 0000 493b | 0049 8bd0 

  0x00000225476a3e04: ;   {metadata(method data for {method} {0x0000022500434fc0} 'defineClassSourceLocation' '(Ljava/security/ProtectionDomain;)Ljava/lang/String;' in 'java/lang/ClassLoader')}
  0x00000225476a3e04: 48be 8863 | 375c 2502 | 0000 4883 | 8668 0100 | 0001 418b | 500c 4885 

  0x00000225476a3e1c: ;   {metadata(method data for {method} {0x0000022500434fc0} 'defineClassSourceLocation' '(Ljava/security/ProtectionDomain;)Ljava/lang/String;' in 'java/lang/ClassLoader')}
  0x00000225476a3e1c: d248 be88 | 6337 5c25 | 0200 0048 | c7c7 b001 | 0000 7507 | 48c7 c7a0 | 0100 0048 | 8b1c 3e48 
  0x00000225476a3e3c: 8d5b 0148 | 891c 3e0f | 850f 0000 

  0x00000225476a3e48: ;   {oop(nullptr)}
  0x00000225476a3e48: 0048 bb00 | 0000 0000 | 0000 00e9 | 4f01 0000 

  0x00000225476a3e58: ;   {metadata(method data for {method} {0x0000022500434fc0} 'defineClassSourceLocation' '(Ljava/security/ProtectionDomain;)Ljava/lang/String;' in 'java/lang/ClassLoader')}
  0x00000225476a3e58: 48be 8863 | 375c 2502 | 0000 4883 | 86c0 0100 | 0001 483b | 024c 8bc2 

  0x00000225476a3e70: ;   {metadata(method data for {method} {0x0000022500434fc0} 'defineClassSourceLocation' '(Ljava/security/ProtectionDomain;)Ljava/lang/String;' in 'java/lang/ClassLoader')}
  0x00000225476a3e70: 48be 8863 | 375c 2502 | 0000 4883 | 86f8 0100 

  0x00000225476a3e80: ;   {metadata(method data for {method} {0x000002250001abf0} 'toString' '()Ljava/lang/String;' in 'java/net/URL')}
  0x00000225476a3e80: 0001 49b8 | d84e 375c | 2502 0000 | 418b b0cc | 0000 0083 | c602 4189 | b0cc 0000 | 0081 e6fe 
  0x00000225476a3ea0: ff1f 0085 | f60f 8408 | 0200 004c 

  0x00000225476a3eac: ;   {metadata(method data for {method} {0x000002250001abf0} 'toString' '()Ljava/lang/String;' in 'java/net/URL')}
  0x00000225476a3eac: 8bc2 48be | d84e 375c | 2502 0000 | 4883 8610 | 0100 0001 

  0x00000225476a3ec0: ;   {metadata(method data for {method} {0x0000022500428b60} 'toExternalForm' '()Ljava/lang/String;' in 'java/net/URL')}
  0x00000225476a3ec0: 49b8 48e9 | 365c 2502 | 0000 418b | b0cc 0000 | 0083 c602 | 4189 b0cc | 0000 0081 | e6fe ff1f 
  0x00000225476a3ee0: 0085 f60f | 84eb 0100 | 008b 7238 

  0x00000225476a3eec: ; implicit exception: dispatches to 0x00000225476a40f5
  0x00000225476a3eec: 483b 064c 

  0x00000225476a3ef0: ;   {metadata(method data for {method} {0x0000022500428b60} 'toExternalForm' '()Ljava/lang/String;' in 'java/net/URL')}
  0x00000225476a3ef0: 8bc6 48bf | 48e9 365c | 2502 0000 | 458b 4008 | 49ba 0000 | 0000 2502 | 0000 4d03 | c24c 3b87 
  0x00000225476a3f10: 2001 0000 | 750d 4883 | 8728 0100 | 0001 e960 | 0000 004c | 3b87 3001 | 0000 750d | 4883 8738 
  0x00000225476a3f30: 0100 0001 | e94a 0000 | 0048 83bf | 2001 0000 | 0075 174c | 8987 2001 | 0000 48c7 | 8728 0100 
  0x00000225476a3f50: 0001 0000 | 00e9 2900 | 0000 4883 | bf30 0100 | 0000 7517 | 4c89 8730 | 0100 0048 | c787 3801 
  0x00000225476a3f70: 0000 0100 | 0000 e908 | 0000 0048 | 8387 1001 | 0000 014c | 8bc2 488b | d60f 1f40 | 0048 b8ff 
  0x00000225476a3f90: ffff ffff 

  0x00000225476a3f94: ;   {virtual_call}
  0x00000225476a3f94: ffff ffe8 

  0x00000225476a3f98: ; ImmutableOopMap {[120]=Oop [128]=Oop [136]=Oop [152]=Oop }
                      ;*invokevirtual toExternalForm {reexecute=0 rethrow=0 return_oop=0}
                      ; - java.net.URL::toExternalForm@5
                      ; - java.net.URL::toString@1
                      ; - java.lang.ClassLoader::defineClassSourceLocation@22
                      ; - java.lang.ClassLoader::defineClass@12
  0x00000225476a3f98: 7463 2e07 

  0x00000225476a3f9c: ;   {other}
  0x00000225476a3f9c: 0f1f 8400 | 0c05 0001 | 488b d848 | 8b84 2498 | 0000 008b | b424 9400 | 0000 8bbc | 2490 0000 
  0x00000225476a3fbc: 004c 8b8c | 2488 0000 | 004c 8b84 | 2480 0000 | 0048 8b54 

  0x00000225476a3fd0: ;   {metadata(method data for {method} {0x00000225004352d8} 'defineClass' '(Ljava/lang/String;[BIILjava/security/ProtectionDomain;)Ljava/lang/Class;' in 'java/lang/ClassLoader')}
  0x00000225476a3fd0: 2478 48b9 | 705c 375c | 2502 0000 | 4883 8180 | 0100 0001 | 4c8b da49 | 8bd3 488b | c848 891c 
  0x00000225476a3ff0: 2466 0f1f 

  0x00000225476a3ff4: ;   {static_call}
  0x00000225476a3ff4: 4400 00e8 

  0x00000225476a3ff8: ; ImmutableOopMap {[120]=Oop [152]=Oop }
                      ;*invokestatic defineClass1 {reexecute=0 rethrow=0 return_oop=0}
                      ; - java.lang.ClassLoader::defineClass@27
  0x00000225476a3ff8: e401 7f07 

  0x00000225476a3ffc: ;   {other}
  0x00000225476a3ffc: 0f1f 8400 | 6c05 0002 | 488b 5424 

  0x00000225476a4008: ;   {metadata(method data for {method} {0x00000225004352d8} 'defineClass' '(Ljava/lang/String;[BIILjava/security/ProtectionDomain;)Ljava/lang/Class;' in 'java/lang/ClassLoader')}
  0x00000225476a4008: 7849 b870 | 5c37 5c25 | 0200 0049 | 8380 9001 | 0000 014c | 8bc0 4c8b | 8c24 9800 | 0000 488b 
  0x00000225476a4028: 5424 7848 | 8984 24a0 | 0000 000f 

  0x00000225476a4034: ;   {optimized virtual_call}
  0x00000225476a4034: 1f40 00e8 

  0x00000225476a4038: ; ImmutableOopMap {[160]=Oop }
                      ;*invokevirtual postDefineClass {reexecute=0 rethrow=0 return_oop=0}
                      ; - java.lang.ClassLoader::defineClass@37
  0x00000225476a4038: e450 f8ff 

  0x00000225476a403c: ;   {other}
  0x00000225476a403c: 0f1f 8400 | ac05 0003 | 488b 8424 | a000 0000 | 4881 c4b0 | 0000 005d 

  0x00000225476a4054: ;   {poll_return}
  0x00000225476a4054: 493b a750 | 0400 000f | 8799 0000 

  0x00000225476a4060: ;   {metadata({method} {0x00000225004352d8} 'defineClass' '(Ljava/lang/String;[BIILjava/security/ProtectionDomain;)Ljava/lang/Class;' in 'java/lang/ClassLoader')}
  0x00000225476a4060: 00c3 49ba | d052 4300 | 2502 0000 | 4c89 5424 | 0848 c704 | 24ff ffff 

  0x00000225476a4078: ;   {runtime_call counter_overflow Runtime1 stub}
  0x00000225476a4078: ffe8 021c 

  0x00000225476a407c: ; ImmutableOopMap {rdx=Oop r8=Oop r9=Oop rcx=Oop [120]=Oop }
                      ;*synchronization entry
                      ; - java.lang.ClassLoader::defineClass@-1
  0x00000225476a407c: 2e07 e987 

  0x00000225476a4080: ;   {metadata({method} {0x0000022500434fc0} 'defineClassSourceLocation' '(Ljava/security/ProtectionDomain;)Ljava/lang/String;' in 'java/lang/ClassLoader')}
  0x00000225476a4080: fcff ff49 | bab8 4f43 | 0025 0200 | 004c 8954 | 2408 48c7 | 0424 ffff 

  0x00000225476a4098: ;   {runtime_call counter_overflow Runtime1 stub}
  0x00000225476a4098: ffff e8e1 

  0x00000225476a409c: ; ImmutableOopMap {rax=Oop [120]=Oop [128]=Oop [136]=Oop [152]=Oop }
                      ;*synchronization entry
                      ; - java.lang.ClassLoader::defineClassSourceLocation@-1
                      ; - java.lang.ClassLoader::defineClass@12
  0x00000225476a409c: 1b2e 07e9 | 00fd ffff 

  0x00000225476a40a4: ;   {runtime_call throw_null_pointer_exception Runtime1 stub}
  0x00000225476a40a4: e857 df24 

  0x00000225476a40a8: ; ImmutableOopMap {rax=Oop [120]=Oop [128]=Oop [136]=Oop [152]=Oop }
                      ;*invokevirtual getCodeSource {reexecute=0 rethrow=0 return_oop=0}
                      ; - java.lang.ClassLoader::defineClassSourceLocation@1
                      ; - java.lang.ClassLoader::defineClass@12
                      ;   {runtime_call throw_null_pointer_exception Runtime1 stub}
  0x00000225476a40a8: 07e8 52df 

  0x00000225476a40ac: ; ImmutableOopMap {rax=Oop r8=Oop [120]=Oop [128]=Oop [136]=Oop [152]=Oop }
                      ;*invokevirtual getLocation {reexecute=0 rethrow=0 return_oop=0}
                      ; - java.lang.ClassLoader::defineClassSourceLocation@12
                      ; - java.lang.ClassLoader::defineClass@12
                      ;   {runtime_call throw_null_pointer_exception Runtime1 stub}
  0x00000225476a40ac: 2407 e84d 

  0x00000225476a40b0: ; ImmutableOopMap {rdx=Oop [120]=Oop [128]=Oop [136]=Oop [152]=Oop }
                      ;*invokevirtual toString {reexecute=0 rethrow=0 return_oop=0}
                      ; - java.lang.ClassLoader::defineClassSourceLocation@22
                      ; - java.lang.ClassLoader::defineClass@12
                      ;   {metadata({method} {0x000002250001abf0} 'toString' '()Ljava/lang/String;' in 'java/net/URL')}
  0x00000225476a40b0: df24 0749 | bae8 ab01 | 0025 0200 | 004c 8954 | 2408 48c7 | 0424 ffff 

  0x00000225476a40c8: ;   {runtime_call counter_overflow Runtime1 stub}
  0x00000225476a40c8: ffff e8b1 

  0x00000225476a40cc: ; ImmutableOopMap {rdx=Oop [120]=Oop [128]=Oop [136]=Oop [152]=Oop }
                      ;*synchronization entry
                      ; - java.net.URL::toString@-1
                      ; - java.lang.ClassLoader::defineClassSourceLocation@22
                      ; - java.lang.ClassLoader::defineClass@12
  0x00000225476a40cc: 1b2e 07e9 | d7fd ffff 

  0x00000225476a40d4: ;   {metadata({method} {0x0000022500428b60} 'toExternalForm' '()Ljava/lang/String;' in 'java/net/URL')}
  0x00000225476a40d4: 49ba 588b | 4200 2502 | 0000 4c89 | 5424 0848 | c704 24ff 

  0x00000225476a40e8: ;   {runtime_call counter_overflow Runtime1 stub}
  0x00000225476a40e8: ffff ffe8 

  0x00000225476a40ec: ; ImmutableOopMap {rdx=Oop [120]=Oop [128]=Oop [136]=Oop [152]=Oop }
                      ;*synchronization entry
                      ; - java.net.URL::toExternalForm@-1
                      ; - java.net.URL::toString@1
                      ; - java.lang.ClassLoader::defineClassSourceLocation@22
                      ; - java.lang.ClassLoader::defineClass@12
  0x00000225476a40ec: 901b 2e07 | e9f4 fdff 

  0x00000225476a40f4: ;   {runtime_call throw_null_pointer_exception Runtime1 stub}
  0x00000225476a40f4: ffe8 06df 

  0x00000225476a40f8: ; ImmutableOopMap {rdx=Oop rsi=Oop [120]=Oop [128]=Oop [136]=Oop [152]=Oop }
                      ;*invokevirtual toExternalForm {reexecute=0 rethrow=0 return_oop=0}
                      ; - java.net.URL::toExternalForm@5
                      ; - java.net.URL::toString@1
                      ; - java.lang.ClassLoader::defineClassSourceLocation@22
                      ; - java.lang.ClassLoader::defineClass@12
                      ;   {internal_word}
  0x00000225476a40f8: 2407 49ba | 5440 6a47 | 2502 0000 | 4d89 9768 

  0x00000225476a4108: ;   {runtime_call SafepointBlob}
  0x00000225476a4108: 0400 00e9 | f009 2307 | 498b 8700 | 0500 0049 | c787 0005 | 0000 0000 | 0000 49c7 | 8708 0500 
  0x00000225476a4128: 0000 0000 | 0048 81c4 | b000 0000 

  0x00000225476a4134: ;   {runtime_call unwind_exception Runtime1 stub}
  0x00000225476a4134: 5de9 c6ed | 2407 f4f4 | f4f4 f4f4 
[Stub Code]
  0x00000225476a4140: ;   {no_reloc}
  0x00000225476a4140: 0f1f 4400 

  0x00000225476a4144: ;   {static_stub}
  0x00000225476a4144: 0048 bb00 | 0000 0000 

  0x00000225476a414c: ;   {runtime_call nmethod}
  0x00000225476a414c: 0000 00e9 | fbff ffff 

  0x00000225476a4154: ;   {static_stub}
  0x00000225476a4154: 48bb 0000 | 0000 0000 

  0x00000225476a415c: ;   {runtime_call nmethod}
  0x00000225476a415c: 0000 e9fb 

  0x00000225476a4160: ;   {static_stub}
  0x00000225476a4160: ffff ff48 | bb00 0000 | 0000 0000 

  0x00000225476a416c: ;   {runtime_call nmethod}
  0x00000225476a416c: 00e9 fbff 

  0x00000225476a4170: ;   {static_stub}
  0x00000225476a4170: ffff 48bb | 0000 0000 | 0000 0000 

  0x00000225476a417c: ;   {runtime_call nmethod}
  0x00000225476a417c: e9fb ffff 

  0x00000225476a4180: ;   {runtime_call handle_exception_from_callee Runtime1 stub}
  0x00000225476a4180: ffe8 7ac0 

  0x00000225476a4184: ;   {external_word}
  0x00000225476a4184: 2407 48b9 | 4053 7aaf | fd7f 0000 | 4883 e4f0 

  0x00000225476a4194: ;   {runtime_call}
  0x00000225476a4194: 48b8 b0c3 | 3caf fd7f | 0000 ffd0 

  0x00000225476a41a0: ;   {section_word}
  0x00000225476a41a0: f449 baa1 | 416a 4725 | 0200 0041 

  0x00000225476a41ac: ;   {runtime_call DeoptimizationBlob}
  0x00000225476a41ac: 52e9 eefb | 2207 f4f4 | f4f4 f4f4 
[/MachCode]


Compiled method (c1) 29459 2806   !   3       org.eclipse.osgi.internal.loader.classpath.ClasspathManager::defineClass (636 bytes)
 total in heap  [0x00000225478a8210,0x00000225478ad0c8] = 20152
 relocation     [0x00000225478a8370,0x00000225478a87a8] = 1080
 main code      [0x00000225478a87c0,0x00000225478ab998] = 12760
 stub code      [0x00000225478ab998,0x00000225478abbf0] = 600
 oops           [0x00000225478abbf0,0x00000225478abbf8] = 8
 metadata       [0x00000225478abbf8,0x00000225478abc48] = 80
 scopes data    [0x00000225478abc48,0x00000225478ac4e8] = 2208
 scopes pcs     [0x00000225478ac4e8,0x00000225478acab8] = 1488
 dependencies   [0x00000225478acab8,0x00000225478acad0] = 24
 handler table  [0x00000225478acad0,0x00000225478acfc8] = 1272
 nul chk table  [0x00000225478acfc8,0x00000225478ad0c8] = 256

[Constant Pool (empty)]

[MachCode]
[Entry Point]
  # {method} {0x000002255c68dfb0} 'defineClass' '(Ljava/lang/String;[BLorg/eclipse/osgi/internal/loader/classpath/ClasspathEntry;Lorg/eclipse/osgi/storage/bundlefile/BundleEntry;Ljava/util/List;)Ljava/lang/Class;' in 'org/eclipse/osgi/internal/loader/classpath/ClasspathManager'
  # this:     rdx:rdx   = 'org/eclipse/osgi/internal/loader/classpath/ClasspathManager'
  # parm0:    r8:r8     = 'java/lang/String'
  # parm1:    r9:r9     = '[B'
  # parm2:    rdi:rdi   = 'org/eclipse/osgi/internal/loader/classpath/ClasspathEntry'
  # parm3:    rsi:rsi   = 'org/eclipse/osgi/storage/bundlefile/BundleEntry'
  # parm4:    rcx:rcx   = 'java/util/List'
  #           [sp+0x180]  (sp of caller)
  0x00000225478a87c0: 448b 5208 | 49bb 0000 | 0000 2502 | 0000 4d03 | d34c 3bd0 

  0x00000225478a87d4: ;   {runtime_call ic_miss_stub}
  0x00000225478a87d4: 0f85 a65c | 0207 660f | 1f44 0000 
[Verified Entry Point]
  0x00000225478a87e0: 8984 2400 | 80ff ff55 | 4881 ec70 | 0100 0090 | 4181 7f20 | 0100 0000 

  0x00000225478a87f8: ;   {runtime_call StubRoutines (final stubs)}
  0x00000225478a87f8: 7405 e8e1 | 0101 0748 | 8954 2478 | 4c89 8424 | 8800 0000 | 4c89 8c24 | 8000 0000 | 4889 bc24 
  0x00000225478a8818: a000 0000 | 4889 b424 | 9800 0000 | 4889 8c24 | 9000 0000 

  0x00000225478a882c: ;   {metadata(method data for {method} {0x000002255c68dfb0} 'defineClass' '(Ljava/lang/String;[BLorg/eclipse/osgi/internal/loader/classpath/ClasspathEntry;Lorg/eclipse/osgi/storage/bundlefile/BundleEntry;Ljava/util/List;)Ljava/lang/Class;' in 'org/eclipse/osgi/internal/loader/classpath/ClasspathManager')}
  0x00000225478a882c: 48bb 0000 | c65c 2502 | 0000 8b83 | cc00 0000 | 83c0 0289 | 83cc 0000 | 0025 fe07 | 0000 85c0 
  0x00000225478a884c: 0f84 8c28 | 0000 488b 

  0x00000225478a8854: ;   {metadata(method data for {method} {0x000002255c68dfb0} 'defineClass' '(Ljava/lang/String;[BLorg/eclipse/osgi/internal/loader/classpath/ClasspathEntry;Lorg/eclipse/osgi/storage/bundlefile/BundleEntry;Ljava/util/List;)Ljava/lang/Class;' in 'org/eclipse/osgi/internal/loader/classpath/ClasspathManager')}
  0x00000225478a8854: da48 b800 | 00c6 5c25 | 0200 0048 | 8380 1001 | 0000 0149 | 8bd8 4c8b | c34c 8bcf | 4c8b da49 
  0x00000225478a8874: ;   {optimized virtual_call}
  0x00000225478a8874: 8bd3 90e8 

  0x00000225478a8878: ; ImmutableOopMap {[120]=Oop [128]=Oop [136]=Oop [144]=Oop [152]=Oop [160]=Oop }
                      ;*invokespecial definePackage {reexecute=0 rethrow=0 return_oop=0}
                      ; - org.eclipse.osgi.internal.loader.classpath.ClasspathManager::defineClass@9 (line 733)
  0x00000225478a8878: 2e33 0000 

  0x00000225478a887c: ;   {other}
  0x00000225478a887c: 0f1f 8400 | 6c06 0000 | 488b 5424 | 788b 7228 

  0x00000225478a888c: ; implicit exception: dispatches to 0x00000225478ab0ff
  0x00000225478a888c: 483b 0648 

  0x00000225478a8890: ;   {metadata(method data for {method} {0x000002255c68dfb0} 'defineClass' '(Ljava/lang/String;[BLorg/eclipse/osgi/internal/loader/classpath/ClasspathEntry;Lorg/eclipse/osgi/storage/bundlefile/BundleEntry;Ljava/util/List;)Ljava/lang/Class;' in 'org/eclipse/osgi/internal/loader/classpath/ClasspathManager')}
  0x00000225478a8890: 8bfe 48bb | 0000 c65c | 2502 0000 | 8b7f 0849 | ba00 0000 | 0025 0200 | 0049 03fa | 483b bb30 
  0x00000225478a88b0: 0100 0075 | 0d48 8383 | 3801 0000 | 01e9 6000 | 0000 483b | bb40 0100 | 0075 0d48 | 8383 4801 
  0x00000225478a88d0: 0000 01e9 | 4a00 0000 | 4883 bb30 | 0100 0000 | 7517 4889 | bb30 0100 | 0048 c783 | 3801 0000 
  0x00000225478a88f0: 0100 0000 | e929 0000 | 0048 83bb | 4001 0000 | 0075 1748 | 89bb 4001 | 0000 48c7 | 8348 0100 
  0x00000225478a8910: 0001 0000 | 00e9 0800 | 0000 4883 | 8320 0100 | 0001 488b | d648 b858 | 0912 0025 

  0x00000225478a892c: ;   {virtual_call}
  0x00000225478a892c: 0200 00e8 

  0x00000225478a8930: ; ImmutableOopMap {[120]=Oop [128]=Oop [136]=Oop [144]=Oop [152]=Oop [160]=Oop }
                      ;*invokevirtual get {reexecute=0 rethrow=0 return_oop=0}
                      ; - org.eclipse.osgi.internal.loader.classpath.ClasspathManager::defineClass@16 (line 734)
  0x00000225478a8930: 0c7d e2ff 

  0x00000225478a8934: ;   {other}
  0x00000225478a8934: 0f1f 8400 | 2407 0001 | 4885 c075 

  0x00000225478a8940: ;   {metadata(method data for {method} {0x000002255c68dfb0} 'defineClass' '(Ljava/lang/String;[BLorg/eclipse/osgi/internal/loader/classpath/ClasspathEntry;Lorg/eclipse/osgi/storage/bundlefile/BundleEntry;Ljava/util/List;)Ljava/lang/Class;' in 'org/eclipse/osgi/internal/loader/classpath/ClasspathManager')}
  0x00000225478a8940: 1648 bf00 | 00c6 5c25 | 0200 0080 | 8f51 0100 | 0001 e9cc 

  0x00000225478a8954: ;   {metadata('org/eclipse/osgi/internal/loader/classpath/ClasspathManager$DefineContext')}
  0x00000225478a8954: 0000 0048 | baf8 2f12 | 0125 0200 | 008b 7008 | 49ba 0000 | 0000 2502 | 0000 4903 | f248 3bd6 
  0x00000225478a8974: 0f85 8d00 

  0x00000225478a8978: ;   {metadata(method data for {method} {0x000002255c68dfb0} 'defineClass' '(Ljava/lang/String;[BLorg/eclipse/osgi/internal/loader/classpath/ClasspathEntry;Lorg/eclipse/osgi/storage/bundlefile/BundleEntry;Ljava/util/List;)Ljava/lang/Class;' in 'org/eclipse/osgi/internal/loader/classpath/ClasspathManager')}
  0x00000225478a8978: 0000 48bf | 0000 c65c | 2502 0000 | 8b50 0849 | ba00 0000 | 0025 0200 | 0049 03d2 | 483b 9768 
  0x00000225478a8998: 0100 0075 | 0d48 8387 | 7001 0000 | 01e9 7900 | 0000 483b | 9778 0100 | 0075 0d48 | 8387 8001 
  0x00000225478a89b8: 0000 01e9 | 6300 0000 | 4883 bf68 | 0100 0000 | 7517 4889 | 9768 0100 | 0048 c787 | 7001 0000 
  0x00000225478a89d8: 0100 0000 | e942 0000 | 0048 83bf | 7801 0000 | 0075 1748 | 8997 7801 | 0000 48c7 | 8780 0100 
  0x00000225478a89f8: 0001 0000 | 00e9 2100 | 0000 e91c 

  0x00000225478a8a04: ;   {metadata(method data for {method} {0x000002255c68dfb0} 'defineClass' '(Ljava/lang/String;[BLorg/eclipse/osgi/internal/loader/classpath/ClasspathEntry;Lorg/eclipse/osgi/storage/bundlefile/BundleEntry;Ljava/util/List;)Ljava/lang/Class;' in 'org/eclipse/osgi/internal/loader/classpath/ClasspathManager')}
  0x00000225478a8a04: 0000 0048 | bf00 00c6 | 5c25 0200 | 0048 83af | 5801 0000 | 01e9 e626 | 0000 e900 | 0000 0048 
  0x00000225478a8a24: 8bd0 4885 

  0x00000225478a8a28: ;   {metadata(method data for {method} {0x000002255c68dfb0} 'defineClass' '(Ljava/lang/String;[BLorg/eclipse/osgi/internal/loader/classpath/ClasspathEntry;Lorg/eclipse/osgi/storage/bundlefile/BundleEntry;Ljava/util/List;)Ljava/lang/Class;' in 'org/eclipse/osgi/internal/loader/classpath/ClasspathManager')}
  0x00000225478a8a28: d248 be00 | 00c6 5c25 | 0200 0048 | c7c7 9001 | 0000 7507 | 48c7 c7a0 | 0100 0048 | 8b04 3e48 
  0x00000225478a8a48: 8d40 0148 | 8904 3e0f | 85ff 0200 

  0x00000225478a8a54: ;   {metadata('org/eclipse/osgi/internal/loader/classpath/ClasspathManager$DefineContext')}
  0x00000225478a8a54: 0048 baf8 | 2f12 0125 | 0200 0049 | 8b87 b801 | 0000 488d | 7818 493b | bfc8 0100 | 000f 8796 
  0x00000225478a8a74: 2600 0049 | 89bf b801 | 0000 48c7 | 0001 0000 | 0048 8bca | 49ba 0000 | 0000 2502 | 0000 492b 
  0x00000225478a8a94: ca89 4808 | 4833 c989 | 480c 4833 | c948 8948 | 1048 8984 | 24b0 0000 | 0048 8bd0 

  0x00000225478a8ab0: ;   {metadata(method data for {method} {0x000002255c68dfb0} 'defineClass' '(Ljava/lang/String;[BLorg/eclipse/osgi/internal/loader/classpath/ClasspathEntry;Lorg/eclipse/osgi/storage/bundlefile/BundleEntry;Ljava/util/List;)Ljava/lang/Class;' in 'org/eclipse/osgi/internal/loader/classpath/ClasspathManager')}
  0x00000225478a8ab0: 48be 0000 | c65c 2502 | 0000 4883 | 86b0 0100 

  0x00000225478a8ac0: ;   {metadata(method data for {method} {0x000002255c7889b8} '<init>' '()V' in 'org/eclipse/osgi/internal/loader/classpath/ClasspathManager$DefineContext')}
  0x00000225478a8ac0: 0001 48ba | f876 c35c | 2502 0000 | 8bb2 cc00 | 0000 83c6 | 0289 b2cc | 0000 0081 | e6fe ff1f 
  0x00000225478a8ae0: 0085 f60f | 8431 2600 | 0048 8bd0 

  0x00000225478a8aec: ;   {metadata(method data for {method} {0x000002255c7889b8} '<init>' '()V' in 'org/eclipse/osgi/internal/loader/classpath/ClasspathManager$DefineContext')}
  0x00000225478a8aec: 48be f876 | c35c 2502 | 0000 4883 | 8610 0100 

  0x00000225478a8afc: ;   {metadata(method data for {method} {0x0000022500474dc0} '<init>' '()V' in 'java/lang/Object')}
  0x00000225478a8afc: 0001 48ba | 9067 005c | 2502 0000 | 8bb2 cc00 | 0000 83c6 | 0289 b2cc | 0000 0081 | e6fe ff1f 
  0x00000225478a8b1c: 0085 f60f | 8416 2600 

  0x00000225478a8b24: ;   {metadata('java/util/ArrayList')}
  0x00000225478a8b24: 0048 bad0 | 890b 0025 | 0200 0049 | 8b87 b801 | 0000 488d | 7818 493b | bfc8 0100 | 000f 8715 
  0x00000225478a8b44: 2600 0049 | 89bf b801 | 0000 48c7 | 0001 0000 | 0048 8bca | 49ba 0000 | 0000 2502 | 0000 492b 
  0x00000225478a8b64: ca89 4808 | 4833 c989 | 480c 4833 | c948 8948 | 104c 8bc0 

  0x00000225478a8b78: ;   {metadata(method data for {method} {0x000002255c7889b8} '<init>' '()V' in 'org/eclipse/osgi/internal/loader/classpath/ClasspathManager$DefineContext')}
  0x00000225478a8b78: 48ba f876 | c35c 2502 | 0000 4883 | 8220 0100 | 0001 41b8 | 0500 0000 | 488b d048 | 8984 24a8 
  0x00000225478a8b98: 0000 000f 

  0x00000225478a8b9c: ;   {optimized virtual_call}
  0x00000225478a8b9c: 1f40 00e8 

  0x00000225478a8ba0: ; ImmutableOopMap {[120]=Oop [128]=Oop [136]=Oop [144]=Oop [152]=Oop [160]=Oop [168]=Oop [176]=Oop }
                      ;*invokespecial <init> {reexecute=0 rethrow=0 return_oop=0}
                      ; - org.eclipse.osgi.internal.loader.classpath.ClasspathManager$DefineContext::<init>@10 (line 705)
                      ; - org.eclipse.osgi.internal.loader.classpath.ClasspathManager::defineClass@33 (line 736)
  0x00000225478a8ba0: 1c81 6b07 

  0x00000225478a8ba4: ;   {other}
  0x00000225478a8ba4: 0f1f 8400 | 9409 0002 | 488b 9424 | a800 0000 | 488b 8424 | b000 0000 | 4c8b d244 | 8950 0c48 
  0x00000225478a8bc4: 8d10 48c1 | ea09 48bb | 0000 7143 | 2502 0000 | c604 1a00 

  0x00000225478a8bd8: ;   {metadata('java/util/ArrayList')}
  0x00000225478a8bd8: 48ba d089 | 0b00 2502 | 0000 498b | 87b8 0100 | 0048 8d78 | 1849 3bbf | c801 0000 | 0f87 6f25 
  0x00000225478a8bf8: 0000 4989 | bfb8 0100 | 0048 c700 | 0100 0000 | 488b ca49 | ba00 0000 | 0025 0200 | 0049 2bca 
  0x00000225478a8c18: 8948 0848 | 33c9 8948 | 0c48 33c9 | 4889 4810 

  0x00000225478a8c28: ;   {metadata(method data for {method} {0x000002255c7889b8} '<init>' '()V' in 'org/eclipse/osgi/internal/loader/classpath/ClasspathManager$DefineContext')}
  0x00000225478a8c28: 4c8b c048 | baf8 76c3 | 5c25 0200 | 0048 8382 | 3001 0000 | 0141 b805 | 0000 0048 | 8bd0 4889 
  0x00000225478a8c48: 9c24 c000 | 0000 4889 | 8424 b800 

  0x00000225478a8c54: ;   {optimized virtual_call}
  0x00000225478a8c54: 0000 90e8 

  0x00000225478a8c58: ; ImmutableOopMap {[120]=Oop [128]=Oop [136]=Oop [144]=Oop [152]=Oop [160]=Oop [176]=Oop [184]=Oop }
                      ;*invokespecial <init> {reexecute=0 rethrow=0 return_oop=0}
                      ; - org.eclipse.osgi.internal.loader.classpath.ClasspathManager$DefineContext::<init>@22 (line 706)
                      ; - org.eclipse.osgi.internal.loader.classpath.ClasspathManager::defineClass@33 (line 736)
  0x00000225478a8c58: 6480 6b07 

  0x00000225478a8c5c: ;   {other}
  0x00000225478a8c5c: 0f1f 8400 | 4c0a 0003 | 4c8b 8424 | b800 0000 | 488b 8424 | b000 0000 | 4d8b d044 | 8950 104c 
  0x00000225478a8c7c: 8d00 49c1 | e809 488b | 9c24 c000 | 0000 41c6 | 0418 0048 | 8b54 2478 | 8b72 2848 | 3b06 4c8b 
  0x00000225478a8c9c: ;   {metadata(method data for {method} {0x000002255c68dfb0} 'defineClass' '(Ljava/lang/String;[BLorg/eclipse/osgi/internal/loader/classpath/ClasspathEntry;Lorg/eclipse/osgi/storage/bundlefile/BundleEntry;Ljava/util/List;)Ljava/lang/Class;' in 'org/eclipse/osgi/internal/loader/classpath/ClasspathManager')}
  0x00000225478a8c9c: c648 bf00 | 00c6 5c25 | 0200 0045 | 8b40 0849 | ba00 0000 | 0025 0200 | 004d 03c2 | 4c3b 87d0 
  0x00000225478a8cbc: 0100 0075 | 0d48 8387 | d801 0000 | 01e9 6000 | 0000 4c3b | 87e0 0100 | 0075 0d48 | 8387 e801 
  0x00000225478a8cdc: 0000 01e9 | 4a00 0000 | 4883 bfd0 | 0100 0000 | 7517 4c89 | 87d0 0100 | 0048 c787 | d801 0000 
  0x00000225478a8cfc: 0100 0000 | e929 0000 | 0048 83bf | e001 0000 | 0075 174c | 8987 e001 | 0000 48c7 | 87e8 0100 
  0x00000225478a8d1c: 0001 0000 | 00e9 0800 | 0000 4883 | 87c0 0100 | 0001 4c8b | c048 8bd6 | 9048 b858 | 0912 0025 
  0x00000225478a8d3c: ;   {virtual_call}
  0x00000225478a8d3c: 0200 00e8 

  0x00000225478a8d40: ; ImmutableOopMap {[120]=Oop [128]=Oop [136]=Oop [144]=Oop [152]=Oop [160]=Oop [176]=Oop }
                      ;*invokevirtual set {reexecute=0 rethrow=0 return_oop=0}
                      ; - org.eclipse.osgi.internal.loader.classpath.ClasspathManager::defineClass@44 (line 737)
  0x00000225478a8d40: 1c81 f2ff 

  0x00000225478a8d44: ;   {other}
  0x00000225478a8d44: 0f1f 8400 | 340b 0004 | 488b 9424 | b000 0000 | 488b 7424 | 7844 8b46 | 1449 3b00 

  0x00000225478a8d60: ;   {metadata(method data for {method} {0x000002255c68dfb0} 'defineClass' '(Ljava/lang/String;[BLorg/eclipse/osgi/internal/loader/classpath/ClasspathEntry;Lorg/eclipse/osgi/storage/bundlefile/BundleEntry;Ljava/util/List;)Ljava/lang/Class;' in 'org/eclipse/osgi/internal/loader/classpath/ClasspathManager')}
  0x00000225478a8d60: 498b f848 | bb00 00c6 | 5c25 0200 | 0048 8383 | f801 0000 | 0145 8b40 | 1049 3b00 

  0x00000225478a8d7c: ;   {metadata(method data for {method} {0x000002255c68dfb0} 'defineClass' '(Ljava/lang/String;[BLorg/eclipse/osgi/internal/loader/classpath/ClasspathEntry;Lorg/eclipse/osgi/storage/bundlefile/BundleEntry;Ljava/util/List;)Ljava/lang/Class;' in 'org/eclipse/osgi/internal/loader/classpath/ClasspathManager')}
  0x00000225478a8d7c: 498b f848 | bb00 00c6 | 5c25 0200 

  0x00000225478a8d88: ;   {metadata('org/eclipse/osgi/internal/framework/EquinoxContainer')}
  0x00000225478a8d88: 0049 ba00 | b008 0125 | 0200 004c | 8993 4002 | 0000 4883 | 8348 0200 | 0001 450f | be40 0d41 
  0x00000225478a8da8: 83e0 0145 

  0x00000225478a8dac: ;   {metadata(method data for {method} {0x000002255c68dfb0} 'defineClass' '(Ljava/lang/String;[BLorg/eclipse/osgi/internal/loader/classpath/ClasspathEntry;Lorg/eclipse/osgi/storage/bundlefile/BundleEntry;Ljava/util/List;)Ljava/lang/Class;' in 'org/eclipse/osgi/internal/loader/classpath/ClasspathManager')}
  0x00000225478a8dac: 85c0 49b8 | 0000 c65c | 2502 0000 | 48c7 c778 | 0200 0074 | 0748 c7c7 | 6802 0000 | 498b 1c38 
  0x00000225478a8dcc: 488d 5b01 | 4989 1c38 | 0f84 1d00 | 0000 4c8b | 8c24 8000 | 0000 4c89 | 8c24 e800 | 0000 4889 
  0x00000225478a8dec: 9424 c800 | 0000 e9fd | 0700 008b | 7a0c 483b | 074c 8bc7 

  0x00000225478a8e00: ;   {metadata(method data for {method} {0x000002255c68dfb0} 'defineClass' '(Ljava/lang/String;[BLorg/eclipse/osgi/internal/loader/classpath/ClasspathEntry;Lorg/eclipse/osgi/storage/bundlefile/BundleEntry;Ljava/util/List;)Ljava/lang/Class;' in 'org/eclipse/osgi/internal/loader/classpath/ClasspathManager')}
  0x00000225478a8e00: 48bb 0000 | c65c 2502 | 0000 458b | 4008 49ba | 0000 0000 | 2502 0000 | 4d03 c24c | 3b83 9802 
  0x00000225478a8e20: 0000 750d | 4883 83a0 | 0200 0001 | e960 0000 | 004c 3b83 | a802 0000 | 750d 4883 | 83b0 0200 
  0x00000225478a8e40: 0001 e94a | 0000 0048 | 83bb 9802 | 0000 0075 | 174c 8983 | 9802 0000 | 48c7 83a0 | 0200 0001 
  0x00000225478a8e60: 0000 00e9 | 2900 0000 | 4883 bba8 | 0200 0000 | 7517 4c89 | 83a8 0200 | 0048 c783 | b002 0000 
  0x00000225478a8e80: 0100 0000 | e908 0000 | 0048 8383 | 8802 0000 | 014c 8b84 | 2488 0000 | 0048 8994 | 24c8 0000 
  0x00000225478a8ea0: 0048 8bd7 | 9048 b8ff | ffff ffff 

  0x00000225478a8eac: ;   {virtual_call}
  0x00000225478a8eac: ffff ffe8 

  0x00000225478a8eb0: ; ImmutableOopMap {[120]=Oop [128]=Oop [136]=Oop [144]=Oop [152]=Oop [160]=Oop [200]=Oop }
                      ;*invokeinterface contains {reexecute=0 rethrow=0 return_oop=0}
                      ; - org.eclipse.osgi.internal.loader.classpath.ClasspathManager::defineClass@66 (line 744)
  0x00000225478a8eb0: cc5b 0207 

  0x00000225478a8eb4: ;   {other}
  0x00000225478a8eb4: 0f1f 8400 | a40c 0005 

  0x00000225478a8ebc: ;   {metadata(method data for {method} {0x000002255c68dfb0} 'defineClass' '(Ljava/lang/String;[BLorg/eclipse/osgi/internal/loader/classpath/ClasspathEntry;Lorg/eclipse/osgi/storage/bundlefile/BundleEntry;Ljava/util/List;)Ljava/lang/Class;' in 'org/eclipse/osgi/internal/loader/classpath/ClasspathManager')}
  0x00000225478a8ebc: 85c0 49b8 | 0000 c65c | 2502 0000 | 48c7 c2d0 | 0200 0075 | 0748 c7c2 | c002 0000 | 498b 3410 
  0x00000225478a8edc: 488d 7601 | 4989 3410 | 0f85 5f1a | 0000 488b | 9424 c800 | 0000 8b72 | 0c48 3b06 

  0x00000225478a8ef8: ;   {metadata(method data for {method} {0x000002255c68dfb0} 'defineClass' '(Ljava/lang/String;[BLorg/eclipse/osgi/internal/loader/classpath/ClasspathEntry;Lorg/eclipse/osgi/storage/bundlefile/BundleEntry;Ljava/util/List;)Ljava/lang/Class;' in 'org/eclipse/osgi/internal/loader/classpath/ClasspathManager')}
  0x00000225478a8ef8: 4c8b c648 | bf00 00c6 | 5c25 0200 | 0045 8b40 | 0849 ba00 | 0000 0025 | 0200 004d | 03c2 4c3b 
  0x00000225478a8f18: 87b8 0400 | 0075 0d48 | 8387 c004 | 0000 01e9 | 6000 0000 | 4c3b 87c8 | 0400 0075 | 0d48 8387 
  0x00000225478a8f38: d004 0000 | 01e9 4a00 | 0000 4883 | bfb8 0400 | 0000 7517 | 4c89 87b8 | 0400 0048 | c787 c004 
  0x00000225478a8f58: 0000 0100 | 0000 e929 | 0000 0048 | 83bf c804 | 0000 0075 | 174c 8987 | c804 0000 | 48c7 87d0 
  0x00000225478a8f78: 0400 0001 | 0000 00e9 | 0800 0000 | 4883 87a8 | 0400 0001 | 4c8b 8424 | 8800 0000 | 4889 9424 
  0x00000225478a8f98: c800 0000 | 488b d666 | 0f1f 4400 | 0048 b8ff | ffff ffff 

  0x00000225478a8fac: ;   {virtual_call}
  0x00000225478a8fac: ffff ffe8 

  0x00000225478a8fb0: ; ImmutableOopMap {[120]=Oop [128]=Oop [136]=Oop [144]=Oop [152]=Oop [160]=Oop [200]=Oop }
                      ;*invokeinterface add {reexecute=0 rethrow=0 return_oop=0}
                      ; - org.eclipse.osgi.internal.loader.classpath.ClasspathManager::defineClass@161 (line 750)
  0x00000225478a8fb0: cc5a 0207 

  0x00000225478a8fb4: ;   {other}
  0x00000225478a8fb4: 0f1f 8400 | a40d 0006 | 488b 8c24 | 9000 0000 

  0x00000225478a8fc4: ; implicit exception: dispatches to 0x00000225478ab194
  0x00000225478a8fc4: 483b 0148 

  0x00000225478a8fc8: ;   {metadata(method data for {method} {0x000002255c68dfb0} 'defineClass' '(Ljava/lang/String;[BLorg/eclipse/osgi/internal/loader/classpath/ClasspathEntry;Lorg/eclipse/osgi/storage/bundlefile/BundleEntry;Ljava/util/List;)Ljava/lang/Class;' in 'org/eclipse/osgi/internal/loader/classpath/ClasspathManager')}
  0x00000225478a8fc8: 8bd1 48be | 0000 c65c | 2502 0000 | 8b52 0849 | ba00 0000 | 0025 0200 | 0049 03d2 | 483b 96f0 
  0x00000225478a8fe8: 0400 0075 | 0d48 8386 | f804 0000 | 01e9 6000 | 0000 483b | 9600 0500 | 0075 0d48 | 8386 0805 
  0x00000225478a9008: 0000 01e9 | 4a00 0000 | 4883 bef0 | 0400 0000 | 7517 4889 | 96f0 0400 | 0048 c786 | f804 0000 
  0x00000225478a9028: 0100 0000 | e929 0000 | 0048 83be | 0005 0000 | 0075 1748 | 8996 0005 | 0000 48c7 | 8608 0500 
  0x00000225478a9048: 0001 0000 | 00e9 0800 | 0000 4883 | 86e0 0400 | 0001 488b | d148 b8ff | ffff ffff 

  0x00000225478a9064: ;   {virtual_call}
  0x00000225478a9064: ffff ffe8 

  0x00000225478a9068: ; ImmutableOopMap {[120]=Oop [128]=Oop [136]=Oop [144]=Oop [152]=Oop [160]=Oop [200]=Oop }
                      ;*invokeinterface iterator {reexecute=0 rethrow=0 return_oop=0}
                      ; - org.eclipse.osgi.internal.loader.classpath.ClasspathManager::defineClass@169 (line 753)
  0x00000225478a9068: 145a 0207 

  0x00000225478a906c: ;   {other}
  0x00000225478a906c: 0f1f 8400 | 5c0e 0007 | 4889 8424 | d000 0000 

  0x00000225478a907c: ;   {metadata(method data for {method} {0x000002255c68dfb0} 'defineClass' '(Ljava/lang/String;[BLorg/eclipse/osgi/internal/loader/classpath/ClasspathEntry;Lorg/eclipse/osgi/storage/bundlefile/BundleEntry;Ljava/util/List;)Ljava/lang/Class;' in 'org/eclipse/osgi/internal/loader/classpath/ClasspathManager')}
  0x00000225478a907c: 48ba 0000 | c65c 2502 | 0000 ff82 | 1805 0000 | 4c8b 8c24 | 8000 0000 | 4c89 8c24 | d800 0000 
  0x00000225478a909c: e926 0300 | 000f 1f80 | 0000 0000 | 488b 8424 | d000 0000 

  0x00000225478a90b0: ;   {metadata(method data for {method} {0x000002255c68dfb0} 'defineClass' '(Ljava/lang/String;[BLorg/eclipse/osgi/internal/loader/classpath/ClasspathEntry;Lorg/eclipse/osgi/storage/bundlefile/BundleEntry;Ljava/util/List;)Ljava/lang/Class;' in 'org/eclipse/osgi/internal/loader/classpath/ClasspathManager')}
  0x00000225478a90b0: 48ba 0000 | c65c 2502 | 0000 8b40 | 0849 ba00 | 0000 0025 | 0200 0049 | 03c2 483b | 8240 0500 
  0x00000225478a90d0: 0075 0d48 | 8382 4805 | 0000 01e9 | 6000 0000 | 483b 8250 | 0500 0075 | 0d48 8382 | 5805 0000 
  0x00000225478a90f0: 01e9 4a00 | 0000 4883 | ba40 0500 | 0000 7517 | 4889 8240 | 0500 0048 | c782 4805 | 0000 0100 
  0x00000225478a9110: 0000 e929 | 0000 0048 | 83ba 5005 | 0000 0075 | 1748 8982 | 5005 0000 | 48c7 8258 | 0500 0001 
  0x00000225478a9130: 0000 00e9 | 0800 0000 | 4883 8230 | 0500 0001 | 488b 9424 | d000 0000 | 0f1f 4400 | 0048 b8ff 
  0x00000225478a9150: ffff ffff 

  0x00000225478a9154: ;   {virtual_call}
  0x00000225478a9154: ffff ffe8 

  0x00000225478a9158: ; ImmutableOopMap {[120]=Oop [136]=Oop [144]=Oop [152]=Oop [160]=Oop [200]=Oop [208]=Oop [216]=Oop }
                      ;*invokeinterface next {reexecute=0 rethrow=0 return_oop=0}
                      ; - org.eclipse.osgi.internal.loader.classpath.ClasspathManager::defineClass@181 (line 753)
  0x00000225478a9158: 2459 0207 

  0x00000225478a915c: ;   {other}
  0x00000225478a915c: 0f1f 8400 | 4c0f 0008 | 4885 c075 

  0x00000225478a9168: ;   {metadata(method data for {method} {0x000002255c68dfb0} 'defineClass' '(Ljava/lang/String;[BLorg/eclipse/osgi/internal/loader/classpath/ClasspathEntry;Lorg/eclipse/osgi/storage/bundlefile/BundleEntry;Ljava/util/List;)Ljava/lang/Class;' in 'org/eclipse/osgi/internal/loader/classpath/ClasspathManager')}
  0x00000225478a9168: 1648 bf00 | 00c6 5c25 | 0200 0080 | 8f61 0500 | 0001 e9cd 

  0x00000225478a917c: ;   {metadata('org/eclipse/osgi/internal/hookregistry/ClassLoaderHook')}
  0x00000225478a917c: 0000 0048 | bb78 eb08 | 0125 0200 | 008b 7808 | 49ba 0000 | 0000 2502 | 0000 4903 | fa48 3b5f 
  0x00000225478a919c: 380f 858d 

  0x00000225478a91a0: ;   {metadata(method data for {method} {0x000002255c68dfb0} 'defineClass' '(Ljava/lang/String;[BLorg/eclipse/osgi/internal/loader/classpath/ClasspathEntry;Lorg/eclipse/osgi/storage/bundlefile/BundleEntry;Ljava/util/List;)Ljava/lang/Class;' in 'org/eclipse/osgi/internal/loader/classpath/ClasspathManager')}
  0x00000225478a91a0: 0000 0048 | bf00 00c6 | 5c25 0200 | 008b 5808 | 49ba 0000 | 0000 2502 | 0000 4903 | da48 3b9f 
  0x00000225478a91c0: 7805 0000 | 750d 4883 | 8780 0500 | 0001 e979 | 0000 0048 | 3b9f 8805 | 0000 750d | 4883 8790 
  0x00000225478a91e0: 0500 0001 | e963 0000 | 0048 83bf | 7805 0000 | 0075 1748 | 899f 7805 | 0000 48c7 | 8780 0500 
  0x00000225478a9200: 0001 0000 | 00e9 4200 | 0000 4883 | bf88 0500 | 0000 7517 | 4889 9f88 | 0500 0048 | c787 9005 
  0x00000225478a9220: 0000 0100 | 0000 e921 | 0000 00e9 | 1c00 0000 

  0x00000225478a9230: ;   {metadata(method data for {method} {0x000002255c68dfb0} 'defineClass' '(Ljava/lang/String;[BLorg/eclipse/osgi/internal/loader/classpath/ClasspathEntry;Lorg/eclipse/osgi/storage/bundlefile/BundleEntry;Ljava/util/List;)Ljava/lang/Class;' in 'org/eclipse/osgi/internal/loader/classpath/ClasspathManager')}
  0x00000225478a9230: 48bf 0000 | c65c 2502 | 0000 4883 | af68 0500 | 0001 e952 | 1f00 00e9 | 0000 0000 | 488b f048 
  0x00000225478a9250: 3b06 488b 

  0x00000225478a9254: ;   {metadata(method data for {method} {0x000002255c68dfb0} 'defineClass' '(Ljava/lang/String;[BLorg/eclipse/osgi/internal/loader/classpath/ClasspathEntry;Lorg/eclipse/osgi/storage/bundlefile/BundleEntry;Ljava/util/List;)Ljava/lang/Class;' in 'org/eclipse/osgi/internal/loader/classpath/ClasspathManager')}
  0x00000225478a9254: d648 bf00 | 00c6 5c25 | 0200 008b | 5208 49ba | 0000 0000 | 2502 0000 | 4903 d248 | 3b97 b005 
  0x00000225478a9274: 0000 750d | 4883 87b8 | 0500 0001 | e960 0000 | 0048 3b97 | c005 0000 | 750d 4883 | 87c8 0500 
  0x00000225478a9294: 0001 e94a | 0000 0048 | 83bf b005 | 0000 0075 | 1748 8997 | b005 0000 | 48c7 87b8 | 0500 0001 
  0x00000225478a92b4: 0000 00e9 | 2900 0000 | 4883 bfc0 | 0500 0000 | 7517 4889 | 97c0 0500 | 0048 c787 | c805 0000 
  0x00000225478a92d4: 0100 0000 | e908 0000 | 0048 8387 | a005 0000 | 0148 8bd6 | 4889 b424 | e000 0000 | 0f1f 4400 
  0x00000225478a92f4: 0048 b8ff | ffff ffff 

  0x00000225478a92fc: ;   {virtual_call}
  0x00000225478a92fc: ffff ffe8 

  0x00000225478a9300: ; ImmutableOopMap {[120]=Oop [136]=Oop [144]=Oop [152]=Oop [160]=Oop [200]=Oop [208]=Oop [216]=Oop [224]=Oop }
                      ;*invokevirtual isProcessClassRecursionSupported {reexecute=0 rethrow=0 return_oop=0}
                      ; - org.eclipse.osgi.internal.loader.classpath.ClasspathManager::defineClass@193 (line 754)
  0x00000225478a9300: 7c57 0207 

  0x00000225478a9304: ;   {other}
  0x00000225478a9304: 0f1f 8400 | f410 0009 

  0x00000225478a930c: ;   {metadata(method data for {method} {0x000002255c68dfb0} 'defineClass' '(Ljava/lang/String;[BLorg/eclipse/osgi/internal/loader/classpath/ClasspathEntry;Lorg/eclipse/osgi/storage/bundlefile/BundleEntry;Ljava/util/List;)Ljava/lang/Class;' in 'org/eclipse/osgi/internal/loader/classpath/ClasspathManager')}
  0x00000225478a930c: 85c0 49b8 | 0000 c65c | 2502 0000 | 49c7 c1e8 | 0500 0074 | 0749 c7c1 | d805 0000 | 4b8b 3c08 
  0x00000225478a932c: 488d 7f01 | 4b89 3c08 | 0f84 0d00 | 0000 488b | 8424 d000 | 0000 e980 | 0000 0048 | 8bb4 24e0 
  0x00000225478a934c: 0000 0048 | 8b8c 2490 | 0000 0048 | 8b54 2478 

  0x00000225478a935c: ;   {metadata(method data for {method} {0x000002255c68dfb0} 'defineClass' '(Ljava/lang/String;[BLorg/eclipse/osgi/internal/loader/classpath/ClasspathEntry;Lorg/eclipse/osgi/storage/bundlefile/BundleEntry;Ljava/util/List;)Ljava/lang/Class;' in 'org/eclipse/osgi/internal/loader/classpath/ClasspathManager')}
  0x00000225478a935c: 4c8b c249 | b900 00c6 | 5c25 0200 | 0049 8381 | f805 0000 | 014c 8bc6 | 4c8b 8c24 | 8800 0000 
  0x00000225478a937c: 488b bc24 | d800 0000 | 488b b424 | a000 0000 | 488b d948 | 8b8c 2498 | 0000 0048 | 8914 2448 
  0x00000225478a939c: 895c 2408 | 488b c248 

  0x00000225478a93a4: ;   {optimized virtual_call}
  0x00000225478a93a4: 8bd0 90e8 

  0x00000225478a93a8: ; ImmutableOopMap {[120]=Oop [136]=Oop [144]=Oop [152]=Oop [160]=Oop [200]=Oop [208]=Oop [216]=Oop }
                      ;*invokespecial processClass {reexecute=0 rethrow=0 return_oop=0}
                      ; - org.eclipse.osgi.internal.loader.classpath.ClasspathManager::defineClass@210 (line 755)
  0x00000225478a93a8: d453 0207 

  0x00000225478a93ac: ;   {other}
  0x00000225478a93ac: 0f1f 8400 | 9c11 000a | 4c8b c84c | 898c 24d8 | 0000 0048 | 8b84 24d0 | 0000 0048 | 3b00 488b 
  0x00000225478a93cc: ;   {metadata(method data for {method} {0x000002255c68dfb0} 'defineClass' '(Ljava/lang/String;[BLorg/eclipse/osgi/internal/loader/classpath/ClasspathEntry;Lorg/eclipse/osgi/storage/bundlefile/BundleEntry;Ljava/util/List;)Ljava/lang/Class;' in 'org/eclipse/osgi/internal/loader/classpath/ClasspathManager')}
  0x00000225478a93cc: d849 bb00 | 00c6 5c25 | 0200 008b | 5b08 49ba | 0000 0000 | 2502 0000 | 4903 da49 | 3b9b 1806 
  0x00000225478a93ec: 0000 750d | 4983 8320 | 0600 0001 | e960 0000 | 0049 3b9b | 2806 0000 | 750d 4983 | 8330 0600 
  0x00000225478a940c: 0001 e94a | 0000 0049 | 83bb 1806 | 0000 0075 | 1749 899b | 1806 0000 | 49c7 8320 | 0600 0001 
  0x00000225478a942c: 0000 00e9 | 2900 0000 | 4983 bb28 | 0600 0000 | 7517 4989 | 9b28 0600 | 0049 c783 | 3006 0000 
  0x00000225478a944c: 0100 0000 | e908 0000 | 0049 8383 | 0806 0000 | 0148 8bd0 | 0f1f 4400 | 0048 b8ff | ffff ffff 
  0x00000225478a946c: ;   {virtual_call}
  0x00000225478a946c: ffff ffe8 

  0x00000225478a9470: ; ImmutableOopMap {[120]=Oop [136]=Oop [144]=Oop [152]=Oop [160]=Oop [200]=Oop [208]=Oop [216]=Oop }
                      ;*invokeinterface hasNext {reexecute=0 rethrow=0 return_oop=0}
                      ; - org.eclipse.osgi.internal.loader.classpath.ClasspathManager::defineClass@216 (line 753)
  0x00000225478a9470: 0c56 0207 

  0x00000225478a9474: ;   {other}
  0x00000225478a9474: 0f1f 8400 | 6412 000b | 85c0 ba02 | 0000 0075 | 05ba 0000 

  0x00000225478a9488: ;   {metadata(method data for {method} {0x000002255c68dfb0} 'defineClass' '(Ljava/lang/String;[BLorg/eclipse/osgi/internal/loader/classpath/ClasspathEntry;Lorg/eclipse/osgi/storage/bundlefile/BundleEntry;Ljava/util/List;)Ljava/lang/Class;' in 'org/eclipse/osgi/internal/loader/classpath/ClasspathManager')}
  0x00000225478a9488: 0000 48be | 0000 c65c | 2502 0000 | 8bbe d000 | 0000 03fa | 89be d000 | 0000 85d2 | 7505 bf02 
  0x00000225478a94a8: 0000 0081 | e7fe 3f00 | 0085 ff0f | 84f3 1c00 | 004d 8b97 

  0x00000225478a94bc: ; ImmutableOopMap {[120]=Oop [136]=Oop [144]=Oop [152]=Oop [160]=Oop [200]=Oop [208]=Oop [216]=Oop }
                      ;*ifne {reexecute=1 rethrow=0 return_oop=0}
                      ; - (reexecute) org.eclipse.osgi.internal.loader.classpath.ClasspathManager::defineClass@221 (line 753)
  0x00000225478a94bc: 5804 0000 

  0x00000225478a94c0: ;   {poll}
  0x00000225478a94c0: 4185 0285 

  0x00000225478a94c4: ;   {metadata(method data for {method} {0x000002255c68dfb0} 'defineClass' '(Ljava/lang/String;[BLorg/eclipse/osgi/internal/loader/classpath/ClasspathEntry;Lorg/eclipse/osgi/storage/bundlefile/BundleEntry;Ljava/util/List;)Ljava/lang/Class;' in 'org/eclipse/osgi/internal/loader/classpath/ClasspathManager')}
  0x00000225478a94c4: c048 ba00 | 00c6 5c25 | 0200 0048 | c7c6 4006 | 0000 7507 | 48c7 c650 | 0600 0048 | 8b3c 3248 
  0x00000225478a94e4: 8d7f 0148 | 893c 320f | 85b7 fbff | ff4c 8b8c | 24d8 0000 

  0x00000225478a94f8: ;   {metadata(method data for {method} {0x000002255c68dfb0} 'defineClass' '(Ljava/lang/String;[BLorg/eclipse/osgi/internal/loader/classpath/ClasspathEntry;Lorg/eclipse/osgi/storage/bundlefile/BundleEntry;Ljava/util/List;)Ljava/lang/Class;' in 'org/eclipse/osgi/internal/loader/classpath/ClasspathManager')}
  0x00000225478a94f8: 0049 b800 | 00c6 5c25 | 0200 0041 | ff80 6006 | 0000 4c89 | 8c24 d800 | 0000 488b | 9424 c800 
  0x00000225478a9518: 0000 8b72 | 0c48 3b06 

  0x00000225478a9520: ;   {metadata(method data for {method} {0x000002255c68dfb0} 'defineClass' '(Ljava/lang/String;[BLorg/eclipse/osgi/internal/loader/classpath/ClasspathEntry;Lorg/eclipse/osgi/storage/bundlefile/BundleEntry;Ljava/util/List;)Ljava/lang/Class;' in 'org/eclipse/osgi/internal/loader/classpath/ClasspathManager')}
  0x00000225478a9520: 4c8b c648 | bf00 00c6 | 5c25 0200 | 0045 8b40 | 0849 ba00 | 0000 0025 | 0200 004d | 03c2 4c3b 
  0x00000225478a9540: 87c0 0600 | 0075 0d48 | 8387 c806 | 0000 01e9 | 6000 0000 | 4c3b 87d0 | 0600 0075 | 0d48 8387 
  0x00000225478a9560: d806 0000 | 01e9 4a00 | 0000 4883 | bfc0 0600 | 0000 7517 | 4c89 87c0 | 0600 0048 | c787 c806 
  0x00000225478a9580: 0000 0100 | 0000 e929 | 0000 0048 | 83bf d006 | 0000 0075 | 174c 8987 | d006 0000 | 48c7 87d8 
  0x00000225478a95a0: 0600 0001 | 0000 00e9 | 0800 0000 | 4883 87b0 | 0600 0001 | 4c8b 8424 | 8800 0000 | 4889 9424 
  0x00000225478a95c0: c800 0000 | 488b d666 | 0f1f 4400 | 0048 b8ff | ffff ffff 

  0x00000225478a95d4: ;   {virtual_call}
  0x00000225478a95d4: ffff ffe8 

  0x00000225478a95d8: ; ImmutableOopMap {[120]=Oop [136]=Oop [144]=Oop [152]=Oop [160]=Oop [200]=Oop [216]=Oop }
                      ;*invokeinterface remove {reexecute=0 rethrow=0 return_oop=0}
                      ; - org.eclipse.osgi.internal.loader.classpath.ClasspathManager::defineClass@250 (line 759)
  0x00000225478a95d8: a454 0207 

  0x00000225478a95dc: ;   {other}
  0x00000225478a95dc: 0f1f 8400 | cc13 000d | 4c8b 8c24 | d800 0000 | 4c89 8c24 | e800 0000 | 488b 8c24 | 9000 0000 
  0x00000225478a95fc: ; implicit exception: dispatches to 0x00000225478ab1d2
  0x00000225478a95fc: 483b 0148 

  0x00000225478a9600: ;   {metadata(method data for {method} {0x000002255c68dfb0} 'defineClass' '(Ljava/lang/String;[BLorg/eclipse/osgi/internal/loader/classpath/ClasspathEntry;Lorg/eclipse/osgi/storage/bundlefile/BundleEntry;Ljava/util/List;)Ljava/lang/Class;' in 'org/eclipse/osgi/internal/loader/classpath/ClasspathManager')}
  0x00000225478a9600: 8bd1 48be | 0000 c65c | 2502 0000 | 8b52 0849 | ba00 0000 | 0025 0200 | 0049 03d2 | 483b 96f8 
  0x00000225478a9620: 0600 0075 | 0d48 8386 | 0007 0000 | 01e9 6000 | 0000 483b | 9608 0700 | 0075 0d48 | 8386 1007 
  0x00000225478a9640: 0000 01e9 | 4a00 0000 | 4883 bef8 | 0600 0000 | 7517 4889 | 96f8 0600 | 0048 c786 | 0007 0000 
  0x00000225478a9660: 0100 0000 | e929 0000 | 0048 83be | 0807 0000 | 0075 1748 | 8996 0807 | 0000 48c7 | 8610 0700 
  0x00000225478a9680: 0001 0000 | 00e9 0800 | 0000 4883 | 86e8 0600 | 0001 488b | d148 b890 | a31c 0025 

  0x00000225478a969c: ;   {virtual_call}
  0x00000225478a969c: 0200 00e8 

  0x00000225478a96a0: ; ImmutableOopMap {[120]=Oop [136]=Oop [144]=Oop [152]=Oop [160]=Oop [200]=Oop [232]=Oop }
                      ;*invokeinterface iterator {reexecute=0 rethrow=0 return_oop=0}
                      ; - org.eclipse.osgi.internal.loader.classpath.ClasspathManager::defineClass@258 (line 764)
  0x00000225478a96a0: fc7a 6107 

  0x00000225478a96a4: ;   {other}
  0x00000225478a96a4: 0f1f 8400 | 9414 000e | 4889 8424 | f000 0000 

  0x00000225478a96b4: ;   {metadata(method data for {method} {0x000002255c68dfb0} 'defineClass' '(Ljava/lang/String;[BLorg/eclipse/osgi/internal/loader/classpath/ClasspathEntry;Lorg/eclipse/osgi/storage/bundlefile/BundleEntry;Ljava/util/List;)Ljava/lang/Class;' in 'org/eclipse/osgi/internal/loader/classpath/ClasspathManager')}
  0x00000225478a96b4: 48ba 0000 | c65c 2502 | 0000 ff82 | 2007 0000 | 4c8b 8c24 | e800 0000 | 4c89 8c24 | f800 0000 
  0x00000225478a96d4: e926 0300 | 000f 1f80 | 0000 0000 | 488b 8424 | f000 0000 

  0x00000225478a96e8: ;   {metadata(method data for {method} {0x000002255c68dfb0} 'defineClass' '(Ljava/lang/String;[BLorg/eclipse/osgi/internal/loader/classpath/ClasspathEntry;Lorg/eclipse/osgi/storage/bundlefile/BundleEntry;Ljava/util/List;)Ljava/lang/Class;' in 'org/eclipse/osgi/internal/loader/classpath/ClasspathManager')}
  0x00000225478a96e8: 48ba 0000 | c65c 2502 | 0000 8b40 | 0849 ba00 | 0000 0025 | 0200 0049 | 03c2 483b | 8248 0700 
  0x00000225478a9708: 0075 0d48 | 8382 5007 | 0000 01e9 | 6000 0000 | 483b 8258 | 0700 0075 | 0d48 8382 | 6007 0000 
  0x00000225478a9728: 01e9 4a00 | 0000 4883 | ba48 0700 | 0000 7517 | 4889 8248 | 0700 0048 | c782 5007 | 0000 0100 
  0x00000225478a9748: 0000 e929 | 0000 0048 | 83ba 5807 | 0000 0075 | 1748 8982 | 5807 0000 | 48c7 8260 | 0700 0001 
  0x00000225478a9768: 0000 00e9 | 0800 0000 | 4883 8238 | 0700 0001 | 488b 9424 | f000 0000 | 0f1f 4400 | 0048 b8d8 
  0x00000225478a9788: 731d 0025 

  0x00000225478a978c: ;   {virtual_call}
  0x00000225478a978c: 0200 00e8 

  0x00000225478a9790: ; ImmutableOopMap {[120]=Oop [136]=Oop [144]=Oop [152]=Oop [160]=Oop [200]=Oop [240]=Oop [248]=Oop }
                      ;*invokeinterface next {reexecute=0 rethrow=0 return_oop=0}
                      ; - org.eclipse.osgi.internal.loader.classpath.ClasspathManager::defineClass@270 (line 764)
  0x00000225478a9790: 2c3d 6107 

  0x00000225478a9794: ;   {other}
  0x00000225478a9794: 0f1f 8400 | 8415 000f | 4885 c075 

  0x00000225478a97a0: ;   {metadata(method data for {method} {0x000002255c68dfb0} 'defineClass' '(Ljava/lang/String;[BLorg/eclipse/osgi/internal/loader/classpath/ClasspathEntry;Lorg/eclipse/osgi/storage/bundlefile/BundleEntry;Ljava/util/List;)Ljava/lang/Class;' in 'org/eclipse/osgi/internal/loader/classpath/ClasspathManager')}
  0x00000225478a97a0: 1648 bf00 | 00c6 5c25 | 0200 0080 | 8f69 0700 | 0001 e9cd 

  0x00000225478a97b4: ;   {metadata('org/eclipse/osgi/internal/hookregistry/ClassLoaderHook')}
  0x00000225478a97b4: 0000 0048 | bb78 eb08 | 0125 0200 | 008b 7808 | 49ba 0000 | 0000 2502 | 0000 4903 | fa48 3b5f 
  0x00000225478a97d4: 380f 858d 

  0x00000225478a97d8: ;   {metadata(method data for {method} {0x000002255c68dfb0} 'defineClass' '(Ljava/lang/String;[BLorg/eclipse/osgi/internal/loader/classpath/ClasspathEntry;Lorg/eclipse/osgi/storage/bundlefile/BundleEntry;Ljava/util/List;)Ljava/lang/Class;' in 'org/eclipse/osgi/internal/loader/classpath/ClasspathManager')}
  0x00000225478a97d8: 0000 0048 | bf00 00c6 | 5c25 0200 | 008b 5808 | 49ba 0000 | 0000 2502 | 0000 4903 | da48 3b9f 
  0x00000225478a97f8: 8007 0000 | 750d 4883 | 8788 0700 | 0001 e979 | 0000 0048 | 3b9f 9007 | 0000 750d | 4883 8798 
  0x00000225478a9818: 0700 0001 | e963 0000 | 0048 83bf | 8007 0000 | 0075 1748 | 899f 8007 | 0000 48c7 | 8788 0700 
  0x00000225478a9838: 0001 0000 | 00e9 4200 | 0000 4883 | bf90 0700 | 0000 7517 | 4889 9f90 | 0700 0048 | c787 9807 
  0x00000225478a9858: 0000 0100 | 0000 e921 | 0000 00e9 | 1c00 0000 

  0x00000225478a9868: ;   {metadata(method data for {method} {0x000002255c68dfb0} 'defineClass' '(Ljava/lang/String;[BLorg/eclipse/osgi/internal/loader/classpath/ClasspathEntry;Lorg/eclipse/osgi/storage/bundlefile/BundleEntry;Ljava/util/List;)Ljava/lang/Class;' in 'org/eclipse/osgi/internal/loader/classpath/ClasspathManager')}
  0x00000225478a9868: 48bf 0000 | c65c 2502 | 0000 4883 | af70 0700 | 0001 e958 | 1900 00e9 | 0000 0000 | 488b f048 
  0x00000225478a9888: 3b06 488b 

  0x00000225478a988c: ;   {metadata(method data for {method} {0x000002255c68dfb0} 'defineClass' '(Ljava/lang/String;[BLorg/eclipse/osgi/internal/loader/classpath/ClasspathEntry;Lorg/eclipse/osgi/storage/bundlefile/BundleEntry;Ljava/util/List;)Ljava/lang/Class;' in 'org/eclipse/osgi/internal/loader/classpath/ClasspathManager')}
  0x00000225478a988c: d648 bf00 | 00c6 5c25 | 0200 008b | 5208 49ba | 0000 0000 | 2502 0000 | 4903 d248 | 3b97 b807 
  0x00000225478a98ac: 0000 750d | 4883 87c0 | 0700 0001 | e960 0000 | 0048 3b97 | c807 0000 | 750d 4883 | 87d0 0700 
  0x00000225478a98cc: 0001 e94a | 0000 0048 | 83bf b807 | 0000 0075 | 1748 8997 | b807 0000 | 48c7 87c0 | 0700 0001 
  0x00000225478a98ec: 0000 00e9 | 2900 0000 | 4883 bfc8 | 0700 0000 | 7517 4889 | 97c8 0700 | 0048 c787 | d007 0000 
  0x00000225478a990c: 0100 0000 | e908 0000 | 0048 8387 | a807 0000 | 0148 8bd6 | 4889 b424 | 0001 0000 | 0f1f 4400 
  0x00000225478a992c: 0048 b830 | f008 0125 

  0x00000225478a9934: ;   {virtual_call}
  0x00000225478a9934: 0200 00e8 

  0x00000225478a9938: ; ImmutableOopMap {[120]=Oop [136]=Oop [144]=Oop [152]=Oop [160]=Oop [200]=Oop [240]=Oop [248]=Oop [256]=Oop }
                      ;*invokevirtual isProcessClassRecursionSupported {reexecute=0 rethrow=0 return_oop=0}
                      ; - org.eclipse.osgi.internal.loader.classpath.ClasspathManager::defineClass@282 (line 765)
  0x00000225478a9938: 2423 0207 

  0x00000225478a993c: ;   {other}
  0x00000225478a993c: 0f1f 8400 | 2c17 0010 

  0x00000225478a9944: ;   {metadata(method data for {method} {0x000002255c68dfb0} 'defineClass' '(Ljava/lang/String;[BLorg/eclipse/osgi/internal/loader/classpath/ClasspathEntry;Lorg/eclipse/osgi/storage/bundlefile/BundleEntry;Ljava/util/List;)Ljava/lang/Class;' in 'org/eclipse/osgi/internal/loader/classpath/ClasspathManager')}
  0x00000225478a9944: 85c0 49b8 | 0000 c65c | 2502 0000 | 49c7 c1f0 | 0700 0075 | 0749 c7c1 | e007 0000 | 4b8b 3c08 
  0x00000225478a9964: 488d 7f01 | 4b89 3c08 | 0f85 0d00 | 0000 488b | 8424 f000 | 0000 e980 | 0000 0048 | 8bb4 2400 
  0x00000225478a9984: 0100 0048 | 8b8c 2490 | 0000 0048 | 8b54 2478 

  0x00000225478a9994: ;   {metadata(method data for {method} {0x000002255c68dfb0} 'defineClass' '(Ljava/lang/String;[BLorg/eclipse/osgi/internal/loader/classpath/ClasspathEntry;Lorg/eclipse/osgi/storage/bundlefile/BundleEntry;Ljava/util/List;)Ljava/lang/Class;' in 'org/eclipse/osgi/internal/loader/classpath/ClasspathManager')}
  0x00000225478a9994: 4c8b c249 | b900 00c6 | 5c25 0200 | 0049 8381 | 0008 0000 | 014c 8bc6 | 4c8b 8c24 | 8800 0000 
  0x00000225478a99b4: 488b bc24 | f800 0000 | 488b b424 | a000 0000 | 488b d948 | 8b8c 2498 | 0000 0048 | 8914 2448 
  0x00000225478a99d4: 895c 2408 | 488b c248 

  0x00000225478a99dc: ;   {optimized virtual_call}
  0x00000225478a99dc: 8bd0 90e8 

  0x00000225478a99e0: ; ImmutableOopMap {[120]=Oop [136]=Oop [144]=Oop [152]=Oop [160]=Oop [200]=Oop [240]=Oop [248]=Oop }
                      ;*invokespecial processClass {reexecute=0 rethrow=0 return_oop=0}
                      ; - org.eclipse.osgi.internal.loader.classpath.ClasspathManager::defineClass@299 (line 769)
  0x00000225478a99e0: 5c8c f3ff 

  0x00000225478a99e4: ;   {other}
  0x00000225478a99e4: 0f1f 8400 | d417 0011 | 4c8b c84c | 898c 24f8 | 0000 0048 | 8b84 24f0 | 0000 0048 | 3b00 488b 
  0x00000225478a9a04: ;   {metadata(method data for {method} {0x000002255c68dfb0} 'defineClass' '(Ljava/lang/String;[BLorg/eclipse/osgi/internal/loader/classpath/ClasspathEntry;Lorg/eclipse/osgi/storage/bundlefile/BundleEntry;Ljava/util/List;)Ljava/lang/Class;' in 'org/eclipse/osgi/internal/loader/classpath/ClasspathManager')}
  0x00000225478a9a04: f048 bf00 | 00c6 5c25 | 0200 008b | 7608 49ba | 0000 0000 | 2502 0000 | 4903 f248 | 3bb7 2008 
  0x00000225478a9a24: 0000 750d | 4883 8728 | 0800 0001 | e960 0000 | 0048 3bb7 | 3008 0000 | 750d 4883 | 8738 0800 
  0x00000225478a9a44: 0001 e94a | 0000 0048 | 83bf 2008 | 0000 0075 | 1748 89b7 | 2008 0000 | 48c7 8728 | 0800 0001 
  0x00000225478a9a64: 0000 00e9 | 2900 0000 | 4883 bf30 | 0800 0000 | 7517 4889 | b730 0800 | 0048 c787 | 3808 0000 
  0x00000225478a9a84: 0100 0000 | e908 0000 | 0048 8387 | 1008 0000 | 0148 8bd0 | 0f1f 4400 | 0048 b8d8 | 731d 0025 
  0x00000225478a9aa4: ;   {virtual_call}
  0x00000225478a9aa4: 0200 00e8 

  0x00000225478a9aa8: ; ImmutableOopMap {[120]=Oop [136]=Oop [144]=Oop [152]=Oop [160]=Oop [200]=Oop [240]=Oop [248]=Oop }
                      ;*invokeinterface hasNext {reexecute=0 rethrow=0 return_oop=0}
                      ; - org.eclipse.osgi.internal.loader.classpath.ClasspathManager::defineClass@305 (line 764)
  0x00000225478a9aa8: f4bc 5a07 

  0x00000225478a9aac: ;   {other}
  0x00000225478a9aac: 0f1f 8400 | 9c18 0012 | 85c0 ba02 | 0000 0075 | 05ba 0000 

  0x00000225478a9ac0: ;   {metadata(method data for {method} {0x000002255c68dfb0} 'defineClass' '(Ljava/lang/String;[BLorg/eclipse/osgi/internal/loader/classpath/ClasspathEntry;Lorg/eclipse/osgi/storage/bundlefile/BundleEntry;Ljava/util/List;)Ljava/lang/Class;' in 'org/eclipse/osgi/internal/loader/classpath/ClasspathManager')}
  0x00000225478a9ac0: 0000 48be | 0000 c65c | 2502 0000 | 8bbe d000 | 0000 03fa | 89be d000 | 0000 85d2 | 7505 bf02 
  0x00000225478a9ae0: 0000 0081 | e7fe 3f00 | 0085 ff0f | 84f9 1600 | 004d 8b97 

  0x00000225478a9af4: ; ImmutableOopMap {[120]=Oop [136]=Oop [144]=Oop [152]=Oop [160]=Oop [200]=Oop [240]=Oop [248]=Oop }
                      ;*ifne {reexecute=1 rethrow=0 return_oop=0}
                      ; - (reexecute) org.eclipse.osgi.internal.loader.classpath.ClasspathManager::defineClass@310 (line 764)
  0x00000225478a9af4: 5804 0000 

  0x00000225478a9af8: ;   {poll}
  0x00000225478a9af8: 4185 0285 

  0x00000225478a9afc: ;   {metadata(method data for {method} {0x000002255c68dfb0} 'defineClass' '(Ljava/lang/String;[BLorg/eclipse/osgi/internal/loader/classpath/ClasspathEntry;Lorg/eclipse/osgi/storage/bundlefile/BundleEntry;Ljava/util/List;)Ljava/lang/Class;' in 'org/eclipse/osgi/internal/loader/classpath/ClasspathManager')}
  0x00000225478a9afc: c048 ba00 | 00c6 5c25 | 0200 0048 | c7c6 4808 | 0000 7507 | 48c7 c658 | 0800 0048 | 8b3c 3248 
  0x00000225478a9b1c: 8d7f 0148 | 893c 320f | 85b7 fbff | ff48 8b94 | 24c8 0000 | 008b 7210 

  0x00000225478a9b34: ; implicit exception: dispatches to 0x00000225478ab210
  0x00000225478a9b34: 483b 064c 

  0x00000225478a9b38: ;   {metadata(method data for {method} {0x000002255c68dfb0} 'defineClass' '(Ljava/lang/String;[BLorg/eclipse/osgi/internal/loader/classpath/ClasspathEntry;Lorg/eclipse/osgi/storage/bundlefile/BundleEntry;Ljava/util/List;)Ljava/lang/Class;' in 'org/eclipse/osgi/internal/loader/classpath/ClasspathManager')}
  0x00000225478a9b38: 8bc6 48bf | 0000 c65c | 2502 0000 | 458b 4008 | 49ba 0000 | 0000 2502 | 0000 4d03 | c24c 3b87 
  0x00000225478a9b58: 7808 0000 | 750d 4883 | 8780 0800 | 0001 e960 | 0000 004c | 3b87 8808 | 0000 750d | 4883 8790 
  0x00000225478a9b78: 0800 0001 | e94a 0000 | 0048 83bf | 7808 0000 | 0075 174c | 8987 7808 | 0000 48c7 | 8780 0800 
  0x00000225478a9b98: 0001 0000 | 00e9 2900 | 0000 4883 | bf88 0800 | 0000 7517 | 4c89 8788 | 0800 0048 | c787 9008 
  0x00000225478a9bb8: 0000 0100 | 0000 e908 | 0000 0048 | 8387 6808 | 0000 014c | 8b84 2488 | 0000 0048 | 8994 24c8 
  0x00000225478a9bd8: 0000 0048 | 8bd6 0f1f | 8000 0000 | 0048 b8d0 | 890b 0025 

  0x00000225478a9bec: ;   {virtual_call}
  0x00000225478a9bec: 0200 00e8 

  0x00000225478a9bf0: ; ImmutableOopMap {[120]=Oop [136]=Oop [144]=Oop [152]=Oop [160]=Oop [200]=Oop [248]=Oop }
                      ;*invokeinterface contains {reexecute=0 rethrow=0 return_oop=0}
                      ; - org.eclipse.osgi.internal.loader.classpath.ClasspathManager::defineClass@319 (line 773)
  0x00000225478a9bf0: 2c22 0207 

  0x00000225478a9bf4: ;   {other}
  0x00000225478a9bf4: 0f1f 8400 | e419 0014 

  0x00000225478a9bfc: ;   {metadata(method data for {method} {0x000002255c68dfb0} 'defineClass' '(Ljava/lang/String;[BLorg/eclipse/osgi/internal/loader/classpath/ClasspathEntry;Lorg/eclipse/osgi/storage/bundlefile/BundleEntry;Ljava/util/List;)Ljava/lang/Class;' in 'org/eclipse/osgi/internal/loader/classpath/ClasspathManager')}
  0x00000225478a9bfc: 85c0 48ba | 0000 c65c | 2502 0000 | 48c7 c6a0 | 0800 0074 | 0748 c7c6 | b008 0000 | 488b 3c32 
  0x00000225478a9c1c: 488d 7f01 | 4889 3c32 | 0f84 bc04 

  0x00000225478a9c28: ;   {metadata(method data for {method} {0x000002255c68dfb0} 'defineClass' '(Ljava/lang/String;[BLorg/eclipse/osgi/internal/loader/classpath/ClasspathEntry;Lorg/eclipse/osgi/storage/bundlefile/BundleEntry;Ljava/util/List;)Ljava/lang/Class;' in 'org/eclipse/osgi/internal/loader/classpath/ClasspathManager')}
  0x00000225478a9c28: 0000 48ba | 0000 c65c | 2502 0000 | ff82 d008 

  0x00000225478a9c38: ;   {metadata(method data for {method} {0x000002255c68dfb0} 'defineClass' '(Ljava/lang/String;[BLorg/eclipse/osgi/internal/loader/classpath/ClasspathEntry;Lorg/eclipse/osgi/storage/bundlefile/BundleEntry;Ljava/util/List;)Ljava/lang/Class;' in 'org/eclipse/osgi/internal/loader/classpath/ClasspathManager')}
  0x00000225478a9c38: 0000 48ba | 0000 c65c | 2502 0000 | ff82 e008 | 0000 488b | 8c24 9000 

  0x00000225478a9c50: ;   {metadata(method data for {method} {0x000002255c68dfb0} 'defineClass' '(Ljava/lang/String;[BLorg/eclipse/osgi/internal/loader/classpath/ClasspathEntry;Lorg/eclipse/osgi/storage/bundlefile/BundleEntry;Ljava/util/List;)Ljava/lang/Class;' in 'org/eclipse/osgi/internal/loader/classpath/ClasspathManager')}
  0x00000225478a9c50: 0000 48ba | 0000 c65c | 2502 0000 | 8b49 0849 | ba00 0000 | 0025 0200 | 0049 03ca | 483b 8a48 
  0x00000225478a9c70: 0900 0075 | 0d48 8382 | 5009 0000 | 01e9 6000 | 0000 483b | 8a58 0900 | 0075 0d48 | 8382 6009 
  0x00000225478a9c90: 0000 01e9 | 4a00 0000 | 4883 ba48 | 0900 0000 | 7517 4889 | 8a48 0900 | 0048 c782 | 5009 0000 
  0x00000225478a9cb0: 0100 0000 | e929 0000 | 0048 83ba | 5809 0000 | 0075 1748 | 898a 5809 | 0000 48c7 | 8260 0900 
  0x00000225478a9cd0: 0001 0000 | 00e9 0800 | 0000 4883 | 8238 0900 | 0001 488b | 9424 9000 | 0000 6666 | 9048 b8ff 
  0x00000225478a9cf0: ffff ffff 

  0x00000225478a9cf4: ;   {virtual_call}
  0x00000225478a9cf4: ffff ffe8 

  0x00000225478a9cf8: ; ImmutableOopMap {[120]=Oop [136]=Oop [152]=Oop [160]=Oop [248]=Oop }
                      ;*invokeinterface iterator {reexecute=0 rethrow=0 return_oop=0}
                      ; - org.eclipse.osgi.internal.loader.classpath.ClasspathManager::defineClass@358 (line 788)
  0x00000225478a9cf8: 844d 0207 

  0x00000225478a9cfc: ;   {other}
  0x00000225478a9cfc: 0f1f 8400 | ec1a 0015 | 4889 8424 | 0801 0000 

  0x00000225478a9d0c: ;   {metadata(method data for {method} {0x000002255c68dfb0} 'defineClass' '(Ljava/lang/String;[BLorg/eclipse/osgi/internal/loader/classpath/ClasspathEntry;Lorg/eclipse/osgi/storage/bundlefile/BundleEntry;Ljava/util/List;)Ljava/lang/Class;' in 'org/eclipse/osgi/internal/loader/classpath/ClasspathManager')}
  0x00000225478a9d0c: 48ba 0000 | c65c 2502 | 0000 ff82 | 7009 0000 | e99b 0200 | 000f 1f80 | 0000 0000 | 488b 8424 
  0x00000225478a9d2c: 0801 0000 

  0x00000225478a9d30: ;   {metadata(method data for {method} {0x000002255c68dfb0} 'defineClass' '(Ljava/lang/String;[BLorg/eclipse/osgi/internal/loader/classpath/ClasspathEntry;Lorg/eclipse/osgi/storage/bundlefile/BundleEntry;Ljava/util/List;)Ljava/lang/Class;' in 'org/eclipse/osgi/internal/loader/classpath/ClasspathManager')}
  0x00000225478a9d30: 48be 0000 | c65c 2502 | 0000 8b40 | 0849 ba00 | 0000 0025 | 0200 0049 | 03c2 483b | 8698 0900 
  0x00000225478a9d50: 0075 0d48 | 8386 a009 | 0000 01e9 | 6000 0000 | 483b 86a8 | 0900 0075 | 0d48 8386 | b009 0000 
  0x00000225478a9d70: 01e9 4a00 | 0000 4883 | be98 0900 | 0000 7517 | 4889 8698 | 0900 0048 | c786 a009 | 0000 0100 
  0x00000225478a9d90: 0000 e929 | 0000 0048 | 83be a809 | 0000 0075 | 1748 8986 | a809 0000 | 48c7 86b0 | 0900 0001 
  0x00000225478a9db0: 0000 00e9 | 0800 0000 | 4883 8688 | 0900 0001 | 488b 9424 | 0801 0000 | 0f1f 4400 | 0048 b8ff 
  0x00000225478a9dd0: ffff ffff 

  0x00000225478a9dd4: ;   {virtual_call}
  0x00000225478a9dd4: ffff ffe8 

  0x00000225478a9dd8: ; ImmutableOopMap {[120]=Oop [136]=Oop [152]=Oop [160]=Oop [248]=Oop [264]=Oop }
                      ;*invokeinterface next {reexecute=0 rethrow=0 return_oop=0}
                      ; - org.eclipse.osgi.internal.loader.classpath.ClasspathManager::defineClass@370 (line 788)
  0x00000225478a9dd8: a44c 0207 

  0x00000225478a9ddc: ;   {other}
  0x00000225478a9ddc: 0f1f 8400 | cc1b 0016 | 4885 c075 

  0x00000225478a9de8: ;   {metadata(method data for {method} {0x000002255c68dfb0} 'defineClass' '(Ljava/lang/String;[BLorg/eclipse/osgi/internal/loader/classpath/ClasspathEntry;Lorg/eclipse/osgi/storage/bundlefile/BundleEntry;Ljava/util/List;)Ljava/lang/Class;' in 'org/eclipse/osgi/internal/loader/classpath/ClasspathManager')}
  0x00000225478a9de8: 1749 b900 | 00c6 5c25 | 0200 0041 | 8089 b909 | 0000 01e9 | ce00 0000 

  0x00000225478a9e00: ;   {metadata('org/eclipse/osgi/internal/hookregistry/ClassLoaderHook')}
  0x00000225478a9e00: 48bf 78eb | 0801 2502 | 0000 448b | 4808 49ba | 0000 0000 | 2502 0000 | 4d03 ca49 | 3b79 380f 
  0x00000225478a9e20: 858d 0000 

  0x00000225478a9e24: ;   {metadata(method data for {method} {0x000002255c68dfb0} 'defineClass' '(Ljava/lang/String;[BLorg/eclipse/osgi/internal/loader/classpath/ClasspathEntry;Lorg/eclipse/osgi/storage/bundlefile/BundleEntry;Ljava/util/List;)Ljava/lang/Class;' in 'org/eclipse/osgi/internal/loader/classpath/ClasspathManager')}
  0x00000225478a9e24: 0049 b900 | 00c6 5c25 | 0200 008b | 7808 49ba | 0000 0000 | 2502 0000 | 4903 fa49 | 3bb9 d009 
  0x00000225478a9e44: 0000 750d | 4983 81d8 | 0900 0001 | e979 0000 | 0049 3bb9 | e009 0000 | 750d 4983 | 81e8 0900 
  0x00000225478a9e64: 0001 e963 | 0000 0049 | 83b9 d009 | 0000 0075 | 1749 89b9 | d009 0000 | 49c7 81d8 | 0900 0001 
  0x00000225478a9e84: 0000 00e9 | 4200 0000 | 4983 b9e0 | 0900 0000 | 7517 4989 | b9e0 0900 | 0049 c781 | e809 0000 
  0x00000225478a9ea4: 0100 0000 | e921 0000 | 00e9 1c00 

  0x00000225478a9eb0: ;   {metadata(method data for {method} {0x000002255c68dfb0} 'defineClass' '(Ljava/lang/String;[BLorg/eclipse/osgi/internal/loader/classpath/ClasspathEntry;Lorg/eclipse/osgi/storage/bundlefile/BundleEntry;Ljava/util/List;)Ljava/lang/Class;' in 'org/eclipse/osgi/internal/loader/classpath/ClasspathManager')}
  0x00000225478a9eb0: 0000 49b9 | 0000 c65c | 2502 0000 | 4983 a9c0 | 0900 0001 | e94c 1300 | 00e9 0000 | 0000 488b 
  0x00000225478a9ed0: d048 3b02 

  0x00000225478a9ed4: ;   {metadata(method data for {method} {0x000002255c68dfb0} 'defineClass' '(Ljava/lang/String;[BLorg/eclipse/osgi/internal/loader/classpath/ClasspathEntry;Lorg/eclipse/osgi/storage/bundlefile/BundleEntry;Ljava/util/List;)Ljava/lang/Class;' in 'org/eclipse/osgi/internal/loader/classpath/ClasspathManager')}
  0x00000225478a9ed4: 4c8b c249 | b900 00c6 | 5c25 0200 | 0045 8b40 | 0849 ba00 | 0000 0025 | 0200 004d | 03c2 4d3b 
  0x00000225478a9ef4: 8108 0a00 | 0075 0d49 | 8381 100a | 0000 01e9 | 6000 0000 | 4d3b 8118 | 0a00 0075 | 0d49 8381 
  0x00000225478a9f14: 200a 0000 | 01e9 4a00 | 0000 4983 | b908 0a00 | 0000 7517 | 4d89 8108 | 0a00 0049 | c781 100a 
  0x00000225478a9f34: 0000 0100 | 0000 e929 | 0000 0049 | 83b9 180a | 0000 0075 | 174d 8981 | 180a 0000 | 49c7 8120 
  0x00000225478a9f54: 0a00 0001 | 0000 00e9 | 0800 0000 | 4983 81f8 | 0900 0001 | 4c8b 8424 | 8800 0000 

  0x00000225478a9f70: ;   {oop(nullptr)}
  0x00000225478a9f70: 49b9 0000 | 0000 0000 | 0000 488b | bc24 f800 | 0000 488b | b424 a000 | 0000 488b | 8c24 9800 
  0x00000225478a9f90: 0000 488b | 5c24 7848 | 891c 2466 | 9048 b8ff | ffff ffff 

  0x00000225478a9fa4: ;   {virtual_call}
  0x00000225478a9fa4: ffff ffe8 

  0x00000225478a9fa8: ; ImmutableOopMap {[120]=Oop [136]=Oop [152]=Oop [160]=Oop [248]=Oop [264]=Oop }
                      ;*invokevirtual recordClassDefine {reexecute=0 rethrow=0 return_oop=0}
                      ; - org.eclipse.osgi.internal.loader.classpath.ClasspathManager::defineClass@390 (line 789)
  0x00000225478a9fa8: d44a 0207 

  0x00000225478a9fac: ;   {other}
  0x00000225478a9fac: 0f1f 8400 | 9c1d 0017 | 488b 8424 | 0801 0000 

  0x00000225478a9fbc: ; implicit exception: dispatches to 0x00000225478ab223
  0x00000225478a9fbc: 483b 0048 

  0x00000225478a9fc0: ;   {metadata(method data for {method} {0x000002255c68dfb0} 'defineClass' '(Ljava/lang/String;[BLorg/eclipse/osgi/internal/loader/classpath/ClasspathEntry;Lorg/eclipse/osgi/storage/bundlefile/BundleEntry;Ljava/util/List;)Ljava/lang/Class;' in 'org/eclipse/osgi/internal/loader/classpath/ClasspathManager')}
  0x00000225478a9fc0: 8bf0 48bf | 0000 c65c | 2502 0000 | 8b76 0849 | ba00 0000 | 0025 0200 | 0049 03f2 | 483b b740 
  0x00000225478a9fe0: 0a00 0075 | 0d48 8387 | 480a 0000 | 01e9 6000 | 0000 483b | b750 0a00 | 0075 0d48 | 8387 580a 
  0x00000225478aa000: 0000 01e9 | 4a00 0000 | 4883 bf40 | 0a00 0000 | 7517 4889 | b740 0a00 | 0048 c787 | 480a 0000 
  0x00000225478aa020: 0100 0000 | e929 0000 | 0048 83bf | 500a 0000 | 0075 1748 | 89b7 500a | 0000 48c7 | 8758 0a00 
  0x00000225478aa040: 0001 0000 | 00e9 0800 | 0000 4883 | 8730 0a00 | 0001 488b | d048 b8ff | ffff ffff 

  0x00000225478aa05c: ;   {virtual_call}
  0x00000225478aa05c: ffff ffe8 

  0x00000225478aa060: ; ImmutableOopMap {[120]=Oop [136]=Oop [152]=Oop [160]=Oop [248]=Oop [264]=Oop }
                      ;*invokeinterface hasNext {reexecute=0 rethrow=0 return_oop=0}
                      ; - org.eclipse.osgi.internal.loader.classpath.ClasspathManager::defineClass@395 (line 788)
  0x00000225478aa060: 1c4a 0207 

  0x00000225478aa064: ;   {other}
  0x00000225478aa064: 0f1f 8400 | 541e 0018 | 85c0 ba02 | 0000 0075 | 05ba 0000 

  0x00000225478aa078: ;   {metadata(method data for {method} {0x000002255c68dfb0} 'defineClass' '(Ljava/lang/String;[BLorg/eclipse/osgi/internal/loader/classpath/ClasspathEntry;Lorg/eclipse/osgi/storage/bundlefile/BundleEntry;Ljava/util/List;)Ljava/lang/Class;' in 'org/eclipse/osgi/internal/loader/classpath/ClasspathManager')}
  0x00000225478aa078: 0000 48be | 0000 c65c | 2502 0000 | 8bbe d000 | 0000 03fa | 89be d000 | 0000 85d2 | 7505 bf02 
  0x00000225478aa098: 0000 0081 | e7fe 3f00 | 0085 ff0f | 847f 1100 | 004d 8b97 

  0x00000225478aa0ac: ; ImmutableOopMap {[120]=Oop [136]=Oop [152]=Oop [160]=Oop [248]=Oop [264]=Oop }
                      ;*ifne {reexecute=1 rethrow=0 return_oop=0}
                      ; - (reexecute) org.eclipse.osgi.internal.loader.classpath.ClasspathManager::defineClass@400 (line 788)
  0x00000225478aa0ac: 5804 0000 

  0x00000225478aa0b0: ;   {poll}
  0x00000225478aa0b0: 4185 0285 

  0x00000225478aa0b4: ;   {metadata(method data for {method} {0x000002255c68dfb0} 'defineClass' '(Ljava/lang/String;[BLorg/eclipse/osgi/internal/loader/classpath/ClasspathEntry;Lorg/eclipse/osgi/storage/bundlefile/BundleEntry;Ljava/util/List;)Ljava/lang/Class;' in 'org/eclipse/osgi/internal/loader/classpath/ClasspathManager')}
  0x00000225478aa0b4: c048 ba00 | 00c6 5c25 | 0200 0048 | c7c6 680a | 0000 7507 | 48c7 c678 | 0a00 0048 | 8b3c 3248 
  0x00000225478aa0d4: 8d7f 0148 | 893c 320f | 8547 fcff | ffe9 4308 | 0000 488b | 9424 c800 | 0000 8b72 | 1048 3b06 
  0x00000225478aa0f4: ;   {metadata(method data for {method} {0x000002255c68dfb0} 'defineClass' '(Ljava/lang/String;[BLorg/eclipse/osgi/internal/loader/classpath/ClasspathEntry;Lorg/eclipse/osgi/storage/bundlefile/BundleEntry;Ljava/util/List;)Ljava/lang/Class;' in 'org/eclipse/osgi/internal/loader/classpath/ClasspathManager')}
  0x00000225478aa0f4: 4c8b c648 | bf00 00c6 | 5c25 0200 | 0045 8b40 | 0849 ba00 | 0000 0025 | 0200 004d | 03c2 4c3b 
  0x00000225478aa114: 8798 0a00 | 0075 0d48 | 8387 a00a | 0000 01e9 | 6000 0000 | 4c3b 87a8 | 0a00 0075 | 0d48 8387 
  0x00000225478aa134: b00a 0000 | 01e9 4a00 | 0000 4883 | bf98 0a00 | 0000 7517 | 4c89 8798 | 0a00 0048 | c787 a00a 
  0x00000225478aa154: 0000 0100 | 0000 e929 | 0000 0048 | 83bf a80a | 0000 0075 | 174c 8987 | a80a 0000 | 48c7 87b0 
  0x00000225478aa174: 0a00 0001 | 0000 00e9 | 0800 0000 | 4883 8788 | 0a00 0001 | 4c8b 8424 | 8800 0000 | 4889 9424 
  0x00000225478aa194: c800 0000 | 488b d666 | 9048 b8d0 | 890b 0025 

  0x00000225478aa1a4: ;   {virtual_call}
  0x00000225478aa1a4: 0200 00e8 

  0x00000225478aa1a8: ; ImmutableOopMap {[120]=Oop [136]=Oop [144]=Oop [152]=Oop [160]=Oop [200]=Oop [248]=Oop }
                      ;*invokeinterface add {reexecute=0 rethrow=0 return_oop=0}
                      ; - org.eclipse.osgi.internal.loader.classpath.ClasspathManager::defineClass@411 (line 777)
  0x00000225478aa1a8: 1446 5f07 

  0x00000225478aa1ac: ;   {other}
  0x00000225478aa1ac: 0f1f 8400 | 9c1f 001a | 488b 5424 | 788b 7210 

  0x00000225478aa1bc: ; implicit exception: dispatches to 0x00000225478ab24e
  0x00000225478aa1bc: 483b 064c 

  0x00000225478aa1c0: ;   {metadata(method data for {method} {0x000002255c68dfb0} 'defineClass' '(Ljava/lang/String;[BLorg/eclipse/osgi/internal/loader/classpath/ClasspathEntry;Lorg/eclipse/osgi/storage/bundlefile/BundleEntry;Ljava/util/List;)Ljava/lang/Class;' in 'org/eclipse/osgi/internal/loader/classpath/ClasspathManager')}
  0x00000225478aa1c0: 8bc6 49b9 | 0000 c65c | 2502 0000 | 458b 4008 | 49ba 0000 | 0000 2502 | 0000 4d03 | c24d 3b81 
  0x00000225478aa1e0: d00a 0000 | 750d 4983 | 81d8 0a00 | 0001 e960 | 0000 004d | 3b81 e00a | 0000 750d | 4983 81e8 
  0x00000225478aa200: 0a00 0001 | e94a 0000 | 0049 83b9 | d00a 0000 | 0075 174d | 8981 d00a | 0000 49c7 | 81d8 0a00 
  0x00000225478aa220: 0001 0000 | 00e9 2900 | 0000 4983 | b9e0 0a00 | 0000 7517 | 4d89 81e0 | 0a00 0049 | c781 e80a 
  0x00000225478aa240: 0000 0100 | 0000 e908 | 0000 0049 | 8381 c00a | 0000 014c | 8b84 2488 | 0000 004c | 8b8c 24f8 
  0x00000225478aa260: 0000 0048 | 8bbc 24a0 | 0000 0048 

  0x00000225478aa26c: ;   {optimized virtual_call}
  0x00000225478aa26c: 8bd6 90e8 

  0x00000225478aa270: ; ImmutableOopMap {[120]=Oop [136]=Oop [144]=Oop [152]=Oop [160]=Oop [200]=Oop [248]=Oop }
                      ;*invokevirtual defineClass {reexecute=0 rethrow=0 return_oop=0}
                      ; - org.eclipse.osgi.internal.loader.classpath.ClasspathManager::defineClass@424 (line 779)
  0x00000225478aa270: 5918 0000 

  0x00000225478aa274: ;   {other}
  0x00000225478aa274: 0f1f 8400 | 6420 001b | 4889 8424 | 1001 0000 

  0x00000225478aa284: ;   {metadata(method data for {method} {0x000002255c68dfb0} 'defineClass' '(Ljava/lang/String;[BLorg/eclipse/osgi/internal/loader/classpath/ClasspathEntry;Lorg/eclipse/osgi/storage/bundlefile/BundleEntry;Ljava/util/List;)Ljava/lang/Class;' in 'org/eclipse/osgi/internal/loader/classpath/ClasspathManager')}
  0x00000225478aa284: 49b8 0000 | c65c 2502 | 0000 41ff | 80f8 0a00 | 0048 8b94 | 24c8 0000 | 008b 5210 

  0x00000225478aa2a0: ; implicit exception: dispatches to 0x00000225478ab253
  0x00000225478aa2a0: 483b 024c 

  0x00000225478aa2a4: ;   {metadata(method data for {method} {0x000002255c68dfb0} 'defineClass' '(Ljava/lang/String;[BLorg/eclipse/osgi/internal/loader/classpath/ClasspathEntry;Lorg/eclipse/osgi/storage/bundlefile/BundleEntry;Ljava/util/List;)Ljava/lang/Class;' in 'org/eclipse/osgi/internal/loader/classpath/ClasspathManager')}
  0x00000225478aa2a4: 8bc2 48be | 0000 c65c | 2502 0000 | 458b 4008 | 49ba 0000 | 0000 2502 | 0000 4d03 | c24c 3b86 
  0x00000225478aa2c4: 580b 0000 | 750d 4883 | 8660 0b00 | 0001 e960 | 0000 004c | 3b86 680b | 0000 750d | 4883 8670 
  0x00000225478aa2e4: 0b00 0001 | e94a 0000 | 0048 83be | 580b 0000 | 0075 174c | 8986 580b | 0000 48c7 | 8660 0b00 
  0x00000225478aa304: 0001 0000 | 00e9 2900 | 0000 4883 | be68 0b00 | 0000 7517 | 4c89 8668 | 0b00 0048 | c786 700b 
  0x00000225478aa324: 0000 0100 | 0000 e908 | 0000 0048 | 8386 480b | 0000 014c | 8b84 2488 | 0000 0066 | 0f1f 4400 
  0x00000225478aa344: 0048 b8d0 | 890b 0025 

  0x00000225478aa34c: ;   {virtual_call}
  0x00000225478aa34c: 0200 00e8 

  0x00000225478aa350: ; ImmutableOopMap {[120]=Oop [136]=Oop [144]=Oop [152]=Oop [160]=Oop [248]=Oop [272]=Oop }
                      ;*invokeinterface remove {reexecute=0 rethrow=0 return_oop=0}
                      ; - org.eclipse.osgi.internal.loader.classpath.ClasspathManager::defineClass@455 (line 781)
  0x00000225478aa350: ac53 f2ff 

  0x00000225478aa354: ;   {other}
  0x00000225478aa354: 0f1f 8400 | 4421 001c 

  0x00000225478aa35c: ;   {metadata(method data for {method} {0x000002255c68dfb0} 'defineClass' '(Ljava/lang/String;[BLorg/eclipse/osgi/internal/loader/classpath/ClasspathEntry;Lorg/eclipse/osgi/storage/bundlefile/BundleEntry;Ljava/util/List;)Ljava/lang/Class;' in 'org/eclipse/osgi/internal/loader/classpath/ClasspathManager')}
  0x00000225478aa35c: 48ba 0000 | c65c 2502 | 0000 ff82 | 800b 0000 

  0x00000225478aa36c: ;   {metadata(method data for {method} {0x000002255c68dfb0} 'defineClass' '(Ljava/lang/String;[BLorg/eclipse/osgi/internal/loader/classpath/ClasspathEntry;Lorg/eclipse/osgi/storage/bundlefile/BundleEntry;Ljava/util/List;)Ljava/lang/Class;' in 'org/eclipse/osgi/internal/loader/classpath/ClasspathManager')}
  0x00000225478aa36c: 48ba 0000 | c65c 2502 | 0000 ff82 | 700d 0000 | 488b 8424 | 1001 0000 

  0x00000225478aa384: ;   {metadata(method data for {method} {0x000002255c68dfb0} 'defineClass' '(Ljava/lang/String;[BLorg/eclipse/osgi/internal/loader/classpath/ClasspathEntry;Lorg/eclipse/osgi/storage/bundlefile/BundleEntry;Ljava/util/List;)Ljava/lang/Class;' in 'org/eclipse/osgi/internal/loader/classpath/ClasspathManager')}
  0x00000225478aa384: 4885 c048 | ba00 00c6 | 5c25 0200 | 0048 c7c6 | 800d 0000 | 7407 48c7 | c690 0d00 | 0048 8b3c 
  0x00000225478aa3a4: 3248 8d7f | 0148 893c | 320f 8432 | 0000 000f | be50 0c85 

  0x00000225478aa3b8: ;   {metadata(method data for {method} {0x000002255c68dfb0} 'defineClass' '(Ljava/lang/String;[BLorg/eclipse/osgi/internal/loader/classpath/ClasspathEntry;Lorg/eclipse/osgi/storage/bundlefile/BundleEntry;Ljava/util/List;)Ljava/lang/Class;' in 'org/eclipse/osgi/internal/loader/classpath/ClasspathManager')}
  0x00000225478aa3b8: d248 ba00 | 00c6 5c25 | 0200 0048 | c7c6 b00d | 0000 7507 | 48c7 c6a0 | 0d00 0048 | 8b3c 3248 
  0x00000225478aa3d8: 8d7f 0148 | 893c 320f | 850f 0000 

  0x00000225478aa3e4: ;   {oop(nullptr)}
  0x00000225478aa3e4: 0048 be00 | 0000 0000 | 0000 00e9 | 1600 0000 

  0x00000225478aa3f4: ;   {metadata(method data for {method} {0x000002255c68dfb0} 'defineClass' '(Ljava/lang/String;[BLorg/eclipse/osgi/internal/loader/classpath/ClasspathEntry;Lorg/eclipse/osgi/storage/bundlefile/BundleEntry;Ljava/util/List;)Ljava/lang/Class;' in 'org/eclipse/osgi/internal/loader/classpath/ClasspathManager')}
  0x00000225478aa3f4: 8b50 1048 | be00 00c6 | 5c25 0200 | 00ff 86c0 | 0d00 0048 | 8bf2 4889 | b424 1801 | 0000 488b 
  0x00000225478aa414: 8c24 9000 

  0x00000225478aa418: ;   {metadata(method data for {method} {0x000002255c68dfb0} 'defineClass' '(Ljava/lang/String;[BLorg/eclipse/osgi/internal/loader/classpath/ClasspathEntry;Lorg/eclipse/osgi/storage/bundlefile/BundleEntry;Ljava/util/List;)Ljava/lang/Class;' in 'org/eclipse/osgi/internal/loader/classpath/ClasspathManager')}
  0x00000225478aa418: 0000 48ba | 0000 c65c | 2502 0000 | 8b49 0849 | ba00 0000 | 0025 0200 | 0049 03ca | 483b 8ae8 
  0x00000225478aa438: 0d00 0075 | 0d48 8382 | f00d 0000 | 01e9 6000 | 0000 483b | 8af8 0d00 | 0075 0d48 | 8382 000e 
  0x00000225478aa458: 0000 01e9 | 4a00 0000 | 4883 bae8 | 0d00 0000 | 7517 4889 | 8ae8 0d00 | 0048 c782 | f00d 0000 
  0x00000225478aa478: 0100 0000 | e929 0000 | 0048 83ba | f80d 0000 | 0075 1748 | 898a f80d | 0000 48c7 | 8200 0e00 
  0x00000225478aa498: 0001 0000 | 00e9 0800 | 0000 4883 | 82d8 0d00 | 0001 488b | 9424 9000 | 0000 6666 | 9048 b890 
  0x00000225478aa4b8: a31c 0025 

  0x00000225478aa4bc: ;   {virtual_call}
  0x00000225478aa4bc: 0200 00e8 

  0x00000225478aa4c0: ; ImmutableOopMap {[120]=Oop [136]=Oop [152]=Oop [160]=Oop [248]=Oop [272]=Oop [280]=Oop }
                      ;*invokeinterface iterator {reexecute=0 rethrow=0 return_oop=0}
                      ; - org.eclipse.osgi.internal.loader.classpath.ClasspathManager::defineClass@576 (line 788)
  0x00000225478aa4c0: dc6c 6107 

  0x00000225478aa4c4: ;   {other}
  0x00000225478aa4c4: 0f1f 8400 | b422 001d | 4889 8424 | 2001 0000 

  0x00000225478aa4d4: ;   {metadata(method data for {method} {0x000002255c68dfb0} 'defineClass' '(Ljava/lang/String;[BLorg/eclipse/osgi/internal/loader/classpath/ClasspathEntry;Lorg/eclipse/osgi/storage/bundlefile/BundleEntry;Ljava/util/List;)Ljava/lang/Class;' in 'org/eclipse/osgi/internal/loader/classpath/ClasspathManager')}
  0x00000225478aa4d4: 48ba 0000 | c65c 2502 | 0000 ff82 | 100e 0000 | e99b 0200 | 000f 1f80 | 0000 0000 | 488b 8424 
  0x00000225478aa4f4: 2001 0000 

  0x00000225478aa4f8: ;   {metadata(method data for {method} {0x000002255c68dfb0} 'defineClass' '(Ljava/lang/String;[BLorg/eclipse/osgi/internal/loader/classpath/ClasspathEntry;Lorg/eclipse/osgi/storage/bundlefile/BundleEntry;Ljava/util/List;)Ljava/lang/Class;' in 'org/eclipse/osgi/internal/loader/classpath/ClasspathManager')}
  0x00000225478aa4f8: 48be 0000 | c65c 2502 | 0000 8b40 | 0849 ba00 | 0000 0025 | 0200 0049 | 03c2 483b | 8638 0e00 
  0x00000225478aa518: 0075 0d48 | 8386 400e | 0000 01e9 | 6000 0000 | 483b 8648 | 0e00 0075 | 0d48 8386 | 500e 0000 
  0x00000225478aa538: 01e9 4a00 | 0000 4883 | be38 0e00 | 0000 7517 | 4889 8638 | 0e00 0048 | c786 400e | 0000 0100 
  0x00000225478aa558: 0000 e929 | 0000 0048 | 83be 480e | 0000 0075 | 1748 8986 | 480e 0000 | 48c7 8650 | 0e00 0001 
  0x00000225478aa578: 0000 00e9 | 0800 0000 | 4883 8628 | 0e00 0001 | 488b 9424 | 2001 0000 | 0f1f 4400 | 0048 b8d8 
  0x00000225478aa598: 731d 0025 

  0x00000225478aa59c: ;   {virtual_call}
  0x00000225478aa59c: 0200 00e8 

  0x00000225478aa5a0: ; ImmutableOopMap {[120]=Oop [136]=Oop [152]=Oop [160]=Oop [248]=Oop [272]=Oop [280]=Oop [288]=Oop }
                      ;*invokeinterface next {reexecute=0 rethrow=0 return_oop=0}
                      ; - org.eclipse.osgi.internal.loader.classpath.ClasspathManager::defineClass@588 (line 788)
  0x00000225478aa5a0: 1c2f 6107 

  0x00000225478aa5a4: ;   {other}
  0x00000225478aa5a4: 0f1f 8400 | 9423 001e | 4885 c075 

  0x00000225478aa5b0: ;   {metadata(method data for {method} {0x000002255c68dfb0} 'defineClass' '(Ljava/lang/String;[BLorg/eclipse/osgi/internal/loader/classpath/ClasspathEntry;Lorg/eclipse/osgi/storage/bundlefile/BundleEntry;Ljava/util/List;)Ljava/lang/Class;' in 'org/eclipse/osgi/internal/loader/classpath/ClasspathManager')}
  0x00000225478aa5b0: 1749 b900 | 00c6 5c25 | 0200 0041 | 8089 590e | 0000 01e9 | ce00 0000 

  0x00000225478aa5c8: ;   {metadata('org/eclipse/osgi/internal/hookregistry/ClassLoaderHook')}
  0x00000225478aa5c8: 48bf 78eb | 0801 2502 | 0000 448b | 4808 49ba | 0000 0000 | 2502 0000 | 4d03 ca49 | 3b79 380f 
  0x00000225478aa5e8: 858d 0000 

  0x00000225478aa5ec: ;   {metadata(method data for {method} {0x000002255c68dfb0} 'defineClass' '(Ljava/lang/String;[BLorg/eclipse/osgi/internal/loader/classpath/ClasspathEntry;Lorg/eclipse/osgi/storage/bundlefile/BundleEntry;Ljava/util/List;)Ljava/lang/Class;' in 'org/eclipse/osgi/internal/loader/classpath/ClasspathManager')}
  0x00000225478aa5ec: 0049 b900 | 00c6 5c25 | 0200 008b | 7808 49ba | 0000 0000 | 2502 0000 | 4903 fa49 | 3bb9 700e 
  0x00000225478aa60c: 0000 750d | 4983 8178 | 0e00 0001 | e979 0000 | 0049 3bb9 | 800e 0000 | 750d 4983 | 8188 0e00 
  0x00000225478aa62c: 0001 e963 | 0000 0049 | 83b9 700e | 0000 0075 | 1749 89b9 | 700e 0000 | 49c7 8178 | 0e00 0001 
  0x00000225478aa64c: 0000 00e9 | 4200 0000 | 4983 b980 | 0e00 0000 | 7517 4989 | b980 0e00 | 0049 c781 | 880e 0000 
  0x00000225478aa66c: 0100 0000 | e921 0000 | 00e9 1c00 

  0x00000225478aa678: ;   {metadata(method data for {method} {0x000002255c68dfb0} 'defineClass' '(Ljava/lang/String;[BLorg/eclipse/osgi/internal/loader/classpath/ClasspathEntry;Lorg/eclipse/osgi/storage/bundlefile/BundleEntry;Ljava/util/List;)Ljava/lang/Class;' in 'org/eclipse/osgi/internal/loader/classpath/ClasspathManager')}
  0x00000225478aa678: 0000 49b9 | 0000 c65c | 2502 0000 | 4983 a960 | 0e00 0001 | e9cc 0b00 | 00e9 0000 | 0000 488b 
  0x00000225478aa698: d048 3b02 

  0x00000225478aa69c: ;   {metadata(method data for {method} {0x000002255c68dfb0} 'defineClass' '(Ljava/lang/String;[BLorg/eclipse/osgi/internal/loader/classpath/ClasspathEntry;Lorg/eclipse/osgi/storage/bundlefile/BundleEntry;Ljava/util/List;)Ljava/lang/Class;' in 'org/eclipse/osgi/internal/loader/classpath/ClasspathManager')}
  0x00000225478aa69c: 4c8b c249 | b900 00c6 | 5c25 0200 | 0045 8b40 | 0849 ba00 | 0000 0025 | 0200 004d | 03c2 4d3b 
  0x00000225478aa6bc: 81a8 0e00 | 0075 0d49 | 8381 b00e | 0000 01e9 | 6000 0000 | 4d3b 81b8 | 0e00 0075 | 0d49 8381 
  0x00000225478aa6dc: c00e 0000 | 01e9 4a00 | 0000 4983 | b9a8 0e00 | 0000 7517 | 4d89 81a8 | 0e00 0049 | c781 b00e 
  0x00000225478aa6fc: 0000 0100 | 0000 e929 | 0000 0049 | 83b9 b80e | 0000 0075 | 174d 8981 | b80e 0000 | 49c7 81c0 
  0x00000225478aa71c: 0e00 0001 | 0000 00e9 | 0800 0000 | 4983 8198 | 0e00 0001 | 4c8b 8424 | 8800 0000 | 4c8b 8c24 
  0x00000225478aa73c: 1801 0000 | 488b bc24 | f800 0000 | 488b b424 | a000 0000 | 488b 8c24 | 9800 0000 | 488b 5c24 
  0x00000225478aa75c: 7848 891c | 240f 1f40 | 0048 b830 | f008 0125 

  0x00000225478aa76c: ;   {virtual_call}
  0x00000225478aa76c: 0200 00e8 

  0x00000225478aa770: ; ImmutableOopMap {[120]=Oop [136]=Oop [152]=Oop [160]=Oop [248]=Oop [272]=Oop [280]=Oop [288]=Oop }
                      ;*invokevirtual recordClassDefine {reexecute=0 rethrow=0 return_oop=0}
                      ; - org.eclipse.osgi.internal.loader.classpath.ClasspathManager::defineClass@608 (line 789)
  0x00000225478aa770: 2c15 0207 

  0x00000225478aa774: ;   {other}
  0x00000225478aa774: 0f1f 8400 | 6425 001f | 488b 8424 | 2001 0000 

  0x00000225478aa784: ; implicit exception: dispatches to 0x00000225478ab26b
  0x00000225478aa784: 483b 0048 

  0x00000225478aa788: ;   {metadata(method data for {method} {0x000002255c68dfb0} 'defineClass' '(Ljava/lang/String;[BLorg/eclipse/osgi/internal/loader/classpath/ClasspathEntry;Lorg/eclipse/osgi/storage/bundlefile/BundleEntry;Ljava/util/List;)Ljava/lang/Class;' in 'org/eclipse/osgi/internal/loader/classpath/ClasspathManager')}
  0x00000225478aa788: 8bf8 48bb | 0000 c65c | 2502 0000 | 8b7f 0849 | ba00 0000 | 0025 0200 | 0049 03fa | 483b bbe0 
  0x00000225478aa7a8: 0e00 0075 | 0d48 8383 | e80e 0000 | 01e9 6000 | 0000 483b | bbf0 0e00 | 0075 0d48 | 8383 f80e 
  0x00000225478aa7c8: 0000 01e9 | 4a00 0000 | 4883 bbe0 | 0e00 0000 | 7517 4889 | bbe0 0e00 | 0048 c783 | e80e 0000 
  0x00000225478aa7e8: 0100 0000 | e929 0000 | 0048 83bb | f00e 0000 | 0075 1748 | 89bb f00e | 0000 48c7 | 83f8 0e00 
  0x00000225478aa808: 0001 0000 | 00e9 0800 | 0000 4883 | 83d0 0e00 | 0001 488b | d048 b8d8 | 731d 0025 

  0x00000225478aa824: ;   {virtual_call}
  0x00000225478aa824: 0200 00e8 

  0x00000225478aa828: ; ImmutableOopMap {[120]=Oop [136]=Oop [152]=Oop [160]=Oop [248]=Oop [272]=Oop [280]=Oop [288]=Oop }
                      ;*invokeinterface hasNext {reexecute=0 rethrow=0 return_oop=0}
                      ; - org.eclipse.osgi.internal.loader.classpath.ClasspathManager::defineClass@613 (line 788)
  0x00000225478aa828: 74af 5a07 

  0x00000225478aa82c: ;   {other}
  0x00000225478aa82c: 0f1f 8400 | 1c26 0020 | 85c0 ba02 | 0000 0075 | 05ba 0000 

  0x00000225478aa840: ;   {metadata(method data for {method} {0x000002255c68dfb0} 'defineClass' '(Ljava/lang/String;[BLorg/eclipse/osgi/internal/loader/classpath/ClasspathEntry;Lorg/eclipse/osgi/storage/bundlefile/BundleEntry;Ljava/util/List;)Ljava/lang/Class;' in 'org/eclipse/osgi/internal/loader/classpath/ClasspathManager')}
  0x00000225478aa840: 0000 48be | 0000 c65c | 2502 0000 | 8bbe d000 | 0000 03fa | 89be d000 | 0000 85d2 | 7505 bf02 
  0x00000225478aa860: 0000 0081 | e7fe 3f00 | 0085 ff0f | 84ff 0900 | 004d 8b97 

  0x00000225478aa874: ; ImmutableOopMap {[120]=Oop [136]=Oop [152]=Oop [160]=Oop [248]=Oop [272]=Oop [280]=Oop [288]=Oop }
                      ;*ifne {reexecute=1 rethrow=0 return_oop=0}
                      ; - (reexecute) org.eclipse.osgi.internal.loader.classpath.ClasspathManager::defineClass@618 (line 788)
  0x00000225478aa874: 5804 0000 

  0x00000225478aa878: ;   {poll}
  0x00000225478aa878: 4185 0285 

  0x00000225478aa87c: ;   {metadata(method data for {method} {0x000002255c68dfb0} 'defineClass' '(Ljava/lang/String;[BLorg/eclipse/osgi/internal/loader/classpath/ClasspathEntry;Lorg/eclipse/osgi/storage/bundlefile/BundleEntry;Ljava/util/List;)Ljava/lang/Class;' in 'org/eclipse/osgi/internal/loader/classpath/ClasspathManager')}
  0x00000225478aa87c: c048 ba00 | 00c6 5c25 | 0200 0048 | c7c6 080f | 0000 7507 | 48c7 c618 | 0f00 0048 | 8b3c 3248 
  0x00000225478aa89c: 8d7f 0148 | 893c 320f | 8547 fcff | ff48 8b84 | 2410 0100 | 0048 85c0 

  0x00000225478aa8b4: ;   {metadata(method data for {method} {0x000002255c68dfb0} 'defineClass' '(Ljava/lang/String;[BLorg/eclipse/osgi/internal/loader/classpath/ClasspathEntry;Lorg/eclipse/osgi/storage/bundlefile/BundleEntry;Ljava/util/List;)Ljava/lang/Class;' in 'org/eclipse/osgi/internal/loader/classpath/ClasspathManager')}
  0x00000225478aa8b4: 49b8 0000 | c65c 2502 | 0000 48c7 | c228 0f00 | 0075 0748 | c7c2 380f | 0000 498b | 3410 488d 
  0x00000225478aa8d4: 7601 4989 | 3410 0f85 | 3000 0000 

  0x00000225478aa8e0: ;   {metadata(method data for {method} {0x000002255c68dfb0} 'defineClass' '(Ljava/lang/String;[BLorg/eclipse/osgi/internal/loader/classpath/ClasspathEntry;Lorg/eclipse/osgi/storage/bundlefile/BundleEntry;Ljava/util/List;)Ljava/lang/Class;' in 'org/eclipse/osgi/internal/loader/classpath/ClasspathManager')}
  0x00000225478aa8e0: 48b8 0000 | c65c 2502 | 0000 ff80 | 480f 0000 

  0x00000225478aa8f0: ;   {oop(nullptr)}
  0x00000225478aa8f0: 48b8 0000 | 0000 0000 | 0000 4881 | c470 0100 

  0x00000225478aa900: ;   {poll_return}
  0x00000225478aa900: 005d 493b | a750 0400 | 000f 8782 | 0900 00c3 

  0x00000225478aa910: ; implicit exception: dispatches to 0x00000225478ab2a7
  0x00000225478aa910: 8b40 1048 | 81c4 7001 

  0x00000225478aa918: ;   {poll_return}
  0x00000225478aa918: 0000 5d49 | 3ba7 5004 | 0000 0f87 | 8409 0000 

  0x00000225478aa928: ;   {oop(nullptr)}
  0x00000225478aa928: c348 b800 | 0000 0000 | 0000 0048 | 81c4 7001 

  0x00000225478aa938: ;   {poll_return}
  0x00000225478aa938: 0000 5d49 | 3ba7 5004 | 0000 0f87 | 7a09 0000 

  0x00000225478aa948: ;   {metadata(method data for {method} {0x000002255c68dfb0} 'defineClass' '(Ljava/lang/String;[BLorg/eclipse/osgi/internal/loader/classpath/ClasspathEntry;Lorg/eclipse/osgi/storage/bundlefile/BundleEntry;Ljava/util/List;)Ljava/lang/Class;' in 'org/eclipse/osgi/internal/loader/classpath/ClasspathManager')}
  0x00000225478aa948: c348 b800 | 00c6 5c25 | 0200 00ff | 80e0 0200 

  0x00000225478aa958: ;   {oop(nullptr)}
  0x00000225478aa958: 0048 b800 | 0000 0000 | 0000 0048 | 81c4 7001 

  0x00000225478aa968: ;   {poll_return}
  0x00000225478aa968: 0000 5d49 | 3ba7 5004 | 0000 0f87 | 6009 0000 | c349 8b87 | 0005 0000 | 4d33 d24d | 8997 0005 
  0x00000225478aa988: 0000 4d33 | d24d 8997 | 0805 0000 | 8b52 1048 | 3b02 4c8b 

  0x00000225478aa99c: ;   {metadata(method data for {method} {0x000002255c68dfb0} 'defineClass' '(Ljava/lang/String;[BLorg/eclipse/osgi/internal/loader/classpath/ClasspathEntry;Lorg/eclipse/osgi/storage/bundlefile/BundleEntry;Ljava/util/List;)Ljava/lang/Class;' in 'org/eclipse/osgi/internal/loader/classpath/ClasspathManager')}
  0x00000225478aa99c: c248 be00 | 00c6 5c25 | 0200 0045 | 8b40 0849 | ba00 0000 | 0025 0200 | 004d 03c2 | 4c3b 8620 
  0x00000225478aa9bc: 0b00 0075 | 0d48 8386 | 280b 0000 | 01e9 6000 | 0000 4c3b | 8630 0b00 | 0075 0d48 | 8386 380b 
  0x00000225478aa9dc: 0000 01e9 | 4a00 0000 | 4883 be20 | 0b00 0000 | 7517 4c89 | 8620 0b00 | 0048 c786 | 280b 0000 
  0x00000225478aa9fc: 0100 0000 | e929 0000 | 0048 83be | 300b 0000 | 0075 174c | 8986 300b | 0000 48c7 | 8638 0b00 
  0x00000225478aaa1c: 0001 0000 | 00e9 0800 | 0000 4883 | 8610 0b00 | 0001 4c8b | 8424 8800 | 0000 4889 | 8424 2801 
  0x00000225478aaa3c: 0000 0f1f | 8000 0000 | 0048 b8ff | ffff ffff 

  0x00000225478aaa4c: ;   {virtual_call}
  0x00000225478aaa4c: ffff ffe8 

  0x00000225478aaa50: ; ImmutableOopMap {[120]=Oop [136]=Oop [144]=Oop [152]=Oop [160]=Oop [248]=Oop [296]=Oop }
                      ;*invokeinterface remove {reexecute=0 rethrow=0 return_oop=0}
                      ; - org.eclipse.osgi.internal.loader.classpath.ClasspathManager::defineClass@440 (line 781)
  0x00000225478aaa50: 2c40 0207 

  0x00000225478aaa54: ;   {other}
  0x00000225478aaa54: 0f1f 8400 | 4428 0022 | 488b 8424 

  0x00000225478aaa60: ; ImmutableOopMap {rax=Oop [120]=Oop [136]=Oop [144]=Oop [152]=Oop [160]=Oop [248]=Oop }
                      ;*athrow {reexecute=1 rethrow=0 return_oop=0}
                      ; - (reexecute) org.eclipse.osgi.internal.loader.classpath.ClasspathManager::defineClass@448 (line 782)
  0x00000225478aaa60: 2801 0000 

  0x00000225478aaa64: ;   {section_word}
  0x00000225478aaa64: 48ba 64aa | 8a47 2502 

  0x00000225478aaa6c: ;   {runtime_call handle_exception_nofpu Runtime1 stub}
  0x00000225478aaa6c: 0000 e88d | 5d04 0790 | 498b 8700 | 0500 004d | 33d2 4d89 | 9700 0500 | 004d 33d2 | 4d89 9708 
  0x00000225478aaa8c: 0500 008b | 520c 483b | 024c 8bc2 

  0x00000225478aaa98: ;   {metadata(method data for {method} {0x000002255c68dfb0} 'defineClass' '(Ljava/lang/String;[BLorg/eclipse/osgi/internal/loader/classpath/ClasspathEntry;Lorg/eclipse/osgi/storage/bundlefile/BundleEntry;Ljava/util/List;)Ljava/lang/Class;' in 'org/eclipse/osgi/internal/loader/classpath/ClasspathManager')}
  0x00000225478aaa98: 48bf 0000 | c65c 2502 | 0000 458b | 4008 49ba | 0000 0000 | 2502 0000 | 4d03 c24c | 3b87 8806 
  0x00000225478aaab8: 0000 750d | 4883 8790 | 0600 0001 | e960 0000 | 004c 3b87 | 9806 0000 | 750d 4883 | 87a0 0600 
  0x00000225478aaad8: 0001 e94a | 0000 0048 | 83bf 8806 | 0000 0075 | 174c 8987 | 8806 0000 | 48c7 8790 | 0600 0001 
  0x00000225478aaaf8: 0000 00e9 | 2900 0000 | 4883 bf98 | 0600 0000 | 7517 4c89 | 8798 0600 | 0048 c787 | a006 0000 
  0x00000225478aab18: 0100 0000 | e908 0000 | 0048 8387 | 7806 0000 | 014c 8b84 | 2488 0000 | 0048 8984 | 2430 0100 
  0x00000225478aab38: 000f 1f40 | 0048 b8ff | ffff ffff 

  0x00000225478aab44: ;   {virtual_call}
  0x00000225478aab44: ffff ffe8 

  0x00000225478aab48: ; ImmutableOopMap {[120]=Oop [136]=Oop [144]=Oop [152]=Oop [160]=Oop [304]=Oop [312]=Oop }
                      ;*invokeinterface remove {reexecute=0 rethrow=0 return_oop=0}
                      ; - org.eclipse.osgi.internal.loader.classpath.ClasspathManager::defineClass@235 (line 759)
  0x00000225478aab48: 343f 0207 

  0x00000225478aab4c: ;   {other}
  0x00000225478aab4c: 0f1f 8400 | 3c29 0024 | 488b 8424 

  0x00000225478aab58: ; ImmutableOopMap {rax=Oop [120]=Oop [136]=Oop [144]=Oop [152]=Oop [160]=Oop [312]=Oop }
                      ;*athrow {reexecute=1 rethrow=0 return_oop=0}
                      ; - (reexecute) org.eclipse.osgi.internal.loader.classpath.ClasspathManager::defineClass@243 (line 760)
  0x00000225478aab58: 3001 0000 

  0x00000225478aab5c: ;   {section_word}
  0x00000225478aab5c: 48ba 5cab | 8a47 2502 

  0x00000225478aab64: ;   {runtime_call handle_exception_nofpu Runtime1 stub}
  0x00000225478aab64: 0000 e895 | 5c04 0790 | 498b 8700 | 0500 004d | 33d2 4d89 | 9700 0500 | 004d 33d2 | 4d89 9708 
  0x00000225478aab84: ;   {metadata(method data for {method} {0x000002255c68dfb0} 'defineClass' '(Ljava/lang/String;[BLorg/eclipse/osgi/internal/loader/classpath/ClasspathEntry;Lorg/eclipse/osgi/storage/bundlefile/BundleEntry;Ljava/util/List;)Ljava/lang/Class;' in 'org/eclipse/osgi/internal/loader/classpath/ClasspathManager')}
  0x00000225478aab84: 0500 0048 | bf00 00c6 | 5c25 0200 | 00ff 87a8 | 0b00 0048 

  0x00000225478aab98: ;   {metadata(method data for {method} {0x000002255c68dfb0} 'defineClass' '(Ljava/lang/String;[BLorg/eclipse/osgi/internal/loader/classpath/ClasspathEntry;Lorg/eclipse/osgi/storage/bundlefile/BundleEntry;Ljava/util/List;)Ljava/lang/Class;' in 'org/eclipse/osgi/internal/loader/classpath/ClasspathManager')}
  0x00000225478aab98: 85d2 48bf | 0000 c65c | 2502 0000 | 48c7 c3b8 | 0b00 0074 | 0748 c7c3 | c80b 0000 | 488b 0c1f 
  0x00000225478aabb8: 488d 4901 | 4889 0c1f | 0f84 3200 | 0000 0fbe | 7a0c 85ff 

  0x00000225478aabcc: ;   {metadata(method data for {method} {0x000002255c68dfb0} 'defineClass' '(Ljava/lang/String;[BLorg/eclipse/osgi/internal/loader/classpath/ClasspathEntry;Lorg/eclipse/osgi/storage/bundlefile/BundleEntry;Ljava/util/List;)Ljava/lang/Class;' in 'org/eclipse/osgi/internal/loader/classpath/ClasspathManager')}
  0x00000225478aabcc: 48bf 0000 | c65c 2502 | 0000 48c7 | c3e8 0b00 | 0075 0748 | c7c3 d80b | 0000 488b | 0c1f 488d 
  0x00000225478aabec: 4901 4889 | 0c1f 0f85 | 0f00 0000 

  0x00000225478aabf8: ;   {oop(nullptr)}
  0x00000225478aabf8: 48bf 0000 | 0000 0000 | 0000 e916 | 0000 008b 

  0x00000225478aac08: ;   {metadata(method data for {method} {0x000002255c68dfb0} 'defineClass' '(Ljava/lang/String;[BLorg/eclipse/osgi/internal/loader/classpath/ClasspathEntry;Lorg/eclipse/osgi/storage/bundlefile/BundleEntry;Ljava/util/List;)Ljava/lang/Class;' in 'org/eclipse/osgi/internal/loader/classpath/ClasspathManager')}
  0x00000225478aac08: 5210 48bf | 0000 c65c | 2502 0000 | ff87 f80b | 0000 488b | fa48 89bc | 2440 0100 | 0048 8984 
  0x00000225478aac28: 2450 0100 | 0048 8b8c | 2490 0000 | 0048 3b01 

  0x00000225478aac38: ;   {metadata(method data for {method} {0x000002255c68dfb0} 'defineClass' '(Ljava/lang/String;[BLorg/eclipse/osgi/internal/loader/classpath/ClasspathEntry;Lorg/eclipse/osgi/storage/bundlefile/BundleEntry;Ljava/util/List;)Ljava/lang/Class;' in 'org/eclipse/osgi/internal/loader/classpath/ClasspathManager')}
  0x00000225478aac38: 488b d148 | bb00 00c6 | 5c25 0200 | 008b 5208 | 49ba 0000 | 0000 2502 | 0000 4903 | d248 3b93 
  0x00000225478aac58: 200c 0000 | 750d 4883 | 8328 0c00 | 0001 e960 | 0000 0048 | 3b93 300c | 0000 750d | 4883 8338 
  0x00000225478aac78: 0c00 0001 | e94a 0000 | 0048 83bb | 200c 0000 | 0075 1748 | 8993 200c | 0000 48c7 | 8328 0c00 
  0x00000225478aac98: 0001 0000 | 00e9 2900 | 0000 4883 | bb30 0c00 | 0000 7517 | 4889 9330 | 0c00 0048 | c783 380c 
  0x00000225478aacb8: 0000 0100 | 0000 e908 | 0000 0048 | 8383 100c | 0000 0148 | 8bd1 0f1f | 8000 0000 | 0048 b8ff 
  0x00000225478aacd8: ffff ffff 

  0x00000225478aacdc: ;   {virtual_call}
  0x00000225478aacdc: ffff ffe8 

  0x00000225478aace0: ; ImmutableOopMap {[120]=Oop [136]=Oop [152]=Oop [160]=Oop [320]=Oop [328]=Oop [336]=Oop }
                      ;*invokeinterface iterator {reexecute=0 rethrow=0 return_oop=0}
                      ; - org.eclipse.osgi.internal.loader.classpath.ClasspathManager::defineClass@497 (line 788)
  0x00000225478aace0: 9c3d 0207 

  0x00000225478aace4: ;   {other}
  0x00000225478aace4: 0f1f 8400 | d42a 0026 | 4889 8424 | 5801 0000 

  0x00000225478aacf4: ;   {metadata(method data for {method} {0x000002255c68dfb0} 'defineClass' '(Ljava/lang/String;[BLorg/eclipse/osgi/internal/loader/classpath/ClasspathEntry;Lorg/eclipse/osgi/storage/bundlefile/BundleEntry;Ljava/util/List;)Ljava/lang/Class;' in 'org/eclipse/osgi/internal/loader/classpath/ClasspathManager')}
  0x00000225478aacf4: 48ba 0000 | c65c 2502 | 0000 ff82 | 480c 0000 | e99b 0200 | 000f 1f80 | 0000 0000 | 488b 8424 
  0x00000225478aad14: 5801 0000 

  0x00000225478aad18: ;   {metadata(method data for {method} {0x000002255c68dfb0} 'defineClass' '(Ljava/lang/String;[BLorg/eclipse/osgi/internal/loader/classpath/ClasspathEntry;Lorg/eclipse/osgi/storage/bundlefile/BundleEntry;Ljava/util/List;)Ljava/lang/Class;' in 'org/eclipse/osgi/internal/loader/classpath/ClasspathManager')}
  0x00000225478aad18: 48be 0000 | c65c 2502 | 0000 8b40 | 0849 ba00 | 0000 0025 | 0200 0049 | 03c2 483b | 8670 0c00 
  0x00000225478aad38: 0075 0d48 | 8386 780c | 0000 01e9 | 6000 0000 | 483b 8680 | 0c00 0075 | 0d48 8386 | 880c 0000 
  0x00000225478aad58: 01e9 4a00 | 0000 4883 | be70 0c00 | 0000 7517 | 4889 8670 | 0c00 0048 | c786 780c | 0000 0100 
  0x00000225478aad78: 0000 e929 | 0000 0048 | 83be 800c | 0000 0075 | 1748 8986 | 800c 0000 | 48c7 8688 | 0c00 0001 
  0x00000225478aad98: 0000 00e9 | 0800 0000 | 4883 8660 | 0c00 0001 | 488b 9424 | 5801 0000 | 0f1f 4400 | 0048 b8ff 
  0x00000225478aadb8: ffff ffff 

  0x00000225478aadbc: ;   {virtual_call}
  0x00000225478aadbc: ffff ffe8 

  0x00000225478aadc0: ; ImmutableOopMap {[120]=Oop [136]=Oop [152]=Oop [160]=Oop [320]=Oop [328]=Oop [336]=Oop [344]=Oop }
                      ;*invokeinterface next {reexecute=0 rethrow=0 return_oop=0}
                      ; - org.eclipse.osgi.internal.loader.classpath.ClasspathManager::defineClass@509 (line 788)
  0x00000225478aadc0: bc3c 0207 

  0x00000225478aadc4: ;   {other}
  0x00000225478aadc4: 0f1f 8400 | b42b 0027 | 4885 c075 

  0x00000225478aadd0: ;   {metadata(method data for {method} {0x000002255c68dfb0} 'defineClass' '(Ljava/lang/String;[BLorg/eclipse/osgi/internal/loader/classpath/ClasspathEntry;Lorg/eclipse/osgi/storage/bundlefile/BundleEntry;Ljava/util/List;)Ljava/lang/Class;' in 'org/eclipse/osgi/internal/loader/classpath/ClasspathManager')}
  0x00000225478aadd0: 1749 b900 | 00c6 5c25 | 0200 0041 | 8089 910c | 0000 01e9 | ce00 0000 

  0x00000225478aade8: ;   {metadata('org/eclipse/osgi/internal/hookregistry/ClassLoaderHook')}
  0x00000225478aade8: 48bf 78eb | 0801 2502 | 0000 448b | 4808 49ba | 0000 0000 | 2502 0000 | 4d03 ca49 | 3b79 380f 
  0x00000225478aae08: 858d 0000 

  0x00000225478aae0c: ;   {metadata(method data for {method} {0x000002255c68dfb0} 'defineClass' '(Ljava/lang/String;[BLorg/eclipse/osgi/internal/loader/classpath/ClasspathEntry;Lorg/eclipse/osgi/storage/bundlefile/BundleEntry;Ljava/util/List;)Ljava/lang/Class;' in 'org/eclipse/osgi/internal/loader/classpath/ClasspathManager')}
  0x00000225478aae0c: 0049 b900 | 00c6 5c25 | 0200 008b | 7808 49ba | 0000 0000 | 2502 0000 | 4903 fa49 | 3bb9 a80c 
  0x00000225478aae2c: 0000 750d | 4983 81b0 | 0c00 0001 | e979 0000 | 0049 3bb9 | b80c 0000 | 750d 4983 | 81c0 0c00 
  0x00000225478aae4c: 0001 e963 | 0000 0049 | 83b9 a80c | 0000 0075 | 1749 89b9 | a80c 0000 | 49c7 81b0 | 0c00 0001 
  0x00000225478aae6c: 0000 00e9 | 4200 0000 | 4983 b9b8 | 0c00 0000 | 7517 4989 | b9b8 0c00 | 0049 c781 | c00c 0000 
  0x00000225478aae8c: 0100 0000 | e921 0000 | 00e9 1c00 

  0x00000225478aae98: ;   {metadata(method data for {method} {0x000002255c68dfb0} 'defineClass' '(Ljava/lang/String;[BLorg/eclipse/osgi/internal/loader/classpath/ClasspathEntry;Lorg/eclipse/osgi/storage/bundlefile/BundleEntry;Ljava/util/List;)Ljava/lang/Class;' in 'org/eclipse/osgi/internal/loader/classpath/ClasspathManager')}
  0x00000225478aae98: 0000 49b9 | 0000 c65c | 2502 0000 | 4983 a998 | 0c00 0001 | e951 0400 | 00e9 0000 | 0000 488b 
  0x00000225478aaeb8: d048 3b02 

  0x00000225478aaebc: ;   {metadata(method data for {method} {0x000002255c68dfb0} 'defineClass' '(Ljava/lang/String;[BLorg/eclipse/osgi/internal/loader/classpath/ClasspathEntry;Lorg/eclipse/osgi/storage/bundlefile/BundleEntry;Ljava/util/List;)Ljava/lang/Class;' in 'org/eclipse/osgi/internal/loader/classpath/ClasspathManager')}
  0x00000225478aaebc: 4c8b c249 | b900 00c6 | 5c25 0200 | 0045 8b40 | 0849 ba00 | 0000 0025 | 0200 004d | 03c2 4d3b 
  0x00000225478aaedc: 81e0 0c00 | 0075 0d49 | 8381 e80c | 0000 01e9 | 6000 0000 | 4d3b 81f0 | 0c00 0075 | 0d49 8381 
  0x00000225478aaefc: f80c 0000 | 01e9 4a00 | 0000 4983 | b9e0 0c00 | 0000 7517 | 4d89 81e0 | 0c00 0049 | c781 e80c 
  0x00000225478aaf1c: 0000 0100 | 0000 e929 | 0000 0049 | 83b9 f00c | 0000 0075 | 174d 8981 | f00c 0000 | 49c7 81f8 
  0x00000225478aaf3c: 0c00 0001 | 0000 00e9 | 0800 0000 | 4983 81d0 | 0c00 0001 | 4c8b 8424 | 8800 0000 | 4c8b 8c24 
  0x00000225478aaf5c: 4001 0000 | 488b bc24 | 4801 0000 | 488b b424 | a000 0000 | 488b 8c24 | 9800 0000 | 488b 5c24 
  0x00000225478aaf7c: 7848 891c | 240f 1f40 | 0048 b8ff | ffff ffff 

  0x00000225478aaf8c: ;   {virtual_call}
  0x00000225478aaf8c: ffff ffe8 

  0x00000225478aaf90: ; ImmutableOopMap {[120]=Oop [136]=Oop [152]=Oop [160]=Oop [320]=Oop [328]=Oop [336]=Oop [344]=Oop }
                      ;*invokevirtual recordClassDefine {reexecute=0 rethrow=0 return_oop=0}
                      ; - org.eclipse.osgi.internal.loader.classpath.ClasspathManager::defineClass@529 (line 789)
  0x00000225478aaf90: ec3a 0207 

  0x00000225478aaf94: ;   {other}
  0x00000225478aaf94: 0f1f 8400 | 842d 0028 | 488b 8424 | 5801 0000 

  0x00000225478aafa4: ; implicit exception: dispatches to 0x00000225478ab310
  0x00000225478aafa4: 483b 004c 

  0x00000225478aafa8: ;   {metadata(method data for {method} {0x000002255c68dfb0} 'defineClass' '(Ljava/lang/String;[BLorg/eclipse/osgi/internal/loader/classpath/ClasspathEntry;Lorg/eclipse/osgi/storage/bundlefile/BundleEntry;Ljava/util/List;)Ljava/lang/Class;' in 'org/eclipse/osgi/internal/loader/classpath/ClasspathManager')}
  0x00000225478aafa8: 8bc8 49bb | 0000 c65c | 2502 0000 | 458b 4908 | 49ba 0000 | 0000 2502 | 0000 4d03 | ca4d 3b8b 
  0x00000225478aafc8: 180d 0000 | 750d 4983 | 8320 0d00 | 0001 e960 | 0000 004d | 3b8b 280d | 0000 750d | 4983 8330 
  0x00000225478aafe8: 0d00 0001 | e94a 0000 | 0049 83bb | 180d 0000 | 0075 174d | 898b 180d | 0000 49c7 | 8320 0d00 
  0x00000225478ab008: 0001 0000 | 00e9 2900 | 0000 4983 | bb28 0d00 | 0000 7517 | 4d89 8b28 | 0d00 0049 | c783 300d 
  0x00000225478ab028: 0000 0100 | 0000 e908 | 0000 0049 | 8383 080d | 0000 0148 | 8bd0 0f1f | 8000 0000 | 0048 b8ff 
  0x00000225478ab048: ffff ffff 

  0x00000225478ab04c: ;   {virtual_call}
  0x00000225478ab04c: ffff ffe8 

  0x00000225478ab050: ; ImmutableOopMap {[120]=Oop [136]=Oop [152]=Oop [160]=Oop [320]=Oop [328]=Oop [336]=Oop [344]=Oop }
                      ;*invokeinterface hasNext {reexecute=0 rethrow=0 return_oop=0}
                      ; - org.eclipse.osgi.internal.loader.classpath.ClasspathManager::defineClass@534 (line 788)
  0x00000225478ab050: 2c3a 0207 

  0x00000225478ab054: ;   {other}
  0x00000225478ab054: 0f1f 8400 | 442e 0029 | 85c0 ba02 | 0000 0075 | 05ba 0000 

  0x00000225478ab068: ;   {metadata(method data for {method} {0x000002255c68dfb0} 'defineClass' '(Ljava/lang/String;[BLorg/eclipse/osgi/internal/loader/classpath/ClasspathEntry;Lorg/eclipse/osgi/storage/bundlefile/BundleEntry;Ljava/util/List;)Ljava/lang/Class;' in 'org/eclipse/osgi/internal/loader/classpath/ClasspathManager')}
  0x00000225478ab068: 0000 48be | 0000 c65c | 2502 0000 | 8bbe d000 | 0000 03fa | 89be d000 | 0000 85d2 | 7505 bf02 
  0x00000225478ab088: 0000 0081 | e7fe 3f00 | 0085 ff0f | 847c 0200 | 004d 8b97 

  0x00000225478ab09c: ; ImmutableOopMap {[120]=Oop [136]=Oop [152]=Oop [160]=Oop [320]=Oop [328]=Oop [336]=Oop [344]=Oop }
                      ;*ifne {reexecute=1 rethrow=0 return_oop=0}
                      ; - (reexecute) org.eclipse.osgi.internal.loader.classpath.ClasspathManager::defineClass@539 (line 788)
  0x00000225478ab09c: 5804 0000 

  0x00000225478ab0a0: ;   {poll}
  0x00000225478ab0a0: 4185 0285 

  0x00000225478ab0a4: ;   {metadata(method data for {method} {0x000002255c68dfb0} 'defineClass' '(Ljava/lang/String;[BLorg/eclipse/osgi/internal/loader/classpath/ClasspathEntry;Lorg/eclipse/osgi/storage/bundlefile/BundleEntry;Ljava/util/List;)Ljava/lang/Class;' in 'org/eclipse/osgi/internal/loader/classpath/ClasspathManager')}
  0x00000225478ab0a4: c048 ba00 | 00c6 5c25 | 0200 0048 | c7c6 400d | 0000 7507 | 48c7 c650 | 0d00 0048 | 8b3c 3248 
  0x00000225478ab0c4: 8d7f 0148 | 893c 320f | 853f fcff | ff48 8b84 | 2450 0100 | 00e9 a608 

  0x00000225478ab0dc: ;   {metadata({method} {0x000002255c68dfb0} 'defineClass' '(Ljava/lang/String;[BLorg/eclipse/osgi/internal/loader/classpath/ClasspathEntry;Lorg/eclipse/osgi/storage/bundlefile/BundleEntry;Ljava/util/List;)Ljava/lang/Class;' in 'org/eclipse/osgi/internal/loader/classpath/ClasspathManager')}
  0x00000225478ab0dc: 0000 49ba | a8df 685c | 2502 0000 | 4c89 5424 | 0848 c704 | 24ff ffff 

  0x00000225478ab0f4: ;   {runtime_call counter_overflow Runtime1 stub}
  0x00000225478ab0f4: ffe8 86ab 

  0x00000225478ab0f8: ; ImmutableOopMap {rdx=Oop r8=Oop r9=Oop rdi=Oop rsi=Oop rcx=Oop [120]=Oop [128]=Oop [136]=Oop [144]=Oop [152]=Oop [160]=Oop }
                      ;*synchronization entry
                      ; - org.eclipse.osgi.internal.loader.classpath.ClasspathManager::defineClass@-1 (line 730)
  0x00000225478ab0f8: 0d07 e953 

  0x00000225478ab0fc: ;   {runtime_call throw_null_pointer_exception Runtime1 stub}
  0x00000225478ab0fc: d7ff ffe8 

  0x00000225478ab100: ; ImmutableOopMap {rdx=Oop rsi=Oop [120]=Oop [128]=Oop [136]=Oop [144]=Oop [152]=Oop [160]=Oop }
                      ;*invokevirtual get {reexecute=0 rethrow=0 return_oop=0}
                      ; - org.eclipse.osgi.internal.loader.classpath.ClasspathManager::defineClass@16 (line 734)
  0x00000225478ab100: fc6e 0407 | 4889 0424 

  0x00000225478ab108: ;   {runtime_call throw_class_cast_exception Runtime1 stub}
  0x00000225478ab108: e873 7e0d 

  0x00000225478ab10c: ; ImmutableOopMap {[120]=Oop [128]=Oop [136]=Oop [144]=Oop [152]=Oop [160]=Oop }
                      ;*checkcast {reexecute=0 rethrow=0 return_oop=0}
                      ; - org.eclipse.osgi.internal.loader.classpath.ClasspathManager::defineClass@19 (line 734)
  0x00000225478ab10c: 0748 8bd2 

  0x00000225478ab110: ;   {runtime_call fast_new_instance Runtime1 stub}
  0x00000225478ab110: e8eb 6504 

  0x00000225478ab114: ; ImmutableOopMap {[120]=Oop [128]=Oop [136]=Oop [144]=Oop [152]=Oop [160]=Oop }
                      ;*new {reexecute=0 rethrow=0 return_oop=0}
                      ; - org.eclipse.osgi.internal.loader.classpath.ClasspathManager::defineClass@29 (line 736)
  0x00000225478ab114: 07e9 8bd9 

  0x00000225478ab118: ;   {metadata({method} {0x000002255c7889b8} '<init>' '()V' in 'org/eclipse/osgi/internal/loader/classpath/ClasspathManager$DefineContext')}
  0x00000225478ab118: ffff 49ba | b089 785c | 2502 0000 | 4c89 5424 | 0848 c704 | 24ff ffff 

  0x00000225478ab130: ;   {runtime_call counter_overflow Runtime1 stub}
  0x00000225478ab130: ffe8 4aab 

  0x00000225478ab134: ; ImmutableOopMap {rax=Oop [120]=Oop [128]=Oop [136]=Oop [144]=Oop [152]=Oop [160]=Oop [176]=Oop }
                      ;*synchronization entry
                      ; - org.eclipse.osgi.internal.loader.classpath.ClasspathManager$DefineContext::<init>@-1 (line 704)
                      ; - org.eclipse.osgi.internal.loader.classpath.ClasspathManager::defineClass@33 (line 736)
  0x00000225478ab134: 0d07 e9ae 

  0x00000225478ab138: ;   {metadata({method} {0x0000022500474dc0} '<init>' '()V' in 'java/lang/Object')}
  0x00000225478ab138: d9ff ff49 | bab8 4d47 | 0025 0200 | 004c 8954 | 2408 48c7 | 0424 ffff 

  0x00000225478ab150: ;   {runtime_call counter_overflow Runtime1 stub}
  0x00000225478ab150: ffff e829 

  0x00000225478ab154: ; ImmutableOopMap {rax=Oop [120]=Oop [128]=Oop [136]=Oop [144]=Oop [152]=Oop [160]=Oop [176]=Oop }
                      ;*synchronization entry
                      ; - java.lang.Object::<init>@-1
                      ; - org.eclipse.osgi.internal.loader.classpath.ClasspathManager$DefineContext::<init>@1 (line 704)
                      ; - org.eclipse.osgi.internal.loader.classpath.ClasspathManager::defineClass@33 (line 736)
  0x00000225478ab154: ab0d 07e9 | c9d9 ffff 

  0x00000225478ab15c: ;   {runtime_call fast_new_instance Runtime1 stub}
  0x00000225478ab15c: 488b d2e8 

  0x00000225478ab160: ; ImmutableOopMap {[120]=Oop [128]=Oop [136]=Oop [144]=Oop [152]=Oop [160]=Oop [176]=Oop }
                      ;*new {reexecute=0 rethrow=0 return_oop=0}
                      ; - org.eclipse.osgi.internal.loader.classpath.ClasspathManager$DefineContext::<init>@5 (line 705)
                      ; - org.eclipse.osgi.internal.loader.classpath.ClasspathManager::defineClass@33 (line 736)
  0x00000225478ab160: 9c65 0407 | e90c daff | ff48 8bd2 

  0x00000225478ab16c: ;   {runtime_call fast_new_instance Runtime1 stub}
  0x00000225478ab16c: e88f 6504 

  0x00000225478ab170: ; ImmutableOopMap {[120]=Oop [128]=Oop [136]=Oop [144]=Oop [152]=Oop [160]=Oop [176]=Oop }
                      ;*new {reexecute=0 rethrow=0 return_oop=0}
                      ; - org.eclipse.osgi.internal.loader.classpath.ClasspathManager$DefineContext::<init>@17 (line 706)
                      ; - org.eclipse.osgi.internal.loader.classpath.ClasspathManager::defineClass@33 (line 736)
  0x00000225478ab170: 07e9 b2da 

  0x00000225478ab174: ;   {runtime_call throw_null_pointer_exception Runtime1 stub}
  0x00000225478ab174: ffff e885 

  0x00000225478ab178: ; ImmutableOopMap {rax=Oop rdx=Oop rsi=Oop [120]=Oop [128]=Oop [136]=Oop [144]=Oop [152]=Oop [160]=Oop [176]=Oop }
                      ;*invokevirtual set {reexecute=0 rethrow=0 return_oop=0}
                      ; - org.eclipse.osgi.internal.loader.classpath.ClasspathManager::defineClass@44 (line 737)
                      ;   {runtime_call throw_null_pointer_exception Runtime1 stub}
  0x00000225478ab178: 6e04 07e8 

  0x00000225478ab17c: ; ImmutableOopMap {rdx=Oop rsi=Oop r8=Oop [120]=Oop [128]=Oop [136]=Oop [144]=Oop [152]=Oop [160]=Oop }
                      ;*invokevirtual getContainer {reexecute=0 rethrow=0 return_oop=0}
                      ; - org.eclipse.osgi.internal.loader.classpath.ClasspathManager::defineClass@51 (line 741)
  0x00000225478ab17c: 806e 0407 

  0x00000225478ab180: ;   {runtime_call throw_null_pointer_exception Runtime1 stub}
  0x00000225478ab180: e87b 6e04 

  0x00000225478ab184: ; ImmutableOopMap {rdx=Oop rsi=Oop r8=Oop [120]=Oop [128]=Oop [136]=Oop [144]=Oop [152]=Oop [160]=Oop }
                      ;*invokevirtual isProcessClassRecursionSupportedByAll {reexecute=0 rethrow=0 return_oop=0}
                      ; - org.eclipse.osgi.internal.loader.classpath.ClasspathManager::defineClass@54 (line 741)
                      ;   {runtime_call throw_null_pointer_exception Runtime1 stub}
  0x00000225478ab184: 07e8 766e 

  0x00000225478ab188: ; ImmutableOopMap {rdx=Oop [120]=Oop [128]=Oop [136]=Oop [144]=Oop [152]=Oop [160]=Oop }
                      ;*getfield currentlyProcessing {reexecute=1 rethrow=0 return_oop=0}
                      ; - (reexecute) org.eclipse.osgi.internal.loader.classpath.ClasspathManager::defineClass@62 (line 744)
                      ;   {runtime_call throw_null_pointer_exception Runtime1 stub}
  0x00000225478ab188: 0407 e871 

  0x00000225478ab18c: ; ImmutableOopMap {rdx=Oop rdi=Oop [120]=Oop [128]=Oop [136]=Oop [144]=Oop [152]=Oop [160]=Oop }
                      ;*invokeinterface contains {reexecute=0 rethrow=0 return_oop=0}
                      ; - org.eclipse.osgi.internal.loader.classpath.ClasspathManager::defineClass@66 (line 744)
                      ;   {runtime_call throw_null_pointer_exception Runtime1 stub}
  0x00000225478ab18c: 6e04 07e8 

  0x00000225478ab190: ; ImmutableOopMap {rdx=Oop rsi=Oop [120]=Oop [128]=Oop [136]=Oop [144]=Oop [152]=Oop [160]=Oop }
                      ;*invokeinterface add {reexecute=0 rethrow=0 return_oop=0}
                      ; - org.eclipse.osgi.internal.loader.classpath.ClasspathManager::defineClass@161 (line 750)
  0x00000225478ab190: 6c6e 0407 

  0x00000225478ab194: ;   {runtime_call throw_null_pointer_exception Runtime1 stub}
  0x00000225478ab194: e867 6e04 

  0x00000225478ab198: ; ImmutableOopMap {rcx=Oop [120]=Oop [128]=Oop [136]=Oop [144]=Oop [152]=Oop [160]=Oop [200]=Oop }
                      ;*invokeinterface iterator {reexecute=0 rethrow=0 return_oop=0}
                      ; - org.eclipse.osgi.internal.loader.classpath.ClasspathManager::defineClass@169 (line 753)
  0x00000225478ab198: 0748 8904 

  0x00000225478ab19c: ;   {runtime_call throw_class_cast_exception Runtime1 stub}
  0x00000225478ab19c: 24e8 de7d 

  0x00000225478ab1a0: ; ImmutableOopMap {[120]=Oop [136]=Oop [144]=Oop [152]=Oop [160]=Oop [200]=Oop [208]=Oop [216]=Oop }
                      ;*checkcast {reexecute=0 rethrow=0 return_oop=0}
                      ; - org.eclipse.osgi.internal.loader.classpath.ClasspathManager::defineClass@186 (line 753)
                      ;   {runtime_call throw_null_pointer_exception Runtime1 stub}
  0x00000225478ab1a0: 0d07 e859 

  0x00000225478ab1a4: ; ImmutableOopMap {rsi=Oop [120]=Oop [136]=Oop [144]=Oop [152]=Oop [160]=Oop [200]=Oop [208]=Oop [216]=Oop }
                      ;*invokevirtual isProcessClassRecursionSupported {reexecute=0 rethrow=0 return_oop=0}
                      ; - org.eclipse.osgi.internal.loader.classpath.ClasspathManager::defineClass@193 (line 754)
                      ;   {runtime_call throw_null_pointer_exception Runtime1 stub}
  0x00000225478ab1a4: 6e04 07e8 

  0x00000225478ab1a8: ; ImmutableOopMap {rax=Oop [120]=Oop [136]=Oop [144]=Oop [152]=Oop [160]=Oop [200]=Oop [208]=Oop [216]=Oop }
                      ;*invokeinterface hasNext {reexecute=0 rethrow=0 return_oop=0}
                      ; - org.eclipse.osgi.internal.loader.classpath.ClasspathManager::defineClass@216 (line 753)
  0x00000225478ab1a8: 546e 0407 

  0x00000225478ab1ac: ;   {metadata({method} {0x000002255c68dfb0} 'defineClass' '(Ljava/lang/String;[BLorg/eclipse/osgi/internal/loader/classpath/ClasspathEntry;Lorg/eclipse/osgi/storage/bundlefile/BundleEntry;Ljava/util/List;)Ljava/lang/Class;' in 'org/eclipse/osgi/internal/loader/classpath/ClasspathManager')}
  0x00000225478ab1ac: 49ba a8df | 685c 2502 | 0000 4c89 | 5424 0848 | c704 24dd 

  0x00000225478ab1c0: ;   {runtime_call counter_overflow Runtime1 stub}
  0x00000225478ab1c0: 0000 00e8 

  0x00000225478ab1c4: ; ImmutableOopMap {[120]=Oop [136]=Oop [144]=Oop [152]=Oop [160]=Oop [200]=Oop [208]=Oop [216]=Oop }
                      ;*ifne {reexecute=1 rethrow=0 return_oop=0}
                      ; - (reexecute) org.eclipse.osgi.internal.loader.classpath.ClasspathManager::defineClass@221 (line 753)
  0x00000225478ab1c4: b8aa 0d07 | e9ec e2ff 

  0x00000225478ab1cc: ;   {runtime_call throw_null_pointer_exception Runtime1 stub}
  0x00000225478ab1cc: ffe8 2e6e 

  0x00000225478ab1d0: ; ImmutableOopMap {rdx=Oop rsi=Oop [120]=Oop [136]=Oop [144]=Oop [152]=Oop [160]=Oop [216]=Oop }
                      ;*invokeinterface remove {reexecute=0 rethrow=0 return_oop=0}
                      ; - org.eclipse.osgi.internal.loader.classpath.ClasspathManager::defineClass@250 (line 759)
                      ;   {runtime_call throw_null_pointer_exception Runtime1 stub}
  0x00000225478ab1d0: 0407 e829 

  0x00000225478ab1d4: ; ImmutableOopMap {rcx=Oop [120]=Oop [136]=Oop [144]=Oop [152]=Oop [160]=Oop [200]=Oop [232]=Oop }
                      ;*invokeinterface iterator {reexecute=0 rethrow=0 return_oop=0}
                      ; - org.eclipse.osgi.internal.loader.classpath.ClasspathManager::defineClass@258 (line 764)
  0x00000225478ab1d4: 6e04 0748 

  0x00000225478ab1d8: ;   {runtime_call throw_class_cast_exception Runtime1 stub}
  0x00000225478ab1d8: 8904 24e8 

  0x00000225478ab1dc: ; ImmutableOopMap {[120]=Oop [136]=Oop [144]=Oop [152]=Oop [160]=Oop [200]=Oop [240]=Oop [248]=Oop }
                      ;*checkcast {reexecute=0 rethrow=0 return_oop=0}
                      ; - org.eclipse.osgi.internal.loader.classpath.ClasspathManager::defineClass@275 (line 764)
  0x00000225478ab1dc: a07d 0d07 

  0x00000225478ab1e0: ;   {runtime_call throw_null_pointer_exception Runtime1 stub}
  0x00000225478ab1e0: e81b 6e04 

  0x00000225478ab1e4: ; ImmutableOopMap {rsi=Oop [120]=Oop [136]=Oop [144]=Oop [152]=Oop [160]=Oop [200]=Oop [240]=Oop [248]=Oop }
                      ;*invokevirtual isProcessClassRecursionSupported {reexecute=0 rethrow=0 return_oop=0}
                      ; - org.eclipse.osgi.internal.loader.classpath.ClasspathManager::defineClass@282 (line 765)
                      ;   {runtime_call throw_null_pointer_exception Runtime1 stub}
  0x00000225478ab1e4: 07e8 166e 

  0x00000225478ab1e8: ; ImmutableOopMap {rax=Oop [120]=Oop [136]=Oop [144]=Oop [152]=Oop [160]=Oop [200]=Oop [240]=Oop [248]=Oop }
                      ;*invokeinterface hasNext {reexecute=0 rethrow=0 return_oop=0}
                      ; - org.eclipse.osgi.internal.loader.classpath.ClasspathManager::defineClass@305 (line 764)
                      ;   {metadata({method} {0x000002255c68dfb0} 'defineClass' '(Ljava/lang/String;[BLorg/eclipse/osgi/internal/loader/classpath/ClasspathEntry;Lorg/eclipse/osgi/storage/bundlefile/BundleEntry;Ljava/util/List;)Ljava/lang/Class;' in 'org/eclipse/osgi/internal/loader/classpath/ClasspathManager')}
  0x00000225478ab1e8: 0407 49ba | a8df 685c | 2502 0000 | 4c89 5424 | 0848 c704 | 2436 0100 

  0x00000225478ab200: ;   {runtime_call counter_overflow Runtime1 stub}
  0x00000225478ab200: 00e8 7aaa 

  0x00000225478ab204: ; ImmutableOopMap {[120]=Oop [136]=Oop [144]=Oop [152]=Oop [160]=Oop [200]=Oop [240]=Oop [248]=Oop }
                      ;*ifne {reexecute=1 rethrow=0 return_oop=0}
                      ; - (reexecute) org.eclipse.osgi.internal.loader.classpath.ClasspathManager::defineClass@310 (line 764)
  0x00000225478ab204: 0d07 e9e6 

  0x00000225478ab208: ;   {runtime_call throw_null_pointer_exception Runtime1 stub}
  0x00000225478ab208: e8ff ffe8 

  0x00000225478ab20c: ; ImmutableOopMap {rdx=Oop [120]=Oop [136]=Oop [144]=Oop [152]=Oop [160]=Oop [248]=Oop }
                      ;*getfield currentlyDefining {reexecute=1 rethrow=0 return_oop=0}
                      ; - (reexecute) org.eclipse.osgi.internal.loader.classpath.ClasspathManager::defineClass@315 (line 773)
  0x00000225478ab20c: f06d 0407 

  0x00000225478ab210: ;   {runtime_call throw_null_pointer_exception Runtime1 stub}
  0x00000225478ab210: e8eb 6d04 

  0x00000225478ab214: ; ImmutableOopMap {rdx=Oop rsi=Oop [120]=Oop [136]=Oop [144]=Oop [152]=Oop [160]=Oop [248]=Oop }
                      ;*invokeinterface contains {reexecute=0 rethrow=0 return_oop=0}
                      ; - org.eclipse.osgi.internal.loader.classpath.ClasspathManager::defineClass@319 (line 773)
  0x00000225478ab214: 0748 8904 

  0x00000225478ab218: ;   {runtime_call throw_class_cast_exception Runtime1 stub}
  0x00000225478ab218: 24e8 627d 

  0x00000225478ab21c: ; ImmutableOopMap {[120]=Oop [136]=Oop [152]=Oop [160]=Oop [248]=Oop [264]=Oop }
                      ;*checkcast {reexecute=0 rethrow=0 return_oop=0}
                      ; - org.eclipse.osgi.internal.loader.classpath.ClasspathManager::defineClass@375 (line 788)
                      ;   {runtime_call throw_null_pointer_exception Runtime1 stub}
  0x00000225478ab21c: 0d07 e8dd 

  0x00000225478ab220: ; ImmutableOopMap {rdx=Oop [120]=Oop [136]=Oop [152]=Oop [160]=Oop [248]=Oop [264]=Oop }
                      ;*invokevirtual recordClassDefine {reexecute=0 rethrow=0 return_oop=0}
                      ; - org.eclipse.osgi.internal.loader.classpath.ClasspathManager::defineClass@390 (line 789)
                      ;   {runtime_call throw_null_pointer_exception Runtime1 stub}
  0x00000225478ab220: 6d04 07e8 

  0x00000225478ab224: ; ImmutableOopMap {rax=Oop [120]=Oop [136]=Oop [152]=Oop [160]=Oop [248]=Oop [264]=Oop }
                      ;*invokeinterface hasNext {reexecute=0 rethrow=0 return_oop=0}
                      ; - org.eclipse.osgi.internal.loader.classpath.ClasspathManager::defineClass@395 (line 788)
  0x00000225478ab224: d86d 0407 

  0x00000225478ab228: ;   {metadata({method} {0x000002255c68dfb0} 'defineClass' '(Ljava/lang/String;[BLorg/eclipse/osgi/internal/loader/classpath/ClasspathEntry;Lorg/eclipse/osgi/storage/bundlefile/BundleEntry;Ljava/util/List;)Ljava/lang/Class;' in 'org/eclipse/osgi/internal/loader/classpath/ClasspathManager')}
  0x00000225478ab228: 49ba a8df | 685c 2502 | 0000 4c89 | 5424 0848 | c704 2490 

  0x00000225478ab23c: ;   {runtime_call counter_overflow Runtime1 stub}
  0x00000225478ab23c: 0100 00e8 

  0x00000225478ab240: ; ImmutableOopMap {[120]=Oop [136]=Oop [152]=Oop [160]=Oop [248]=Oop [264]=Oop }
                      ;*ifne {reexecute=1 rethrow=0 return_oop=0}
                      ; - (reexecute) org.eclipse.osgi.internal.loader.classpath.ClasspathManager::defineClass@400 (line 788)
  0x00000225478ab240: 3caa 0d07 | e960 eeff 

  0x00000225478ab248: ;   {runtime_call throw_null_pointer_exception Runtime1 stub}
  0x00000225478ab248: ffe8 b26d 

  0x00000225478ab24c: ; ImmutableOopMap {rdx=Oop rsi=Oop [120]=Oop [136]=Oop [144]=Oop [152]=Oop [160]=Oop [248]=Oop }
                      ;*invokeinterface add {reexecute=0 rethrow=0 return_oop=0}
                      ; - org.eclipse.osgi.internal.loader.classpath.ClasspathManager::defineClass@411 (line 777)
                      ;   {runtime_call throw_null_pointer_exception Runtime1 stub}
  0x00000225478ab24c: 0407 e8ad 

  0x00000225478ab250: ; ImmutableOopMap {rdx=Oop rsi=Oop [120]=Oop [136]=Oop [144]=Oop [152]=Oop [160]=Oop [200]=Oop [248]=Oop }
                      ;*invokevirtual defineClass {reexecute=0 rethrow=0 return_oop=0}
                      ; - org.eclipse.osgi.internal.loader.classpath.ClasspathManager::defineClass@424 (line 779)
                      ;   {runtime_call throw_null_pointer_exception Runtime1 stub}
  0x00000225478ab250: 6d04 07e8 

  0x00000225478ab254: ; ImmutableOopMap {rdx=Oop [120]=Oop [136]=Oop [144]=Oop [152]=Oop [160]=Oop [248]=Oop [272]=Oop }
                      ;*invokeinterface remove {reexecute=0 rethrow=0 return_oop=0}
                      ; - org.eclipse.osgi.internal.loader.classpath.ClasspathManager::defineClass@455 (line 781)
  0x00000225478ab254: a86d 0407 

  0x00000225478ab258: ;   {runtime_call throw_null_pointer_exception Runtime1 stub}
  0x00000225478ab258: e8a3 6d04 

  0x00000225478ab25c: ; ImmutableOopMap {rax=Oop [120]=Oop [136]=Oop [144]=Oop [152]=Oop [160]=Oop [248]=Oop [272]=Oop }
                      ;*getfield defined {reexecute=1 rethrow=0 return_oop=0}
                      ; - (reexecute) org.eclipse.osgi.internal.loader.classpath.ClasspathManager::defineClass@557 (line 787)
  0x00000225478ab25c: 0748 8904 

  0x00000225478ab260: ;   {runtime_call throw_class_cast_exception Runtime1 stub}
  0x00000225478ab260: 24e8 1a7d 

  0x00000225478ab264: ; ImmutableOopMap {[120]=Oop [136]=Oop [152]=Oop [160]=Oop [248]=Oop [272]=Oop [280]=Oop [288]=Oop }
                      ;*checkcast {reexecute=0 rethrow=0 return_oop=0}
                      ; - org.eclipse.osgi.internal.loader.classpath.ClasspathManager::defineClass@593 (line 788)
                      ;   {runtime_call throw_null_pointer_exception Runtime1 stub}
  0x00000225478ab264: 0d07 e895 

  0x00000225478ab268: ; ImmutableOopMap {rdx=Oop [120]=Oop [136]=Oop [152]=Oop [160]=Oop [248]=Oop [272]=Oop [280]=Oop [288]=Oop }
                      ;*invokevirtual recordClassDefine {reexecute=0 rethrow=0 return_oop=0}
                      ; - org.eclipse.osgi.internal.loader.classpath.ClasspathManager::defineClass@608 (line 789)
                      ;   {runtime_call throw_null_pointer_exception Runtime1 stub}
  0x00000225478ab268: 6d04 07e8 

  0x00000225478ab26c: ; ImmutableOopMap {rax=Oop [120]=Oop [136]=Oop [152]=Oop [160]=Oop [248]=Oop [272]=Oop [280]=Oop [288]=Oop }
                      ;*invokeinterface hasNext {reexecute=0 rethrow=0 return_oop=0}
                      ; - org.eclipse.osgi.internal.loader.classpath.ClasspathManager::defineClass@613 (line 788)
  0x00000225478ab26c: 906d 0407 

  0x00000225478ab270: ;   {metadata({method} {0x000002255c68dfb0} 'defineClass' '(Ljava/lang/String;[BLorg/eclipse/osgi/internal/loader/classpath/ClasspathEntry;Lorg/eclipse/osgi/storage/bundlefile/BundleEntry;Ljava/util/List;)Ljava/lang/Class;' in 'org/eclipse/osgi/internal/loader/classpath/ClasspathManager')}
  0x00000225478ab270: 49ba a8df | 685c 2502 | 0000 4c89 | 5424 0848 | c704 246a 

  0x00000225478ab284: ;   {runtime_call counter_overflow Runtime1 stub}
  0x00000225478ab284: 0200 00e8 

  0x00000225478ab288: ; ImmutableOopMap {[120]=Oop [136]=Oop [152]=Oop [160]=Oop [248]=Oop [272]=Oop [280]=Oop [288]=Oop }
                      ;*ifne {reexecute=1 rethrow=0 return_oop=0}
                      ; - (reexecute) org.eclipse.osgi.internal.loader.classpath.ClasspathManager::defineClass@618 (line 788)
  0x00000225478ab288: f4a9 0d07 | e9e0 f5ff 

  0x00000225478ab290: ;   {internal_word}
  0x00000225478ab290: ff49 ba02 | a98a 4725 | 0200 004d | 8997 6804 

  0x00000225478ab2a0: ;   {runtime_call SafepointBlob}
  0x00000225478ab2a0: 0000 e959 

  0x00000225478ab2a4: ;   {runtime_call throw_null_pointer_exception Runtime1 stub}
  0x00000225478ab2a4: 9802 07e8 

  0x00000225478ab2a8: ; ImmutableOopMap {}
                      ;*getfield clazz {reexecute=1 rethrow=0 return_oop=0}
                      ; - (reexecute) org.eclipse.osgi.internal.loader.classpath.ClasspathManager::defineClass@632 (line 794)
  0x00000225478ab2a8: 546d 0407 

  0x00000225478ab2ac: ;   {internal_word}
  0x00000225478ab2ac: 49ba 1ba9 | 8a47 2502 | 0000 4d89 | 9768 0400 

  0x00000225478ab2bc: ;   {runtime_call SafepointBlob}
  0x00000225478ab2bc: 00e9 3e98 

  0x00000225478ab2c0: ;   {internal_word}
  0x00000225478ab2c0: 0207 49ba | 3ba9 8a47 | 2502 0000 | 4d89 9768 

  0x00000225478ab2d0: ;   {runtime_call SafepointBlob}
  0x00000225478ab2d0: 0400 00e9 | 2898 0207 

  0x00000225478ab2d8: ;   {internal_word}
  0x00000225478ab2d8: 49ba 6ba9 | 8a47 2502 | 0000 4d89 | 9768 0400 

  0x00000225478ab2e8: ;   {runtime_call SafepointBlob}
  0x00000225478ab2e8: 00e9 1298 

  0x00000225478ab2ec: ;   {runtime_call throw_null_pointer_exception Runtime1 stub}
  0x00000225478ab2ec: 0207 e80d 

  0x00000225478ab2f0: ; ImmutableOopMap {rax=Oop rdx=Oop [120]=Oop [136]=Oop [144]=Oop [152]=Oop [160]=Oop [248]=Oop }
                      ;*invokeinterface remove {reexecute=0 rethrow=0 return_oop=0}
                      ; - org.eclipse.osgi.internal.loader.classpath.ClasspathManager::defineClass@440 (line 781)
                      ;   {runtime_call throw_null_pointer_exception Runtime1 stub}
  0x00000225478ab2f0: 6d04 07e8 

  0x00000225478ab2f4: ; ImmutableOopMap {rax=Oop rdx=Oop [120]=Oop [136]=Oop [144]=Oop [152]=Oop [160]=Oop [312]=Oop }
                      ;*invokeinterface remove {reexecute=0 rethrow=0 return_oop=0}
                      ; - org.eclipse.osgi.internal.loader.classpath.ClasspathManager::defineClass@235 (line 759)
  0x00000225478ab2f4: 086d 0407 

  0x00000225478ab2f8: ;   {runtime_call throw_null_pointer_exception Runtime1 stub}
  0x00000225478ab2f8: e803 6d04 

  0x00000225478ab2fc: ; ImmutableOopMap {rax=Oop rdx=Oop [120]=Oop [136]=Oop [144]=Oop [152]=Oop [160]=Oop [328]=Oop }
                      ;*getfield defined {reexecute=1 rethrow=0 return_oop=0}
                      ; - (reexecute) org.eclipse.osgi.internal.loader.classpath.ClasspathManager::defineClass@478 (line 787)
                      ;   {runtime_call throw_null_pointer_exception Runtime1 stub}
  0x00000225478ab2fc: 07e8 fe6c 

  0x00000225478ab300: ; ImmutableOopMap {rcx=Oop [120]=Oop [136]=Oop [144]=Oop [152]=Oop [160]=Oop [320]=Oop [328]=Oop [336]=Oop }
                      ;*invokeinterface iterator {reexecute=0 rethrow=0 return_oop=0}
                      ; - org.eclipse.osgi.internal.loader.classpath.ClasspathManager::defineClass@497 (line 788)
  0x00000225478ab300: 0407 4889 

  0x00000225478ab304: ;   {runtime_call throw_class_cast_exception Runtime1 stub}
  0x00000225478ab304: 0424 e875 

  0x00000225478ab308: ; ImmutableOopMap {[120]=Oop [136]=Oop [152]=Oop [160]=Oop [320]=Oop [328]=Oop [336]=Oop [344]=Oop }
                      ;*checkcast {reexecute=0 rethrow=0 return_oop=0}
                      ; - org.eclipse.osgi.internal.loader.classpath.ClasspathManager::defineClass@514 (line 788)
                      ;   {runtime_call throw_null_pointer_exception Runtime1 stub}
  0x00000225478ab308: 7c0d 07e8 

  0x00000225478ab30c: ; ImmutableOopMap {rdx=Oop [120]=Oop [136]=Oop [152]=Oop [160]=Oop [320]=Oop [328]=Oop [336]=Oop [344]=Oop }
                      ;*invokevirtual recordClassDefine {reexecute=0 rethrow=0 return_oop=0}
                      ; - org.eclipse.osgi.internal.loader.classpath.ClasspathManager::defineClass@529 (line 789)
  0x00000225478ab30c: f06c 0407 

  0x00000225478ab310: ;   {runtime_call throw_null_pointer_exception Runtime1 stub}
  0x00000225478ab310: e8eb 6c04 

  0x00000225478ab314: ; ImmutableOopMap {rax=Oop [120]=Oop [136]=Oop [152]=Oop [160]=Oop [320]=Oop [328]=Oop [336]=Oop [344]=Oop }
                      ;*invokeinterface hasNext {reexecute=0 rethrow=0 return_oop=0}
                      ; - org.eclipse.osgi.internal.loader.classpath.ClasspathManager::defineClass@534 (line 788)
                      ;   {metadata({method} {0x000002255c68dfb0} 'defineClass' '(Ljava/lang/String;[BLorg/eclipse/osgi/internal/loader/classpath/ClasspathEntry;Lorg/eclipse/osgi/storage/bundlefile/BundleEntry;Ljava/util/List;)Ljava/lang/Class;' in 'org/eclipse/osgi/internal/loader/classpath/ClasspathManager')}
  0x00000225478ab314: 0749 baa8 | df68 5c25 | 0200 004c | 8954 2408 | 48c7 0424 | 1b02 0000 

  0x00000225478ab32c: ;   {runtime_call counter_overflow Runtime1 stub}
  0x00000225478ab32c: e84f a90d 

  0x00000225478ab330: ; ImmutableOopMap {[120]=Oop [136]=Oop [152]=Oop [160]=Oop [320]=Oop [328]=Oop [336]=Oop [344]=Oop }
                      ;*ifne {reexecute=1 rethrow=0 return_oop=0}
                      ; - (reexecute) org.eclipse.osgi.internal.loader.classpath.ClasspathManager::defineClass@539 (line 788)
  0x00000225478ab330: 07e9 63fd 

  0x00000225478ab334: ;   {oop(nullptr)}
  0x00000225478ab334: ffff 48ba | 0000 0000 | 0000 0000 | 48ff b424 | 8000 0000 | 488f 8424 | 4801 0000 | e917 f8ff 
  0x00000225478ab354: ;   {oop(nullptr)}
  0x00000225478ab354: ff48 ba00 | 0000 0000 | 0000 0048 | ffb4 2480 | 0000 0048 | 8f84 2448 | 0100 00e9 | f8f7 ffff 
  0x00000225478ab374: ;   {oop(nullptr)}
  0x00000225478ab374: 48ba 0000 | 0000 0000 | 0000 48ff | b424 8000 | 0000 488f | 8424 4801 | 0000 e9d9 

  0x00000225478ab390: ;   {oop(nullptr)}
  0x00000225478ab390: f7ff ff48 | ba00 0000 | 0000 0000 | 0048 ffb4 | 2480 0000 | 0048 8f84 | 2448 0100 | 00e9 baf7 
  0x00000225478ab3b0: ;   {oop(nullptr)}
  0x00000225478ab3b0: ffff 48ba | 0000 0000 | 0000 0000 | 48ff b424 | 8000 0000 | 488f 8424 | 4801 0000 | e99b f7ff 
  0x00000225478ab3d0: ;   {oop(nullptr)}
  0x00000225478ab3d0: ff48 ba00 | 0000 0000 | 0000 0048 | ffb4 2480 | 0000 0048 | 8f84 2448 | 0100 00e9 | 7cf7 ffff 
  0x00000225478ab3f0: ;   {oop(nullptr)}
  0x00000225478ab3f0: 48ba 0000 | 0000 0000 | 0000 48ff | b424 8000 | 0000 488f | 8424 4801 | 0000 e95d | f7ff ff48 
  0x00000225478ab410: ffb4 2480 | 0000 0048 | 8f84 2438 | 0100 0048 | 8b94 24c8 | 0000 00e9 | 48f6 ffff | 48ff b424 
  0x00000225478ab430: d800 0000 | 488f 8424 | 3801 0000 | 488b 9424 | c800 0000 | e92b f6ff | ff48 ffb4 | 24d8 0000 
  0x00000225478ab450: 0048 8f84 | 2438 0100 | 0048 8b94 | 24c8 0000 | 00e9 0ef6 | ffff 48ff | b424 d800 | 0000 488f 
  0x00000225478ab470: 8424 3801 | 0000 488b | 9424 c800 | 0000 e9f1 | f5ff ff48 | ffb4 24d8 | 0000 0048 | 8f84 2438 
  0x00000225478ab490: 0100 0048 | 8b94 24c8 | 0000 00e9 | d4f5 ffff 

  0x00000225478ab4a0: ;   {oop(nullptr)}
  0x00000225478ab4a0: 48ba 0000 | 0000 0000 | 0000 48ff | b424 d800 | 0000 488f | 8424 4801 | 0000 e9ad 

  0x00000225478ab4bc: ;   {oop(nullptr)}
  0x00000225478ab4bc: f6ff ff48 | ba00 0000 | 0000 0000 | 0048 ffb4 | 24e8 0000 | 0048 8f84 | 2448 0100 | 00e9 8ef6 
  0x00000225478ab4dc: ;   {oop(nullptr)}
  0x00000225478ab4dc: ffff 48ba | 0000 0000 | 0000 0000 | 48ff b424 | f800 0000 | 488f 8424 | 4801 0000 | e96f f6ff 
  0x00000225478ab4fc: ;   {oop(nullptr)}
  0x00000225478ab4fc: ff48 ba00 | 0000 0000 | 0000 0048 | ffb4 24f8 | 0000 0048 | 8f84 2448 | 0100 00e9 | 50f6 ffff 
  0x00000225478ab51c: ;   {oop(nullptr)}
  0x00000225478ab51c: 48ba 0000 | 0000 0000 | 0000 48ff | b424 f800 | 0000 488f | 8424 4801 | 0000 e931 

  0x00000225478ab538: ;   {oop(nullptr)}
  0x00000225478ab538: f6ff ff48 | ba00 0000 | 0000 0000 | 0048 ffb4 | 24f8 0000 | 0048 8f84 | 2448 0100 | 00e9 12f6 
  0x00000225478ab558: ;   {oop(nullptr)}
  0x00000225478ab558: ffff 48ba | 0000 0000 | 0000 0000 | 48ff b424 | f800 0000 | 488f 8424 | 4801 0000 | e9f3 f5ff 
  0x00000225478ab578: ;   {oop(nullptr)}
  0x00000225478ab578: ff48 ba00 | 0000 0000 | 0000 0048 | ffb4 24f8 | 0000 0048 | 8f84 2448 | 0100 00e9 | d4f5 ffff 
  0x00000225478ab598: 488b 9424 | c800 0000 | e9d4 f3ff | ff48 8b94 | 2410 0100 | 0048 ffb4 | 24f8 0000 | 0048 8f84 
  0x00000225478ab5b8: 2448 0100 | 00e9 aaf5 

  0x00000225478ab5c0: ;   {oop(nullptr)}
  0x00000225478ab5c0: ffff 48ba | 0000 0000 | 0000 0000 | 48ff b424 | f800 0000 | 488f 8424 | 4801 0000 | e98b f5ff 
  0x00000225478ab5e0: ;   {oop(nullptr)}
  0x00000225478ab5e0: ff48 ba00 | 0000 0000 | 0000 0048 | ffb4 24f8 | 0000 0048 | 8f84 2448 | 0100 00e9 | 6cf5 ffff 
  0x00000225478ab600: ;   {oop(nullptr)}
  0x00000225478ab600: 48ba 0000 | 0000 0000 | 0000 48ff | b424 3801 | 0000 488f | 8424 4801 | 0000 e94d 

  0x00000225478ab61c: ;   {oop(nullptr)}
  0x00000225478ab61c: f5ff ff48 | ba00 0000 | 0000 0000 | 0048 ffb4 | 2438 0100 | 0048 8f84 | 2448 0100 | 00e9 2ef5 
  0x00000225478ab63c: ;   {oop(nullptr)}
  0x00000225478ab63c: ffff 48ba | 0000 0000 | 0000 0000 | 48ff b424 | 8000 0000 | 488f 8424 | 4801 0000 | e90f f5ff 
  0x00000225478ab65c: ;   {oop(nullptr)}
  0x00000225478ab65c: ff48 ba00 | 0000 0000 | 0000 0048 | ffb4 2480 | 0000 0048 | 8f84 2448 | 0100 00e9 | f0f4 ffff 
  0x00000225478ab67c: ;   {oop(nullptr)}
  0x00000225478ab67c: 48ba 0000 | 0000 0000 | 0000 48ff | b424 8000 | 0000 488f | 8424 4801 | 0000 e9d1 

  0x00000225478ab698: ;   {oop(nullptr)}
  0x00000225478ab698: f4ff ff48 | ba00 0000 | 0000 0000 | 0048 ffb4 | 2480 0000 | 0048 8f84 | 2448 0100 | 00e9 b2f4 
  0x00000225478ab6b8: ;   {oop(nullptr)}
  0x00000225478ab6b8: ffff 48ba | 0000 0000 | 0000 0000 | 48ff b424 | 8000 0000 | 488f 8424 | 4801 0000 | e993 f4ff 
  0x00000225478ab6d8: ;   {oop(nullptr)}
  0x00000225478ab6d8: ff48 ba00 | 0000 0000 | 0000 0048 | ffb4 2480 | 0000 0048 | 8f84 2448 | 0100 00e9 | 74f4 ffff 
  0x00000225478ab6f8: ;   {oop(nullptr)}
  0x00000225478ab6f8: 48ba 0000 | 0000 0000 | 0000 48ff | b424 8000 | 0000 488f | 8424 4801 | 0000 e955 

  0x00000225478ab714: ;   {oop(nullptr)}
  0x00000225478ab714: f4ff ff48 | ba00 0000 | 0000 0000 | 0048 ffb4 | 2480 0000 | 0048 8f84 | 2448 0100 | 00e9 36f4 
  0x00000225478ab734: ;   {oop(nullptr)}
  0x00000225478ab734: ffff 48ba | 0000 0000 | 0000 0000 | 48ff b424 | 8000 0000 | 488f 8424 | 4801 0000 | e917 f4ff 
  0x00000225478ab754: ;   {oop(nullptr)}
  0x00000225478ab754: ff48 ba00 | 0000 0000 | 0000 0048 | ffb4 2480 | 0000 0048 | 8f84 2448 | 0100 00e9 | f8f3 ffff 
  0x00000225478ab774: ;   {oop(nullptr)}
  0x00000225478ab774: 48ba 0000 | 0000 0000 | 0000 48ff | b424 8000 | 0000 488f | 8424 4801 | 0000 e9d9 | f3ff ff48 
  0x00000225478ab794: ffb4 2480 | 0000 0048 | 8f84 2438 | 0100 0048 | 8b94 24c8 | 0000 00e9 | c4f2 ffff | 48ff b424 
  0x00000225478ab7b4: d800 0000 | 488f 8424 | 3801 0000 | 488b 9424 | c800 0000 | e9a7 f2ff | ff48 ffb4 | 24d8 0000 
  0x00000225478ab7d4: 0048 8f84 | 2438 0100 | 0048 8b94 | 24c8 0000 | 00e9 8af2 | ffff 48ff | b424 d800 | 0000 488f 
  0x00000225478ab7f4: 8424 3801 | 0000 488b | 9424 c800 | 0000 e96d 

  0x00000225478ab804: ;   {oop(nullptr)}
  0x00000225478ab804: f2ff ff48 | ba00 0000 | 0000 0000 | 0048 ffb4 | 24d8 0000 | 0048 8f84 | 2448 0100 | 00e9 46f3 
  0x00000225478ab824: ;   {oop(nullptr)}
  0x00000225478ab824: ffff 48ba | 0000 0000 | 0000 0000 | 48ff b424 | e800 0000 | 488f 8424 | 4801 0000 | e927 f3ff 
  0x00000225478ab844: ;   {oop(nullptr)}
  0x00000225478ab844: ff48 ba00 | 0000 0000 | 0000 0048 | ffb4 24f8 | 0000 0048 | 8f84 2448 | 0100 00e9 | 08f3 ffff 
  0x00000225478ab864: ;   {oop(nullptr)}
  0x00000225478ab864: 48ba 0000 | 0000 0000 | 0000 48ff | b424 f800 | 0000 488f | 8424 4801 | 0000 e9e9 

  0x00000225478ab880: ;   {oop(nullptr)}
  0x00000225478ab880: f2ff ff48 | ba00 0000 | 0000 0000 | 0048 ffb4 | 24f8 0000 | 0048 8f84 | 2448 0100 | 00e9 caf2 
  0x00000225478ab8a0: ;   {oop(nullptr)}
  0x00000225478ab8a0: ffff 48ba | 0000 0000 | 0000 0000 | 48ff b424 | f800 0000 | 488f 8424 | 4801 0000 | e9ab f2ff 
  0x00000225478ab8c0: ;   {oop(nullptr)}
  0x00000225478ab8c0: ff48 ba00 | 0000 0000 | 0000 0048 | ffb4 24f8 | 0000 0048 | 8f84 2448 | 0100 00e9 | 8cf2 ffff 
  0x00000225478ab8e0: ;   {oop(nullptr)}
  0x00000225478ab8e0: 48ba 0000 | 0000 0000 | 0000 48ff | b424 f800 | 0000 488f | 8424 4801 | 0000 e96d | f2ff ff48 
  0x00000225478ab900: 8b94 24c8 | 0000 00e9 | 6df0 ffff | 488b 9424 | 1001 0000 | 48ff b424 | f800 0000 | 488f 8424 
  0x00000225478ab920: 4801 0000 | e943 f2ff 

  0x00000225478ab928: ;   {oop(nullptr)}
  0x00000225478ab928: ff48 ba00 | 0000 0000 | 0000 0048 | ffb4 24f8 | 0000 0048 | 8f84 2448 | 0100 00e9 | 24f2 ffff 
  0x00000225478ab948: ;   {oop(nullptr)}
  0x00000225478ab948: 48ba 0000 | 0000 0000 | 0000 48ff | b424 3801 | 0000 488f | 8424 4801 | 0000 e905 | f2ff ff49 
  0x00000225478ab968: 8b87 0005 | 0000 49c7 | 8700 0500 | 0000 0000 | 0049 c787 | 0805 0000 | 0000 0000 | 4881 c470 
  0x00000225478ab988: 0100 005d 

  0x00000225478ab98c: ;   {runtime_call unwind_exception Runtime1 stub}
  0x00000225478ab98c: e96f 7504 | 07f4 f4f4 | f4f4 f4f4 
[Stub Code]
  0x00000225478ab998: ;   {no_reloc}
  0x00000225478ab998: 0f1f 4400 

  0x00000225478ab99c: ;   {static_stub}
  0x00000225478ab99c: 0048 bb00 | 0000 0000 

  0x00000225478ab9a4: ;   {runtime_call nmethod}
  0x00000225478ab9a4: 0000 00e9 | fbff ffff 

  0x00000225478ab9ac: ;   {static_stub}
  0x00000225478ab9ac: 9048 bb00 | 0000 0000 

  0x00000225478ab9b4: ;   {runtime_call nmethod}
  0x00000225478ab9b4: 0000 00e9 | fbff ffff 

  0x00000225478ab9bc: ;   {static_stub}
  0x00000225478ab9bc: 9048 bb00 | 0000 0000 

  0x00000225478ab9c4: ;   {runtime_call nmethod}
  0x00000225478ab9c4: 0000 00e9 | fbff ffff 

  0x00000225478ab9cc: ;   {static_stub}
  0x00000225478ab9cc: 9048 bb00 | 0000 0000 

  0x00000225478ab9d4: ;   {runtime_call nmethod}
  0x00000225478ab9d4: 0000 00e9 | fbff ffff 

  0x00000225478ab9dc: ;   {static_stub}
  0x00000225478ab9dc: 9048 bb00 | 0000 0000 

  0x00000225478ab9e4: ;   {runtime_call nmethod}
  0x00000225478ab9e4: 0000 00e9 | fbff ffff 

  0x00000225478ab9ec: ;   {static_stub}
  0x00000225478ab9ec: 9048 bb00 | 0000 0000 

  0x00000225478ab9f4: ;   {runtime_call nmethod}
  0x00000225478ab9f4: 0000 00e9 | fbff ffff 

  0x00000225478ab9fc: ;   {static_stub}
  0x00000225478ab9fc: 9048 bb00 | 0000 0000 

  0x00000225478aba04: ;   {runtime_call nmethod}
  0x00000225478aba04: 0000 00e9 | fbff ffff 

  0x00000225478aba0c: ;   {static_stub}
  0x00000225478aba0c: 9048 bb00 | 0000 0000 

  0x00000225478aba14: ;   {runtime_call nmethod}
  0x00000225478aba14: 0000 00e9 | fbff ffff 

  0x00000225478aba1c: ;   {static_stub}
  0x00000225478aba1c: 9048 bb00 | 0000 0000 

  0x00000225478aba24: ;   {runtime_call nmethod}
  0x00000225478aba24: 0000 00e9 | fbff ffff 

  0x00000225478aba2c: ;   {static_stub}
  0x00000225478aba2c: 9048 bb00 | 0000 0000 

  0x00000225478aba34: ;   {runtime_call nmethod}
  0x00000225478aba34: 0000 00e9 | fbff ffff 

  0x00000225478aba3c: ;   {static_stub}
  0x00000225478aba3c: 9048 bb00 | 0000 0000 

  0x00000225478aba44: ;   {runtime_call nmethod}
  0x00000225478aba44: 0000 00e9 | fbff ffff 

  0x00000225478aba4c: ;   {static_stub}
  0x00000225478aba4c: 9048 bb00 | 0000 0000 

  0x00000225478aba54: ;   {runtime_call nmethod}
  0x00000225478aba54: 0000 00e9 | fbff ffff 

  0x00000225478aba5c: ;   {static_stub}
  0x00000225478aba5c: 9048 bb00 | 0000 0000 

  0x00000225478aba64: ;   {runtime_call nmethod}
  0x00000225478aba64: 0000 00e9 | fbff ffff 

  0x00000225478aba6c: ;   {static_stub}
  0x00000225478aba6c: 9048 bb00 | 0000 0000 

  0x00000225478aba74: ;   {runtime_call nmethod}
  0x00000225478aba74: 0000 00e9 | fbff ffff 

  0x00000225478aba7c: ;   {static_stub}
  0x00000225478aba7c: 9048 bb00 | 0000 0000 

  0x00000225478aba84: ;   {runtime_call nmethod}
  0x00000225478aba84: 0000 00e9 | fbff ffff 

  0x00000225478aba8c: ;   {static_stub}
  0x00000225478aba8c: 9048 bb00 | 0000 0000 

  0x00000225478aba94: ;   {runtime_call nmethod}
  0x00000225478aba94: 0000 00e9 | fbff ffff 

  0x00000225478aba9c: ;   {static_stub}
  0x00000225478aba9c: 9048 bb00 | 0000 0000 

  0x00000225478abaa4: ;   {runtime_call nmethod}
  0x00000225478abaa4: 0000 00e9 | fbff ffff 

  0x00000225478abaac: ;   {static_stub}
  0x00000225478abaac: 9048 bb00 | 0000 0000 

  0x00000225478abab4: ;   {runtime_call nmethod}
  0x00000225478abab4: 0000 00e9 | fbff ffff 

  0x00000225478ababc: ;   {static_stub}
  0x00000225478ababc: 9048 bb00 | 0000 0000 

  0x00000225478abac4: ;   {runtime_call nmethod}
  0x00000225478abac4: 0000 00e9 | fbff ffff 

  0x00000225478abacc: ;   {static_stub}
  0x00000225478abacc: 9048 bbb0 | 4662 5c25 

  0x00000225478abad4: ;   {runtime_call I2C/C2I adapters}
  0x00000225478abad4: 0200 00e9 | 1398 0107 

  0x00000225478abadc: ;   {static_stub}
  0x00000225478abadc: 9048 bb00 | 0000 0000 

  0x00000225478abae4: ;   {runtime_call nmethod}
  0x00000225478abae4: 0000 00e9 | fbff ffff 

  0x00000225478abaec: ;   {static_stub}
  0x00000225478abaec: 9048 bb00 | 0000 0000 

  0x00000225478abaf4: ;   {runtime_call nmethod}
  0x00000225478abaf4: 0000 00e9 | fbff ffff 

  0x00000225478abafc: ;   {static_stub}
  0x00000225478abafc: 9048 bb00 | 0000 0000 

  0x00000225478abb04: ;   {runtime_call nmethod}
  0x00000225478abb04: 0000 00e9 | fbff ffff 

  0x00000225478abb0c: ;   {static_stub}
  0x00000225478abb0c: 9048 bb00 | 0000 0000 

  0x00000225478abb14: ;   {runtime_call nmethod}
  0x00000225478abb14: 0000 00e9 | fbff ffff 

  0x00000225478abb1c: ;   {static_stub}
  0x00000225478abb1c: 9048 bb00 | 0000 0000 

  0x00000225478abb24: ;   {runtime_call nmethod}
  0x00000225478abb24: 0000 00e9 | fbff ffff 

  0x00000225478abb2c: ;   {static_stub}
  0x00000225478abb2c: 9048 bb00 | 0000 0000 

  0x00000225478abb34: ;   {runtime_call nmethod}
  0x00000225478abb34: 0000 00e9 | fbff ffff 

  0x00000225478abb3c: ;   {static_stub}
  0x00000225478abb3c: 9048 bb00 | 0000 0000 

  0x00000225478abb44: ;   {runtime_call nmethod}
  0x00000225478abb44: 0000 00e9 | fbff ffff 

  0x00000225478abb4c: ;   {static_stub}
  0x00000225478abb4c: 9048 bb00 | 0000 0000 

  0x00000225478abb54: ;   {runtime_call nmethod}
  0x00000225478abb54: 0000 00e9 | fbff ffff 

  0x00000225478abb5c: ;   {static_stub}
  0x00000225478abb5c: 9048 bb00 | 0000 0000 

  0x00000225478abb64: ;   {runtime_call nmethod}
  0x00000225478abb64: 0000 00e9 | fbff ffff 

  0x00000225478abb6c: ;   {static_stub}
  0x00000225478abb6c: 9048 bb00 | 0000 0000 

  0x00000225478abb74: ;   {runtime_call nmethod}
  0x00000225478abb74: 0000 00e9 | fbff ffff 

  0x00000225478abb7c: ;   {static_stub}
  0x00000225478abb7c: 9048 bb00 | 0000 0000 

  0x00000225478abb84: ;   {runtime_call nmethod}
  0x00000225478abb84: 0000 00e9 | fbff ffff 

  0x00000225478abb8c: ;   {static_stub}
  0x00000225478abb8c: 48bb 0000 | 0000 0000 

  0x00000225478abb94: ;   {runtime_call nmethod}
  0x00000225478abb94: 0000 e9fb 

  0x00000225478abb98: ;   {static_stub}
  0x00000225478abb98: ffff ff48 | bb00 0000 | 0000 0000 

  0x00000225478abba4: ;   {runtime_call nmethod}
  0x00000225478abba4: 00e9 fbff 

  0x00000225478abba8: ;   {static_stub}
  0x00000225478abba8: ffff 48bb | d8e5 685c | 2502 0000 

  0x00000225478abbb4: ;   {runtime_call I2C/C2I adapters}
  0x00000225478abbb4: e9b2 f401 

  0x00000225478abbb8: ;   {runtime_call handle_exception_from_callee Runtime1 stub}
  0x00000225478abbb8: 07e8 4246 

  0x00000225478abbbc: ;   {external_word}
  0x00000225478abbbc: 0407 48b9 | 4053 7aaf | fd7f 0000 | 4883 e4f0 

  0x00000225478abbcc: ;   {runtime_call}
  0x00000225478abbcc: 48b8 b0c3 | 3caf fd7f | 0000 ffd0 

  0x00000225478abbd8: ;   {section_word}
  0x00000225478abbd8: f449 bad9 | bb8a 4725 | 0200 0041 

  0x00000225478abbe4: ;   {runtime_call DeoptimizationBlob}
  0x00000225478abbe4: 52e9 b681 | 0207 f4f4 | f4f4 f4f4 
[/MachCode]


---------------  P R O C E S S  ---------------

Threads class SMR info:
_java_thread_list=0x000002256020ee80, length=17, elements={
0x00000225441537b0, 0x000002254420c760, 0x000002254420d510, 0x000002254420e780,
0x000002255ab49380, 0x000002255ab4a270, 0x000002255ab4acd0, 0x000002255ab4ba60,
0x000002255abbad60, 0x000002255b940290, 0x000002255b9a2cc0, 0x0000022560175ae0,
0x0000022560198f70, 0x000002255ba03870, 0x000002255ba03ee0, 0x00000225600310c0,
0x0000022560950ab0
}

Java Threads: ( => current thread )
  0x00000225441537b0 JavaThread "main"                              [_thread_blocked, id=17388, stack(0x000000b303100000,0x000000b303200000) (1024K)]
  0x000002254420c760 JavaThread "Reference Handler"          daemon [_thread_blocked, id=13248, stack(0x000000b303700000,0x000000b303800000) (1024K)]
  0x000002254420d510 JavaThread "Finalizer"                  daemon [_thread_blocked, id=5876, stack(0x000000b303800000,0x000000b303900000) (1024K)]
  0x000002254420e780 JavaThread "Signal Dispatcher"          daemon [_thread_blocked, id=1132, stack(0x000000b303900000,0x000000b303a00000) (1024K)]
  0x000002255ab49380 JavaThread "Attach Listener"            daemon [_thread_blocked, id=12308, stack(0x000000b303a00000,0x000000b303b00000) (1024K)]
  0x000002255ab4a270 JavaThread "Service Thread"             daemon [_thread_blocked, id=4024, stack(0x000000b303b00000,0x000000b303c00000) (1024K)]
  0x000002255ab4acd0 JavaThread "Monitor Deflation Thread"   daemon [_thread_blocked, id=11996, stack(0x000000b303c00000,0x000000b303d00000) (1024K)]
  0x000002255ab4ba60 JavaThread "C2 CompilerThread0"         daemon [_thread_blocked, id=13156, stack(0x000000b303d00000,0x000000b303e00000) (1024K)]
  0x000002255abbad60 JavaThread "C1 CompilerThread0"         daemon [_thread_blocked, id=4400, stack(0x000000b303e00000,0x000000b303f00000) (1024K)]
  0x000002255b940290 JavaThread "Common-Cleaner"             daemon [_thread_blocked, id=14388, stack(0x000000b303f00000,0x000000b304000000) (1024K)]
  0x000002255b9a2cc0 JavaThread "Notification Thread"        daemon [_thread_blocked, id=15764, stack(0x000000b304000000,0x000000b304100000) (1024K)]
  0x0000022560175ae0 JavaThread "Active Thread: Equinox Container: cdf40b9a-ae78-46bc-8063-dde8844c8d72"        [_thread_blocked, id=4332, stack(0x000000b304400000,0x000000b304500000) (1024K)]
  0x0000022560198f70 JavaThread "Refresh Thread: Equinox Container: cdf40b9a-ae78-46bc-8063-dde8844c8d72" daemon [_thread_blocked, id=17724, stack(0x000000b304500000,0x000000b304600000) (1024K)]
  0x000002255ba03870 JavaThread "Framework Event Dispatcher: Equinox Container: cdf40b9a-ae78-46bc-8063-dde8844c8d72" daemon [_thread_blocked, id=1440, stack(0x000000b304600000,0x000000b304700000) (1024K)]
=>0x000002255ba03ee0 JavaThread "Start Level: Equinox Container: cdf40b9a-ae78-46bc-8063-dde8844c8d72" daemon [_thread_in_vm, id=10820, stack(0x000000b304700000,0x000000b304800000) (1024K)]
  0x00000225600310c0 JavaThread "Bundle File Closer"         daemon [_thread_blocked, id=9892, stack(0x000000b304800000,0x000000b304900000) (1024K)]
  0x0000022560950ab0 JavaThread "SCR Component Actor"        daemon [_thread_blocked, id=17108, stack(0x000000b304900000,0x000000b304a00000) (1024K)]
Total: 17

Other Threads:
  0x00000225441f1e30 VMThread "VM Thread"                           [id=15260, stack(0x000000b303600000,0x000000b303700000) (1024K)] _threads_hazard_ptr=0x000002256020ee80
  0x00000225441be7d0 WatcherThread "VM Periodic Task Thread"        [id=15600, stack(0x000000b303500000,0x000000b303600000) (1024K)]
  0x00000225441728c0 WorkerThread "GC Thread#0"                     [id=13956, stack(0x000000b303300000,0x000000b303400000) (1024K)]
  0x0000022560252b40 WorkerThread "GC Thread#1"                     [id=15092, stack(0x000000b304100000,0x000000b304200000) (1024K)]
  0x0000022560202b60 WorkerThread "GC Thread#2"                     [id=11096, stack(0x000000b304200000,0x000000b304300000) (1024K)]
  0x000002255ab76410 WorkerThread "GC Thread#3"                     [id=14736, stack(0x000000b304300000,0x000000b304400000) (1024K)]
Total: 6

Threads with active compile tasks:
Total: 0

VM state: synchronizing (normal execution)

VM Mutex/Monitor currently owned by a thread:  ([mutex/lock_event])
[0x00007ffdafa5c4e0] Metaspace_lock - owner thread: 0x000002255ba03ee0
[0x00007ffdafa5e560] Threads_lock - owner thread: 0x00000225441f1e30

Heap address: 0x0000000080000000, size: 2048 MB, Compressed Oops mode: 32-bit

CDS archive(s) mapped at: [0x0000022500000000-0x0000022500ba0000-0x0000022500ba0000), size 12189696, SharedBaseAddress: 0x0000022500000000, ArchiveRelocationMode: 1.
Compressed class space mapped at: 0x0000022501000000-0x0000022541000000, reserved size: 1073741824
Narrow klass base: 0x0000022500000000, Narrow klass shift: 0, Narrow klass range: 0x100000000

GC Precious Log:
 CardTable entry size: 512
 CPUs: 4 total, 4 available
 Memory: 8083M
 Large Page Support: Disabled
 NUMA Support: Disabled
 Compressed Oops: Enabled (32-bit)
 Alignments: Space 512K, Generation 512K, Heap 2M
 Heap Min Capacity: 100M
 Heap Initial Capacity: 100M
 Heap Max Capacity: 2G
 Pre-touch: Disabled
 Parallel Workers: 4

Heap:
 PSYoungGen      total 29696K, used 18316K [0x00000000d5580000, 0x00000000d7680000, 0x0000000100000000)
  eden space 25600K, 55% used [0x00000000d5580000,0x00000000d6363ac0,0x00000000d6e80000)
  from space 4096K, 99% used [0x00000000d7280000,0x00000000d767f7f0,0x00000000d7680000)
  to   space 4096K, 0% used [0x00000000d6e80000,0x00000000d6e80000,0x00000000d7280000)
 ParOldGen       total 68608K, used 6695K [0x0000000080000000, 0x0000000084300000, 0x00000000d5580000)
  object space 68608K, 9% used [0x0000000080000000,0x0000000080689d68,0x0000000084300000)
 Metaspace       used 13551K, committed 14016K, reserved 1114112K
  class space    used 1411K, committed 1600K, reserved 1048576K

Card table byte_map: [0x0000022543b10000,0x0000022543f20000] _byte_map_base: 0x0000022543710000

Marking Bits: (ParMarkBitMap*) 0x00007ffdafa63450
 Begin Bits: [0x0000022556600000, 0x0000022558600000)
 End Bits:   [0x0000022558600000, 0x000002255a600000)

Polling page: 0x00000225421a0000

Metaspace:

Usage:
  Non-class:     11.86 MB used.
      Class:      1.38 MB used.
       Both:     13.23 MB used.

Virtual space:
  Non-class space:       64.00 MB reserved,      12.12 MB ( 19%) committed,  1 nodes.
      Class space:        1.00 GB reserved,       1.56 MB ( <1%) committed,  1 nodes.
             Both:        1.06 GB reserved,      13.69 MB (  1%) committed. 

Chunk freelists:
   Non-Class:  3.11 MB
       Class:  14.45 MB
        Both:  17.55 MB

MaxMetaspaceSize: unlimited
CompressedClassSpaceSize: 1.00 GB
Initial GC threshold: 21.00 MB
Current GC threshold: 21.00 MB
CDS: on
 - commit_granule_bytes: 65536.
 - commit_granule_words: 8192.
 - virtual_space_node_default_size: 8388608.
 - enlarge_chunks_in_place: 1.
 - use_allocation_guard: 0.


Internal statistics:

num_allocs_failed_limit: 0.
num_arena_births: 352.
num_arena_deaths: 0.
num_vsnodes_births: 2.
num_vsnodes_deaths: 0.
num_space_committed: 219.
num_space_uncommitted: 0.
num_chunks_returned_to_freelist: 0.
num_chunks_taken_from_freelist: 796.
num_chunk_merges: 0.
num_chunk_splits: 498.
num_chunks_enlarged: 322.
num_inconsistent_stats: 0.

CodeHeap 'non-profiled nmethods': size=120000Kb used=1289Kb max_used=1289Kb free=118710Kb
 bounds [0x000002254ee20000, 0x000002254f090000, 0x0000022556350000]
CodeHeap 'profiled nmethods': size=120000Kb used=5647Kb max_used=5647Kb free=114352Kb
 bounds [0x0000022547350000, 0x00000225478e0000, 0x000002254e880000]
CodeHeap 'non-nmethods': size=5760Kb used=1245Kb max_used=1267Kb free=4514Kb
 bounds [0x000002254e880000, 0x000002254eaf0000, 0x000002254ee20000]
CodeCache: size=245760Kb, used=8181Kb, max_used=8203Kb, free=237576Kb
 total_blobs=3355, nmethods=2841, adapters=420, full_count=0
Compilation: enabled, stopped_count=0, restarted_count=0

Compilation events (20 events):
Event: 27.944 Thread 0x000002255abbad60 2840       3       java.util.regex.Pattern$Node::<init> (12 bytes)
Event: 27.944 Thread 0x000002255abbad60 nmethod 2840 0x00000225478ce510 code [0x00000225478ce6c0, 0x00000225478ce848]
Event: 27.970 Thread 0x000002255abbad60 2841       3       java.util.LinkedList$ListItr::checkForComodification (23 bytes)
Event: 27.970 Thread 0x000002255abbad60 nmethod 2841 0x00000225478ce910 code [0x00000225478ceac0, 0x00000225478cece8]
Event: 27.970 Thread 0x000002255abbad60 2842       3       org.eclipse.osgi.internal.framework.FilterImpl$And::matches0 (41 bytes)
Event: 27.971 Thread 0x000002255abbad60 nmethod 2842 0x00000225478cee10 code [0x00000225478cefe0, 0x00000225478cf308]
Event: 27.971 Thread 0x000002255abbad60 2843       3       org.eclipse.osgi.internal.framework.FilterImpl$Equal::comparison (8 bytes)
Event: 27.971 Thread 0x000002255abbad60 nmethod 2843 0x00000225478cf490 code [0x00000225478cf640, 0x00000225478cf7b0]
Event: 27.993 Thread 0x000002255abbad60 2844       3       java.util.zip.ZipFile::<init> (7 bytes)
Event: 27.993 Thread 0x000002255abbad60 nmethod 2844 0x00000225478cf890 code [0x00000225478cfa40, 0x00000225478cfbe8]
Event: 27.997 Thread 0x000002255ab4ba60 2845   !   4       org.eclipse.osgi.internal.framework.EquinoxContainer::getServiceRegistry (17 bytes)
Event: 27.999 Thread 0x000002255ab4ba60 nmethod 2845 0x000002254ef62310 code [0x000002254ef624a0, 0x000002254ef626a0]
Event: 28.009 Thread 0x000002255abbad60 2846       3       org.eclipse.osgi.internal.loader.BundleLoader::isTriggerSet (8 bytes)
Event: 28.010 Thread 0x000002255abbad60 nmethod 2846 0x00000225478cfd10 code [0x00000225478cfec0, 0x00000225478d0090]
Event: 28.177 Thread 0x000002255abbad60 2847   !   3       org.eclipse.osgi.internal.loader.ModuleClassLoader::publicGetPackage (18 bytes)
Event: 28.177 Thread 0x000002255abbad60 nmethod 2847 0x00000225478d0190 code [0x00000225478d0340, 0x00000225478d05f8]
Event: 28.177 Thread 0x000002255abbad60 2848   !   3       org.eclipse.osgi.internal.weaving.WeavingHookConfigurator::processClass (249 bytes)
Event: 28.179 Thread 0x000002255abbad60 nmethod 2848 0x00000225478d0710 code [0x00000225478d0ae0, 0x00000225478d28a0]
Event: 28.183 Thread 0x000002255abbad60 2849       3       org.eclipse.osgi.internal.weaving.DynamicImportList::<init> (22 bytes)
Event: 28.183 Thread 0x000002255abbad60 nmethod 2849 0x00000225478d3690 code [0x00000225478d3860, 0x00000225478d3b70]

GC Heap History (8 events):
Event: 8.109 GC heap before
{Heap before GC invocations=1 (full 0):
 PSYoungGen      total 29696K, used 25600K [0x00000000d5580000, 0x00000000d7680000, 0x0000000100000000)
  eden space 25600K, 100% used [0x00000000d5580000,0x00000000d6e80000,0x00000000d6e80000)
  from space 4096K, 0% used [0x00000000d7280000,0x00000000d7280000,0x00000000d7680000)
  to   space 4096K, 0% used [0x00000000d6e80000,0x00000000d6e80000,0x00000000d7280000)
 ParOldGen       total 68608K, used 0K [0x0000000080000000, 0x0000000084300000, 0x00000000d5580000)
  object space 68608K, 0% used [0x0000000080000000,0x0000000080000000,0x0000000084300000)
 Metaspace       used 4323K, committed 4608K, reserved 1114112K
  class space    used 471K, committed 576K, reserved 1048576K
}
Event: 8.260 GC heap after
{Heap after GC invocations=1 (full 0):
 PSYoungGen      total 29696K, used 3271K [0x00000000d5580000, 0x00000000d7680000, 0x0000000100000000)
  eden space 25600K, 0% used [0x00000000d5580000,0x00000000d5580000,0x00000000d6e80000)
  from space 4096K, 79% used [0x00000000d6e80000,0x00000000d71b1e98,0x00000000d7280000)
  to   space 4096K, 0% used [0x00000000d7280000,0x00000000d7280000,0x00000000d7680000)
 ParOldGen       total 68608K, used 0K [0x0000000080000000, 0x0000000084300000, 0x00000000d5580000)
  object space 68608K, 0% used [0x0000000080000000,0x0000000080000000,0x0000000084300000)
 Metaspace       used 4323K, committed 4608K, reserved 1114112K
  class space    used 471K, committed 576K, reserved 1048576K
}
Event: 16.534 GC heap before
{Heap before GC invocations=2 (full 0):
 PSYoungGen      total 29696K, used 28871K [0x00000000d5580000, 0x00000000d7680000, 0x0000000100000000)
  eden space 25600K, 100% used [0x00000000d5580000,0x00000000d6e80000,0x00000000d6e80000)
  from space 4096K, 79% used [0x00000000d6e80000,0x00000000d71b1e98,0x00000000d7280000)
  to   space 4096K, 0% used [0x00000000d7280000,0x00000000d7280000,0x00000000d7680000)
 ParOldGen       total 68608K, used 0K [0x0000000080000000, 0x0000000084300000, 0x00000000d5580000)
  object space 68608K, 0% used [0x0000000080000000,0x0000000080000000,0x0000000084300000)
 Metaspace       used 7985K, committed 8256K, reserved 1114112K
  class space    used 829K, committed 960K, reserved 1048576K
}
Event: 16.542 GC heap after
{Heap after GC invocations=2 (full 0):
 PSYoungGen      total 29696K, used 4086K [0x00000000d5580000, 0x00000000d7680000, 0x0000000100000000)
  eden space 25600K, 0% used [0x00000000d5580000,0x00000000d5580000,0x00000000d6e80000)
  from space 4096K, 99% used [0x00000000d7280000,0x00000000d767d810,0x00000000d7680000)
  to   space 4096K, 0% used [0x00000000d6e80000,0x00000000d6e80000,0x00000000d7280000)
 ParOldGen       total 68608K, used 2035K [0x0000000080000000, 0x0000000084300000, 0x00000000d5580000)
  object space 68608K, 2% used [0x0000000080000000,0x00000000801fcec8,0x0000000084300000)
 Metaspace       used 7985K, committed 8256K, reserved 1114112K
  class space    used 829K, committed 960K, reserved 1048576K
}
Event: 21.941 GC heap before
{Heap before GC invocations=3 (full 0):
 PSYoungGen      total 29696K, used 29675K [0x00000000d5580000, 0x00000000d7680000, 0x0000000100000000)
  eden space 25600K, 99% used [0x00000000d5580000,0x00000000d6e7d528,0x00000000d6e80000)
  from space 4096K, 99% used [0x00000000d7280000,0x00000000d767d810,0x00000000d7680000)
  to   space 4096K, 0% used [0x00000000d6e80000,0x00000000d6e80000,0x00000000d7280000)
 ParOldGen       total 68608K, used 2035K [0x0000000080000000, 0x0000000084300000, 0x00000000d5580000)
  object space 68608K, 2% used [0x0000000080000000,0x00000000801fcec8,0x0000000084300000)
 Metaspace       used 9445K, committed 9792K, reserved 1114112K
  class space    used 1007K, committed 1152K, reserved 1048576K
}
Event: 21.948 GC heap after
{Heap after GC invocations=3 (full 0):
 PSYoungGen      total 29696K, used 4084K [0x00000000d5580000, 0x00000000d7680000, 0x0000000100000000)
  eden space 25600K, 0% used [0x00000000d5580000,0x00000000d5580000,0x00000000d6e80000)
  from space 4096K, 99% used [0x00000000d6e80000,0x00000000d727d080,0x00000000d7280000)
  to   space 4096K, 0% used [0x00000000d7280000,0x00000000d7280000,0x00000000d7680000)
 ParOldGen       total 68608K, used 4637K [0x0000000080000000, 0x0000000084300000, 0x00000000d5580000)
  object space 68608K, 6% used [0x0000000080000000,0x00000000804874f8,0x0000000084300000)
 Metaspace       used 9445K, committed 9792K, reserved 1114112K
  class space    used 1007K, committed 1152K, reserved 1048576K
}
Event: 26.297 GC heap before
{Heap before GC invocations=4 (full 0):
 PSYoungGen      total 29696K, used 29684K [0x00000000d5580000, 0x00000000d7680000, 0x0000000100000000)
  eden space 25600K, 100% used [0x00000000d5580000,0x00000000d6e80000,0x00000000d6e80000)
  from space 4096K, 99% used [0x00000000d6e80000,0x00000000d727d080,0x00000000d7280000)
  to   space 4096K, 0% used [0x00000000d7280000,0x00000000d7280000,0x00000000d7680000)
 ParOldGen       total 68608K, used 4637K [0x0000000080000000, 0x0000000084300000, 0x00000000d5580000)
  object space 68608K, 6% used [0x0000000080000000,0x00000000804874f8,0x0000000084300000)
 Metaspace       used 11547K, committed 11968K, reserved 1114112K
  class space    used 1219K, committed 1408K, reserved 1048576K
}
Event: 26.312 GC heap after
{Heap after GC invocations=4 (full 0):
 PSYoungGen      total 29696K, used 4093K [0x00000000d5580000, 0x00000000d7680000, 0x0000000100000000)
  eden space 25600K, 0% used [0x00000000d5580000,0x00000000d5580000,0x00000000d6e80000)
  from space 4096K, 99% used [0x00000000d7280000,0x00000000d767f7f0,0x00000000d7680000)
  to   space 4096K, 0% used [0x00000000d6e80000,0x00000000d6e80000,0x00000000d7280000)
 ParOldGen       total 68608K, used 6695K [0x0000000080000000, 0x0000000084300000, 0x00000000d5580000)
  object space 68608K, 9% used [0x0000000080000000,0x0000000080689d68,0x0000000084300000)
 Metaspace       used 11547K, committed 11968K, reserved 1114112K
  class space    used 1219K, committed 1408K, reserved 1048576K
}

Dll operation events (9 events):
Event: 0.019 Loaded shared library c:\Users\Nestor Corneille\.antigravity\extensions\redhat.java-1.54.0-win32-x64\jre\21.0.10-win32-x86_64\bin\java.dll
Event: 1.200 Loaded shared library c:\Users\Nestor Corneille\.antigravity\extensions\redhat.java-1.54.0-win32-x64\jre\21.0.10-win32-x86_64\bin\zip.dll
Event: 1.352 Loaded shared library C:\Users\Nestor Corneille\.antigravity\extensions\redhat.java-1.54.0-win32-x64\jre\21.0.10-win32-x86_64\bin\instrument.dll
Event: 1.509 Loaded shared library C:\Users\Nestor Corneille\.antigravity\extensions\redhat.java-1.54.0-win32-x64\jre\21.0.10-win32-x86_64\bin\net.dll
Event: 1.576 Loaded shared library C:\Users\Nestor Corneille\.antigravity\extensions\redhat.java-1.54.0-win32-x64\jre\21.0.10-win32-x86_64\bin\nio.dll
Event: 1.587 Loaded shared library C:\Users\Nestor Corneille\.antigravity\extensions\redhat.java-1.54.0-win32-x64\jre\21.0.10-win32-x86_64\bin\zip.dll
Event: 1.620 Loaded shared library C:\Users\Nestor Corneille\.antigravity\extensions\redhat.java-1.54.0-win32-x64\jre\21.0.10-win32-x86_64\bin\jimage.dll
Event: 2.118 Loaded shared library c:\Users\Nestor Corneille\.antigravity\extensions\redhat.java-1.54.0-win32-x64\jre\21.0.10-win32-x86_64\bin\verify.dll
Event: 16.891 Loaded shared library C:\Users\Nestor Corneille\AppData\Roaming\Antigravity\User\globalStorage\redhat.java\1.54.0\config_win\org.eclipse.equinox.launcher\org.eclipse.equinox.launcher.win32.win32.x86_64_1.3.0.v20260203-2149\eclipse_11919.dll

Deoptimization events (20 events):
Event: 26.974 Thread 0x000002255ba03ee0 Uncommon trap: trap_request=0xffffffc6 fr.pc=0x000002254ef47758 relative=0x00000000000004f8
Event: 26.974 Thread 0x000002255ba03ee0 Uncommon trap: reason=bimorphic_or_optimized_type_check action=maybe_recompile pc=0x000002254ef47758 method=java.io.DataInputStream.readFully([BII)V @ 30 c2
Event: 26.974 Thread 0x000002255ba03ee0 DEOPT PACKING pc=0x000002254ef47758 sp=0x000000b3047fb4e0
Event: 26.974 Thread 0x000002255ba03ee0 DEOPT UNPACKING pc=0x000002254e8d3aa2 sp=0x000000b3047fb498 mode 2
Event: 26.974 Thread 0x000002255ba03ee0 Uncommon trap: trap_request=0xffffffc6 fr.pc=0x000002254ef47758 relative=0x00000000000004f8
Event: 26.974 Thread 0x000002255ba03ee0 Uncommon trap: reason=bimorphic_or_optimized_type_check action=maybe_recompile pc=0x000002254ef47758 method=java.io.DataInputStream.readFully([BII)V @ 30 c2
Event: 26.974 Thread 0x000002255ba03ee0 DEOPT PACKING pc=0x000002254ef47758 sp=0x000000b3047fb4d0
Event: 26.974 Thread 0x000002255ba03ee0 DEOPT UNPACKING pc=0x000002254e8d3aa2 sp=0x000000b3047fb488 mode 2
Event: 26.974 Thread 0x000002255ba03ee0 Uncommon trap: trap_request=0xffffffc6 fr.pc=0x000002254ef47758 relative=0x00000000000004f8
Event: 26.974 Thread 0x000002255ba03ee0 Uncommon trap: reason=bimorphic_or_optimized_type_check action=maybe_recompile pc=0x000002254ef47758 method=java.io.DataInputStream.readFully([BII)V @ 30 c2
Event: 26.974 Thread 0x000002255ba03ee0 DEOPT PACKING pc=0x000002254ef47758 sp=0x000000b3047fb4d0
Event: 26.974 Thread 0x000002255ba03ee0 DEOPT UNPACKING pc=0x000002254e8d3aa2 sp=0x000000b3047fb488 mode 2
Event: 26.974 Thread 0x000002255ba03ee0 Uncommon trap: trap_request=0xffffffc6 fr.pc=0x000002254ef47758 relative=0x00000000000004f8
Event: 26.974 Thread 0x000002255ba03ee0 Uncommon trap: reason=bimorphic_or_optimized_type_check action=maybe_recompile pc=0x000002254ef47758 method=java.io.DataInputStream.readFully([BII)V @ 30 c2
Event: 26.974 Thread 0x000002255ba03ee0 DEOPT PACKING pc=0x000002254ef47758 sp=0x000000b3047fb4d0
Event: 26.974 Thread 0x000002255ba03ee0 DEOPT UNPACKING pc=0x000002254e8d3aa2 sp=0x000000b3047fb488 mode 2
Event: 27.435 Thread 0x000002255ba03ee0 Uncommon trap: trap_request=0xffffffcc fr.pc=0x000002254ef57cdc relative=0x000000000000021c
Event: 27.435 Thread 0x000002255ba03ee0 Uncommon trap: reason=intrinsic_or_type_checked_inlining action=make_not_entrant pc=0x000002254ef57cdc method=java.util.Arrays.copyOf([Ljava/lang/Object;ILjava/lang/Class;)[Ljava/lang/Object; @ 35 c2
Event: 27.435 Thread 0x000002255ba03ee0 DEOPT PACKING pc=0x000002254ef57cdc sp=0x000000b3047fdae0
Event: 27.435 Thread 0x000002255ba03ee0 DEOPT UNPACKING pc=0x000002254e8d3aa2 sp=0x000000b3047fda70 mode 2

Classes loaded (20 events):
Event: 26.679 Loading class java/util/stream/LongStream done
Event: 26.679 Loading class java/util/stream/LongPipeline done
Event: 26.679 Loading class java/util/stream/LongPipeline$StatelessOp done
Event: 26.679 Loading class java/util/stream/ReferencePipeline$5 done
Event: 26.680 Loading class java/util/function/LongBinaryOperator
Event: 26.680 Loading class java/util/function/LongBinaryOperator done
Event: 26.681 Loading class java/util/stream/ReduceOps$10
Event: 26.681 Loading class java/util/stream/ReduceOps$10 done
Event: 26.681 Loading class java/util/stream/ReduceOps$8ReducingSink
Event: 26.684 Loading class java/util/stream/Sink$OfLong
Event: 26.684 Loading class java/util/stream/Sink$OfLong done
Event: 26.685 Loading class java/util/stream/ReduceOps$8ReducingSink done
Event: 26.685 Loading class java/util/stream/ReferencePipeline$5$1
Event: 26.685 Loading class java/util/stream/ReferencePipeline$5$1 done
Event: 26.813 Loading class java/nio/file/NoSuchFileException
Event: 26.814 Loading class java/nio/file/FileSystemException
Event: 26.814 Loading class java/nio/file/FileSystemException done
Event: 26.814 Loading class java/nio/file/NoSuchFileException done
Event: 27.145 Loading class java/lang/Process
Event: 27.146 Loading class java/lang/Process done

Classes unloaded (0 events):
No events

Classes redefined (0 events):
No events

Internal exceptions (20 events):
Event: 9.980 Thread 0x00000225441537b0 Exception <a 'java/lang/NoSuchMethodError'{0x00000000d5a03d90}: 'void java.lang.invoke.DirectMethodHandle$Holder.invokeSpecial(java.lang.Object, java.lang.Object, java.lang.Object)'> (0x00000000d5a03d90) 
thrown [s\src\hotspot\share\interpreter\linkResolver.cpp, line 773]
Event: 13.399 Thread 0x00000225441537b0 Exception <a 'java/lang/NoSuchMethodError'{0x00000000d64a5cb8}: 'int java.lang.invoke.DirectMethodHandle$Holder.invokeVirtual(java.lang.Object, java.lang.Object)'> (0x00000000d64a5cb8) 
thrown [s\src\hotspot\share\interpreter\linkResolver.cpp, line 773]
Event: 14.223 Thread 0x00000225441537b0 Exception <a 'java/lang/NoSuchMethodError'{0x00000000d6630fe8}: 'int java.lang.invoke.DirectMethodHandle$Holder.invokeStaticInit(java.lang.Object, java.lang.Object, java.lang.Object, java.lang.Object)'> (0x00000000d6630fe8) 
thrown [s\src\hotspot\share\interpreter\linkResolver.cpp, line 773]
Event: 14.233 Thread 0x00000225441537b0 Exception <a 'java/lang/IncompatibleClassChangeError'{0x00000000d66393f0}: Found class java.lang.Object, but interface was expected> (0x00000000d66393f0) 
thrown [s\src\hotspot\share\interpreter\linkResolver.cpp, line 840]
Event: 14.234 Thread 0x00000225441537b0 Exception <a 'java/lang/NoSuchMethodError'{0x00000000d663f980}: 'void java.lang.invoke.DirectMethodHandle$Holder.invokeStaticInit(java.lang.Object, java.lang.Object)'> (0x00000000d663f980) 
thrown [s\src\hotspot\share\interpreter\linkResolver.cpp, line 773]
Event: 14.236 Thread 0x00000225441537b0 Exception <a 'java/lang/NoSuchMethodError'{0x00000000d6648bb8}: 'int java.lang.invoke.DirectMethodHandle$Holder.invokeStaticInit(java.lang.Object, java.lang.Object)'> (0x00000000d6648bb8) 
thrown [s\src\hotspot\share\interpreter\linkResolver.cpp, line 773]
Event: 15.002 Thread 0x00000225441537b0 Exception <a 'java/lang/NoSuchMethodError'{0x00000000d68936c8}: 'java.lang.Object java.lang.invoke.DirectMethodHandle$Holder.newInvokeSpecial(java.lang.Object, int, java.lang.Object)'> (0x00000000d68936c8) 
thrown [s\src\hotspot\share\interpreter\linkResolver.cpp, line 773]
Event: 15.373 Thread 0x00000225441537b0 Exception <a 'java/lang/ClassNotFoundException'{0x00000000d6aaf000}: sun/net/www/protocol/plurl/Handler> (0x00000000d6aaf000) 
thrown [s\src\hotspot\share\classfile\systemDictionary.cpp, line 312]
Event: 15.373 Thread 0x00000225441537b0 Exception <a 'java/lang/ClassNotFoundException'{0x00000000d6aafe80}: sun/net/www/protocol/plurl/Handler> (0x00000000d6aafe80) 
thrown [s\src\hotspot\share\classfile\systemDictionary.cpp, line 312]
Event: 16.883 Thread 0x00000225441537b0 Exception <a 'java/lang/UnsatisfiedLinkError'{0x00000000d56672d0}: 'void org.eclipse.equinox.launcher.JNIBridge._update_splash()'> (0x00000000d56672d0) 
thrown [s\src\hotspot\share\prims\nativeLookup.cpp, line 415]
Event: 17.385 Thread 0x0000022560198f70 Exception <a 'java/lang/NoSuchMethodError'{0x00000000d58e7c88}: 'void java.lang.invoke.DirectMethodHandle$Holder.invokeInterface(java.lang.Object, java.lang.Object, java.lang.Object)'> (0x00000000d58e7c88) 
thrown [s\src\hotspot\share\interpreter\linkResolver.cpp, line 773]
Event: 19.468 Thread 0x000002255ba03ee0 Exception <a 'java/lang/NoSuchMethodError'{0x00000000d5d4a4b0}: 'java.lang.Object java.lang.invoke.DirectMethodHandle$Holder.newInvokeSpecial(java.lang.Object, java.lang.Object, int, java.lang.Object)'> (0x00000000d5d4a4b0) 
thrown [s\src\hotspot\share\interpreter\linkResolver.cpp, line 773]
Event: 19.468 Thread 0x000002255ba03ee0 Exception <a 'java/lang/NoSuchMethodError'{0x00000000d5d4e2e0}: 'java.lang.Object java.lang.invoke.DirectMethodHandle$Holder.invokeSpecial(java.lang.Object, java.lang.Object, java.lang.Object, int, java.lang.Object)'> (0x00000000d5d4e2e0) 
thrown [s\src\hotspot\share\interpreter\linkResolver.cpp, line 773]
Event: 19.763 Thread 0x000002255ba03ee0 Exception <a 'java/lang/NoClassDefFoundError'{0x00000000d5df56f0}: jakarta/servlet/ServletContainerInitializer> (0x00000000d5df56f0) 
thrown [s\src\hotspot\share\classfile\systemDictionary.cpp, line 301]
Event: 19.991 Thread 0x000002255ba03ee0 Exception <a 'java/lang/ClassNotFoundException'{0x00000000d5f5a528}: sun/util/logging/resources/spi/loggingProvider> (0x00000000d5f5a528) 
thrown [s\src\hotspot\share\classfile\systemDictionary.cpp, line 312]
Event: 25.461 Thread 0x000002255ba03ee0 Exception <a 'java/lang/NullPointerException'{0x00000000d680f8f8}> (0x00000000d680f8f8) 
thrown [s\src\hotspot\share\interpreter\linkResolver.cpp, line 1372]
Event: 25.461 Thread 0x000002255ba03ee0 Exception <a 'java/lang/NullPointerException'{0x00000000d680fbd8}> (0x00000000d680fbd8) 
thrown [s\src\hotspot\share\interpreter\linkResolver.cpp, line 1372]
Event: 26.676 Thread 0x000002255ba03ee0 Exception <a 'java/lang/NoSuchMethodError'{0x00000000d59040c8}: 'long java.lang.invoke.DirectMethodHandle$Holder.invokeSpecial(java.lang.Object, java.lang.Object)'> (0x00000000d59040c8) 
thrown [s\src\hotspot\share\interpreter\linkResolver.cpp, line 773]
Event: 26.835 Thread 0x000002255ba03ee0 Exception <a 'java/io/FileNotFoundException'{0x00000000d5b00790}> (0x00000000d5b00790) 
thrown [s\src\hotspot\share\prims\jni.cpp, line 520]
Event: 27.795 Thread 0x000002255ba03ee0 Exception <a 'java/lang/NoSuchMethodError'{0x00000000d6041148}: 'java.lang.Object java.lang.invoke.Invokers$Holder.linkToTargetMethod(java.lang.Object, long, java.lang.Object)'> (0x00000000d6041148) 
thrown [s\src\hotspot\share\interpreter\linkResolver.cpp, line 773]

ZGC Phase Switch (0 events):
No events

VM Operations (20 events):
Event: 20.251 Executing non-safepoint VM operation: HandshakeAllThreads (Deoptimize) done
Event: 21.259 Executing safepoint VM operation: Cleanup
Event: 21.260 Executing safepoint VM operation: Cleanup done
Event: 21.941 Executing safepoint VM operation: ParallelGCFailedAllocation (Allocation Failure)
Event: 21.948 Executing safepoint VM operation: ParallelGCFailedAllocation (Allocation Failure) done
Event: 22.980 Executing safepoint VM operation: Cleanup
Event: 22.980 Executing safepoint VM operation: Cleanup done
Event: 23.986 Executing safepoint VM operation: Cleanup
Event: 23.987 Executing safepoint VM operation: Cleanup done
Event: 24.398 Executing non-safepoint VM operation: HandshakeAllThreads (Deoptimize)
Event: 24.398 Executing non-safepoint VM operation: HandshakeAllThreads (Deoptimize) done
Event: 25.402 Executing safepoint VM operation: Cleanup
Event: 25.449 Executing safepoint VM operation: Cleanup done
Event: 26.173 Executing non-safepoint VM operation: HandshakeAllThreads (Deoptimize)
Event: 26.287 Executing non-safepoint VM operation: HandshakeAllThreads (Deoptimize) done
Event: 26.297 Executing safepoint VM operation: ParallelGCFailedAllocation (Allocation Failure)
Event: 26.312 Executing safepoint VM operation: ParallelGCFailedAllocation (Allocation Failure) done
Event: 27.316 Executing safepoint VM operation: Cleanup
Event: 27.422 Executing safepoint VM operation: Cleanup done
Event: 28.436 Executing safepoint VM operation: Cleanup

Memory protections (0 events):
No events

Nmethod flushes (0 events):
No events

Events (19 events):
Event: 0.289 Thread 0x00000225441537b0 Thread added: 0x00000225441537b0
Event: 0.534 Thread 0x00000225441537b0 Thread added: 0x000002254420c760
Event: 0.534 Thread 0x00000225441537b0 Thread added: 0x000002254420d510
Event: 0.535 Thread 0x00000225441537b0 Thread added: 0x000002254420e780
Event: 0.535 Thread 0x00000225441537b0 Thread added: 0x000002255ab49380
Event: 0.535 Thread 0x00000225441537b0 Thread added: 0x000002255ab4a270
Event: 0.535 Thread 0x00000225441537b0 Thread added: 0x000002255ab4acd0
Event: 0.535 Thread 0x00000225441537b0 Thread added: 0x000002255ab4ba60
Event: 0.716 Thread 0x00000225441537b0 Thread added: 0x000002255abbad60
Event: 1.358 Thread 0x00000225441537b0 Thread added: 0x000002255b940290
Event: 2.880 Thread 0x00000225441537b0 Thread added: 0x000002255b9a2cc0
Event: 14.451 Thread 0x00000225441537b0 Thread added: 0x0000022560175ae0
Event: 16.310 Thread 0x000002255abbad60 Thread added: 0x000002256004b550
Event: 16.646 Thread 0x000002256004b550 Thread exited: 0x000002256004b550
Event: 16.682 Thread 0x00000225441537b0 Thread added: 0x0000022560198f70
Event: 17.389 Thread 0x0000022560198f70 Thread added: 0x000002255ba03870
Event: 17.859 Thread 0x00000225441537b0 Thread added: 0x000002255ba03ee0
Event: 22.406 Thread 0x000002255ba03ee0 Thread added: 0x00000225600310c0
Event: 26.104 Thread 0x000002255ba03ee0 Thread added: 0x0000022560950ab0


Dynamic libraries:
0x00007ff639020000 - 0x00007ff63902e000 	c:\Users\Nestor Corneille\.antigravity\extensions\redhat.java-1.54.0-win32-x64\jre\21.0.10-win32-x86_64\bin\java.exe
0x00007ffdf2bb0000 - 0x00007ffdf2dc7000 	C:\Windows\SYSTEM32\ntdll.dll
0x00007ffdf1300000 - 0x00007ffdf13c4000 	C:\Windows\System32\KERNEL32.DLL
0x00007ffdf0520000 - 0x00007ffdf08d7000 	C:\Windows\System32\KERNELBASE.dll
0x00007ffdeff60000 - 0x00007ffdf0071000 	C:\Windows\System32\ucrtbase.dll
0x00007ffde5d20000 - 0x00007ffde5d38000 	c:\Users\Nestor Corneille\.antigravity\extensions\redhat.java-1.54.0-win32-x64\jre\21.0.10-win32-x86_64\bin\jli.dll
0x00007ffdf09d0000 - 0x00007ffdf0b7f000 	C:\Windows\System32\USER32.dll
0x00007ffdf0260000 - 0x00007ffdf0286000 	C:\Windows\System32\win32u.dll
0x00007ffdf14d0000 - 0x00007ffdf14f9000 	C:\Windows\System32\GDI32.dll
0x00007ffdf0290000 - 0x00007ffdf03a8000 	C:\Windows\System32\gdi32full.dll
0x00007ffdefec0000 - 0x00007ffdeff5a000 	C:\Windows\System32\msvcp_win.dll
0x00007ffde5d00000 - 0x00007ffde5d1e000 	c:\Users\Nestor Corneille\.antigravity\extensions\redhat.java-1.54.0-win32-x64\jre\21.0.10-win32-x86_64\bin\VCRUNTIME140.dll
0x00007ffddad60000 - 0x00007ffddaff3000 	C:\Windows\WinSxS\amd64_microsoft.windows.common-controls_6595b64144ccf1df_6.0.22621.3672_none_2713b9d173822955\COMCTL32.dll
0x00007ffdf1500000 - 0x00007ffdf15a7000 	C:\Windows\System32\msvcrt.dll
0x00007ffdf12a0000 - 0x00007ffdf12d1000 	C:\Windows\System32\IMM32.DLL
0x00007ffde5cf0000 - 0x00007ffde5cfc000 	c:\Users\Nestor Corneille\.antigravity\extensions\redhat.java-1.54.0-win32-x64\jre\21.0.10-win32-x86_64\bin\vcruntime140_1.dll
0x00007ffdafd60000 - 0x00007ffdafded000 	c:\Users\Nestor Corneille\.antigravity\extensions\redhat.java-1.54.0-win32-x64\jre\21.0.10-win32-x86_64\bin\msvcp140.dll
0x00007ffdaeda0000 - 0x00007ffdafb41000 	c:\Users\Nestor Corneille\.antigravity\extensions\redhat.java-1.54.0-win32-x64\jre\21.0.10-win32-x86_64\bin\server\jvm.dll
0x00007ffdf26e0000 - 0x00007ffdf2792000 	C:\Windows\System32\ADVAPI32.dll
0x00007ffdf2950000 - 0x00007ffdf29f8000 	C:\Windows\System32\sechost.dll
0x00007ffdf0230000 - 0x00007ffdf0258000 	C:\Windows\System32\bcrypt.dll
0x00007ffdf1120000 - 0x00007ffdf1234000 	C:\Windows\System32\RPCRT4.dll
0x00007ffdf0950000 - 0x00007ffdf09c1000 	C:\Windows\System32\WS2_32.dll
0x00007ffdefd90000 - 0x00007ffdefddd000 	C:\Windows\SYSTEM32\POWRPROF.dll
0x00007ffdea5a0000 - 0x00007ffdea5d4000 	C:\Windows\SYSTEM32\WINMM.dll
0x00007ffdd7e40000 - 0x00007ffdd7e4a000 	C:\Windows\SYSTEM32\VERSION.dll
0x00007ffdefd70000 - 0x00007ffdefd83000 	C:\Windows\SYSTEM32\UMPDC.dll
0x00007ffdeeed0000 - 0x00007ffdeeee8000 	C:\Windows\SYSTEM32\kernel.appcore.dll
0x00007ffde5cc0000 - 0x00007ffde5cca000 	c:\Users\Nestor Corneille\.antigravity\extensions\redhat.java-1.54.0-win32-x64\jre\21.0.10-win32-x86_64\bin\jimage.dll
0x00007ffde9f10000 - 0x00007ffdea142000 	C:\Windows\SYSTEM32\DBGHELP.DLL
0x00007ffdf0b80000 - 0x00007ffdf0f0e000 	C:\Windows\System32\combase.dll
0x00007ffdf2a00000 - 0x00007ffdf2ad7000 	C:\Windows\System32\OLEAUT32.dll
0x00007ffdd59c0000 - 0x00007ffdd59f2000 	C:\Windows\SYSTEM32\dbgcore.DLL
0x00007ffdf0080000 - 0x00007ffdf00fb000 	C:\Windows\System32\bcryptPrimitives.dll
0x00007ffdd8d50000 - 0x00007ffdd8d5f000 	c:\Users\Nestor Corneille\.antigravity\extensions\redhat.java-1.54.0-win32-x64\jre\21.0.10-win32-x86_64\bin\instrument.dll
0x00007ffde5ca0000 - 0x00007ffde5cc0000 	c:\Users\Nestor Corneille\.antigravity\extensions\redhat.java-1.54.0-win32-x64\jre\21.0.10-win32-x86_64\bin\java.dll
0x00007ffdf1780000 - 0x00007ffdf1fe9000 	C:\Windows\System32\SHELL32.dll
0x00007ffdeddb0000 - 0x00007ffdee6af000 	C:\Windows\SYSTEM32\windows.storage.dll
0x00007ffdedc70000 - 0x00007ffdeddaf000 	C:\Windows\SYSTEM32\wintypes.dll
0x00007ffdf13d0000 - 0x00007ffdf14c9000 	C:\Windows\System32\SHCORE.dll
0x00007ffdf2000000 - 0x00007ffdf205e000 	C:\Windows\System32\shlwapi.dll
0x00007ffdefdf0000 - 0x00007ffdefe17000 	C:\Windows\SYSTEM32\profapi.dll
0x00007ffde5c40000 - 0x00007ffde5c58000 	c:\Users\Nestor Corneille\.antigravity\extensions\redhat.java-1.54.0-win32-x64\jre\21.0.10-win32-x86_64\bin\zip.dll
0x00007ffde5bf0000 - 0x00007ffde5c00000 	C:\Users\Nestor Corneille\.antigravity\extensions\redhat.java-1.54.0-win32-x64\jre\21.0.10-win32-x86_64\bin\net.dll
0x00007ffde9930000 - 0x00007ffde9a66000 	C:\Windows\SYSTEM32\WINHTTP.dll
0x00007ffdef330000 - 0x00007ffdef399000 	C:\Windows\system32\mswsock.dll
0x00007ffdae680000 - 0x00007ffdae696000 	C:\Users\Nestor Corneille\.antigravity\extensions\redhat.java-1.54.0-win32-x64\jre\21.0.10-win32-x86_64\bin\nio.dll
0x00007ffdc9d20000 - 0x00007ffdc9d30000 	c:\Users\Nestor Corneille\.antigravity\extensions\redhat.java-1.54.0-win32-x64\jre\21.0.10-win32-x86_64\bin\verify.dll
0x00007ffddb310000 - 0x00007ffddb355000 	C:\Users\Nestor Corneille\AppData\Roaming\Antigravity\User\globalStorage\redhat.java\1.54.0\config_win\org.eclipse.equinox.launcher\org.eclipse.equinox.launcher.win32.win32.x86_64_1.3.0.v20260203-2149\eclipse_11919.dll
0x00007ffdf0f60000 - 0x00007ffdf1105000 	C:\Windows\System32\ole32.dll

JVMTI agents:
c:\Users\Nestor Corneille\.antigravity\extensions\redhat.java-1.54.0-win32-x64\lombok\lombok-1.18.39-4050.jar path:c:\Users\Nestor Corneille\.antigravity\extensions\redhat.java-1.54.0-win32-x64\jre\21.0.10-win32-x86_64\bin\instrument.dll, loaded, initialized, instrumentlib options:none

dbghelp: loaded successfully - version: 4.0.5 - missing functions: none
symbol engine: initialized successfully - sym options: 0x614 - pdb path: .;c:\Users\Nestor Corneille\.antigravity\extensions\redhat.java-1.54.0-win32-x64\jre\21.0.10-win32-x86_64\bin;C:\Windows\SYSTEM32;C:\Windows\WinSxS\amd64_microsoft.windows.common-controls_6595b64144ccf1df_6.0.22621.3672_none_2713b9d173822955;c:\Users\Nestor Corneille\.antigravity\extensions\redhat.java-1.54.0-win32-x64\jre\21.0.10-win32-x86_64\bin\server;C:\Users\Nestor Corneille\AppData\Roaming\Antigravity\User\globalStorage\redhat.java\1.54.0\config_win\org.eclipse.equinox.launcher\org.eclipse.equinox.launcher.win32.win32.x86_64_1.3.0.v20260203-2149

VM Arguments:
jvm_args: --add-modules=ALL-SYSTEM --add-opens=java.base/java.util=ALL-UNNAMED --add-opens=java.base/java.lang=ALL-UNNAMED --add-opens=java.base/sun.nio.fs=ALL-UNNAMED -Declipse.application=org.eclipse.jdt.ls.core.id1 -Dosgi.bundles.defaultStartLevel=4 -Declipse.product=org.eclipse.jdt.ls.core.product -Djava.import.generatesMetadataFilesAtProjectRoot=false -DDetectVMInstallationsJob.disabled=true -Dfile.encoding=utf8 -XX:+UseParallelGC -XX:GCTimeRatio=4 -XX:AdaptiveSizePolicyWeight=90 -Dsun.zip.disableMemoryMapping=true -Xmx2G -Xms100m -Xlog:disable -javaagent:c:\Users\Nestor Corneille\.antigravity\extensions\redhat.java-1.54.0-win32-x64\lombok\lombok-1.18.39-4050.jar -XX:+HeapDumpOnOutOfMemoryError -XX:HeapDumpPath=c:\Users\Nestor Corneille\AppData\Roaming\Antigravity\User\workspaceStorage\361cd7a72a232ae6941662571b4a6975\redhat.java -Daether.dependencyCollector.impl=bf 
java_command: c:\Users\Nestor Corneille\.antigravity\extensions\redhat.java-1.54.0-win32-x64\server\plugins\org.eclipse.equinox.launcher_1.7.100.v20251111-0406.jar -configuration c:\Users\Nestor Corneille\AppData\Roaming\Antigravity\User\globalStorage\redhat.java\1.54.0\config_win -data c:\Users\Nestor Corneille\AppData\Roaming\Antigravity\User\workspaceStorage\361cd7a72a232ae6941662571b4a6975\redhat.java\jdt_ws --pipe=\\.\pipe\lsp-8eb0b2d678fffc33b962ec7fa63693c4-sock
java_class_path (initial): c:\Users\Nestor Corneille\.antigravity\extensions\redhat.java-1.54.0-win32-x64\server\plugins\org.eclipse.equinox.launcher_1.7.100.v20251111-0406.jar
Launcher Type: SUN_STANDARD

[Global flags]
    uintx AdaptiveSizePolicyWeight                 = 90                                        {product} {command line}
     intx CICompilerCount                          = 3                                         {product} {ergonomic}
    uintx GCTimeRatio                              = 4                                         {product} {command line}
     bool HeapDumpOnOutOfMemoryError               = true                                   {manageable} {command line}
    ccstr HeapDumpPath                             = c:\Users\Nestor Corneille\AppData\Roaming\Antigravity\User\workspaceStorage\361cd7a72a232ae6941662571b4a6975\redhat.java         {manageable} {command line}
   size_t InitialHeapSize                          = 104857600                                 {product} {command line}
   size_t MaxHeapSize                              = 2147483648                                {product} {command line}
   size_t MaxNewSize                               = 715653120                                 {product} {ergonomic}
   size_t MinHeapDeltaBytes                        = 524288                                    {product} {ergonomic}
   size_t MinHeapSize                              = 104857600                                 {product} {command line}
   size_t NewSize                                  = 34603008                                  {product} {ergonomic}
    uintx NonNMethodCodeHeapSize                   = 5832780                                {pd product} {ergonomic}
    uintx NonProfiledCodeHeapSize                  = 122912730                              {pd product} {ergonomic}
   size_t OldSize                                  = 70254592                                  {product} {ergonomic}
    uintx ProfiledCodeHeapSize                     = 122912730                              {pd product} {ergonomic}
    uintx ReservedCodeCacheSize                    = 251658240                              {pd product} {ergonomic}
     bool SegmentedCodeCache                       = true                                      {product} {ergonomic}
   size_t SoftMaxHeapSize                          = 2147483648                             {manageable} {ergonomic}
     bool UseCompressedOops                        = true                           {product lp64_product} {ergonomic}
     bool UseLargePagesIndividualAllocation        = false                                  {pd product} {ergonomic}
     bool UseParallelGC                            = true                                      {product} {command line}

Logging:
Log output configuration:
 #0: stdout all=off uptime,level,tags foldmultilines=false
 #1: stderr all=off uptime,level,tags foldmultilines=false

Release file:
JAVA_VERSION="21.0.10" 
MODULES="java.base java.compiler java.datatransfer java.xml java.prefs java.desktop java.instrument java.logging java.management java.security.sasl java.naming java.rmi java.management.rmi java.net.http java.scripting java.security.jgss java.transaction.xa java.sql java.sql.rowset java.xml.crypto java.se java.smartcardio jdk.accessibility jdk.internal.jvmstat jdk.attach jdk.charsets jdk.internal.opt jdk.zipfs jdk.compiler jdk.crypto.ec jdk.crypto.cryptoki jdk.crypto.mscapi jdk.dynalink jdk.internal.ed jdk.editpad jdk.hotspot.agent jdk.httpserver jdk.internal.le jdk.internal.vm.ci jdk.internal.vm.compiler jdk.internal.vm.compiler.management jdk.jartool jdk.javadoc jdk.jcmd jdk.management jdk.management.agent jdk.jconsole jdk.jdeps jdk.jdwp.agent jdk.jdi jdk.jfr jdk.jshell jdk.jsobject jdk.jstatd jdk.localedata jdk.management.jfr jdk.naming.dns jdk.naming.rmi jdk.net jdk.nio.mapmode jdk.random jdk.sctp jdk.security.auth jdk.security.jgss jdk.unsupported jdk.unsupported.desktop jdk.xml.dom" 

Environment Variables:
JAVA_HOME=C:\Program Files\Eclipse Adoptium\jdk-17.0.18.8-hotspot
PATH=C:\Program Files\Eclipse Adoptium\jdk-17.0.18.8-hotspot\bin;C:\Program Files (x86)\NVIDIA Corporation\PhysX\Common;C:\Windows\system32;C:\Windows;C:\Windows\System32\Wbem;C:\Windows\System32\WindowsPowerShell\v1.0\;C:\Windows\System32\OpenSSH\;C:\Users\Nestor Corneille\Desktop\mes projets\python\PhoneSploit-Pro-main\__PhoneSploit-Pro__;C:\Program Files (x86)\Nmap;C:\scrcpy;C:\xampp\php;C:\Program Files\Git\cmd;C:\ProgramData\ComposerSetup\bin;C:\Program Files\Microsoft SQL Server\150\Tools\Binn\;C:\Program Files\dotnet\;C:\xam\apache\bin;C:\john\run;C:\apktool;C:\cmdline\bin;C:\src\flutter\bin;C:\Program Files\Java\jdk-21\bin;C:\masm32\bin;C:\ta-lib\c\bin;C:\android\sdk\cmdline-tools\bin;C:\Android\Sdk\platform-tools;C:\Android\Sdk\cmdline-tools\latest\bin;C:\Android\Sdk\build-tools\34.0.0;C:\Program Files\Go\bin;C:\Program Files\Go\bin;C:\Users\Nestor Corneille\AppData\Local\Google\Cloud SDK\google-cloud-sdk\bin;C:\Program Files\PostgreSQL\17\lib;C:\Program Files\Redis\;C:\xampp_fin\php;C:\xampp_fin\mysql\bin;C:\Program Files\Docker\Docker\resources\bin;C:\Program Files\nodejs\;C:\Android\sdk\cmdline-tools\latest\bin;C:\Android\sdk\platform-tools;C:\Users\Nestor Corneille\AppData\Roaming\npm;C:\Users\Nestor Corneille\.antigravity\extensions\anthropic.claude-code-2.1.121-win32-x64\resources\native-binary;C:\ffmpeg\bin;C:\Users\Nestor Corneille\AppData\Local\Programs\Python\Python311\Scripts\;C:\Users\Nestor Corneille\AppData\Local\Programs\Python\Python311\;C:\Users\Nestor Corneille\AppData\Local\Programs\Python\Python312\Scripts\;C:\Users\Nestor Corneille\AppData\Local\Programs\Python\Python312\;C:\Users\Nestor Corneille\.cargo\bin;C:\Users\Nestor Corneille\AppData\Local\Programs\Python\Launcher\;C:\Users\Nestor Corneille\AppData\Local\Microsoft\WindowsApps;C:\scrcpy;C:\xampp\php;C:\Program Files\heroku\bin;C:\Users\Nestor Corneille\AppData\Roaming\Composer\vendor\bin;C:\portaudio;C:\Users\Nestor Corneille\anaconda3\condabin;C:\apktool;C:\cmdline\bin;C:\src\flutter\bin;C:\Users\Nestor Corneille\.dotnet\tools;C:\Program Files\Java\jdk-21\bin;C:\Users\Nestor Corneille\.fly\bin;C:\Users\Nestor Corneille\AppData\Local\Android\Sdk\platform-tools;C:\Users\Nestor Corneille\AppData\Local\Android\Sdk\emulator;C:\Users\Nestor Corneille\AppData\Local\Android\Sdk\tools;C:\Users\Nestor Corneille\AppData\Local\Programs\Microsoft VS Code\bin;C:\masm32\bin;C:\android\sdk\cmdline-tools\bin;C:\Android\Sdk\platform-tools;C:\Android\Sdk\cmdline-tools\latest\bin;C:\Android\Sdk\build-tools\34.0.0;C:\Users\Nestor Corneille\go\bin;C:\Program Files\Go\bin;C:\Users\Nestor Corneille\AppData\Local\Google\Cloud SDK\google-cloud-sdk\bin;C:\Users\Nestor Corneille\AppData\Local\Google\Cloud SDK\google-cloud-sdk\bin;C:\Program Files\PostgreSQL\17\lib;C:\Users\Nestor Corneille\AppData\Local\Programs\Ollama;C:\xampp_fin\php;C:\Antigravity\bin;C:\Users\Nestor Corneille\AppData\Roaming\npm;C:\Users\Nestor Corneille\.antigravity\extensions\anthropic.claude-code-2.1.121-win32-x64\resources\native-binary;C:\Users\Nestor Corneille\AppData\Local\GitHubDesktop\bin
USERNAME=Nestor Corneille
OS=Windows_NT
PROCESSOR_IDENTIFIER=Intel64 Family 6 Model 78 Stepping 3, GenuineIntel
TMP=C:\Users\NESTOR~1\AppData\Local\Temp
TEMP=C:\Users\NESTOR~1\AppData\Local\Temp




Periodic native trim disabled

---------------  S Y S T E M  ---------------

OS:
 Windows 11 , 64 bit Build 22621 (10.0.22621.3958)
OS uptime: 0 days 0:30 hours
Hyper-V role detected

CPU: total 4 (initial active 4) (2 cores per cpu, 2 threads per core) family 6 model 78 stepping 3 microcode 0xd6, cx8, cmov, fxsr, ht, mmx, 3dnowpref, sse, sse2, sse3, ssse3, sse4.1, sse4.2, popcnt, lzcnt, tsc, tscinvbit, avx, avx2, aes, erms, clmul, bmi1, bmi2, rtm, adx, fma, vzeroupper, clflush, clflushopt, hv, rdtscp, f16c
Processor Information for the first 4 processors :
  Max Mhz: 2801, Current Mhz: 2200, Mhz Limit: 2184

Memory: 4k page, system-wide physical 8083M (320M free)
TotalPageFile size 16313M (AvailPageFile size 585M)
current process WorkingSet (physical memory assigned to process): 109M, peak: 112M
current process commit charge ("private bytes"): 237M, peak: 240M

vm_info: OpenJDK 64-Bit Server VM (21.0.10+7-LTS) for windows-amd64 JRE (21.0.10+7-LTS), built on 2026-01-20T00:00:00Z by "admin" with MS VC++ 17.12 (VS2022)

END.
