#
# There is insufficient memory for the Java Runtime Environment to continue.
# Native memory allocation (malloc) failed to allocate 1866256 bytes. Error detail: Chunk::new
# Possible reasons:
#   The system is out of physical RAM or swap space
#   This process is running with CompressedOops enabled, and the Java Heap may be blocking the growth of the native heap
# Possible solutions:
#   Reduce memory load on the system
#   Increase physical memory or swap space
#   Check if swap backing store is full
#   Decrease Java heap size (-Xmx/-Xms)
#   Decrease number of Java threads
#   Decrease Java thread stack sizes (-Xss)
#   Set larger code cache with -XX:ReservedCodeCacheSize=
#   JVM is running with Unscaled Compressed Oops mode in which the Java heap is
#     placed in the first 4GB address space. The Java Heap base address is the
#     maximum limit for the native heap growth. Please use -XX:HeapBaseMinAddress
#     to set the Java Heap base and to place the Java Heap above 4GB virtual address.
# This output file may be truncated or incomplete.
#
#  Out of Memory Error (arena.cpp:191), pid=11748, tid=6460
#
# JRE version: OpenJDK Runtime Environment Temurin-17.0.18+8 (17.0.18+8) (build 17.0.18+8)
# Java VM: OpenJDK 64-Bit Server VM Temurin-17.0.18+8 (17.0.18+8, mixed mode, sharing, tiered, compressed oops, compressed class ptrs, g1 gc, windows-amd64)
# No core dump will be written. Minidumps are not enabled by default on client versions of Windows
#

---------------  S U M M A R Y ------------

Command Line: --add-opens=java.base/java.lang=ALL-UNNAMED --add-opens=java.base/java.lang.invoke=ALL-UNNAMED --add-opens=java.base/java.util=ALL-UNNAMED --add-opens=java.prefs/java.util.prefs=ALL-UNNAMED --add-exports=jdk.compiler/com.sun.tools.javac.api=ALL-UNNAMED --add-exports=jdk.compiler/com.sun.tools.javac.util=ALL-UNNAMED --add-opens=java.base/java.util=ALL-UNNAMED --add-opens=java.prefs/java.util.prefs=ALL-UNNAMED --add-opens=java.base/java.nio.charset=ALL-UNNAMED --add-opens=java.base/java.net=ALL-UNNAMED --add-opens=java.base/java.util.concurrent=ALL-UNNAMED --add-opens=java.base/java.util.concurrent.atomic=ALL-UNNAMED --add-opens=java.xml/javax.xml.namespace=ALL-UNNAMED --add-opens=java.base/java.time=ALL-UNNAMED -XX:MaxMetaspaceSize=512m -Xmx2048m -Dfile.encoding=UTF-8 -Duser.country=CM -Duser.language=fr -Duser.variant -javaagent:C:\Users\Nestor Corneille\.gradle\wrapper\dists\gradle-9.3.1-bin\23ovyewtku6u96viwx3xl3oks\gradle-9.3.1\lib\agents\gradle-instrumentation-agent-9.3.1.jar org.gradle.launcher.daemon.bootstrap.GradleDaemon 9.3.1

Host: Intel(R) Core(TM) i7-6600U CPU @ 2.60GHz, 4 cores, 7G,  Windows 11 , 64 bit Build 22621 (10.0.22621.3958)
Time: Sun May 17 08:04:16 2026 Afr. centrale Ouest elapsed time: 66.761488 seconds (0d 0h 1m 6s)

---------------  T H R E A D  ---------------

Current thread (0x00000244c3c4f760):  JavaThread "C2 CompilerThread0" daemon [_thread_in_native, id=6460, stack(0x00000075a1500000,0x00000075a1600000)]


Current CompileTask:
C2:66762 18692       4       org.gradle.internal.component.model.DefaultExternalModuleComponentGraphResolveState$DefaultConfigurationGraphResolveState::getAttributes (10 bytes)

Stack: [0x00000075a1500000,0x00000075a1600000]
Native frames: (J=compiled Java code, j=interpreted, Vv=VM code, C=native code)
V  [jvm.dll+0x6846f9]
V  [jvm.dll+0x839ea5]
V  [jvm.dll+0x83b91e]
V  [jvm.dll+0x83bfa3]
V  [jvm.dll+0x248eff]
V  [jvm.dll+0xad496]
V  [jvm.dll+0xadb3c]
V  [jvm.dll+0x368bcf]
V  [jvm.dll+0x333055]
V  [jvm.dll+0x3324ba]
V  [jvm.dll+0x219db9]
V  [jvm.dll+0x219200]
V  [jvm.dll+0x1a4920]
V  [jvm.dll+0x22989a]
V  [jvm.dll+0x227a4b]
V  [jvm.dll+0x7f0658]
V  [jvm.dll+0x7eaaec]
V  [jvm.dll+0x6835c7]
C  [ucrtbase.dll+0x29333]
C  [KERNEL32.DLL+0x1257d]
C  [ntdll.dll+0x5af08]


---------------  P R O C E S S  ---------------

Threads class SMR info:
_java_thread_list=0x00000244e40f4da0, length=96, elements={
0x00000244a40b39c0, 0x00000244c3c35100, 0x00000244c3c35f80, 0x00000244c3c49860,
0x00000244c3c4b430, 0x00000244c3c4bff0, 0x00000244c3c4e9c0, 0x00000244c3c4f760,
0x00000244c3c53710, 0x00000244c3caa7c0, 0x00000244e30a9000, 0x00000244e3171b50,
0x00000244e5161890, 0x00000244e52f5730, 0x00000244e53f5620, 0x00000244e40075a0,
0x00000244e4d50180, 0x00000244e4d4e320, 0x00000244e4d4e830, 0x00000244e4d4f760,
0x00000244e4d4f250, 0x00000244e4d4fc70, 0x00000244e4d4de10, 0x00000244e4d4ed40,
0x00000244e4d4c9d0, 0x00000244e4d4cee0, 0x00000244e4d4d3f0, 0x00000244e4d4d900,
0x00000244e63c3b50, 0x00000244e63c7300, 0x00000244e63c54a0, 0x00000244e63c4570,
0x00000244e63c2c20, 0x00000244e63ca090, 0x00000244e63c6df0, 0x00000244e63c9160,
0x00000244e63c7810, 0x00000244e63c3130, 0x00000244e63c59b0, 0x00000244e63c4f90,
0x00000244e63c5ec0, 0x00000244e63c63d0, 0x00000244e63c68e0, 0x00000244e63c4a80,
0x00000244e63c9b80, 0x00000244e63c3640, 0x00000244e63c4060, 0x00000244e3077fc0,
0x00000244e3076b80, 0x00000244e30784d0, 0x00000244e30789e0, 0x00000244e3075c50,
0x00000244e3077090, 0x00000244e3078ef0, 0x00000244e3079400, 0x00000244e3076160,
0x00000244e87196b0, 0x00000244e871a5e0, 0x00000244e871d880, 0x00000244e871ba20,
0x00000244e871dd90, 0x00000244e8720100, 0x00000244e871b000, 0x00000244e871ecc0,
0x00000244e871a0d0, 0x00000244e871e7b0, 0x00000244e871f6e0, 0x00000244e871fbf0,
0x00000244e871bf30, 0x00000244e871ce60, 0x00000244e8719bc0, 0x00000244e871c440,
0x00000244e871d370, 0x00000244e8720610, 0x00000244e87191a0, 0x00000244e8720b20,
0x00000244e871c950, 0x00000244e871b510, 0x00000244e871e2a0, 0x00000244e871f1d0,
0x00000244e5ab9a80, 0x00000244e5abc300, 0x00000244e5abb8e0, 0x00000244e5ab9060,
0x00000244e5ab9570, 0x00000244e5abc810, 0x00000244e5abb3d0, 0x00000244e5abbdf0,
0x00000244e5abaec0, 0x00000244e5ab9f90, 0x00000244e5aba4a0, 0x00000244e5aba9b0,
0x00000244e678b2b0, 0x00000244e678c1e0, 0x00000244e6789960, 0x00000244e6788010
}

Java Threads: ( => current thread )
  0x00000244a40b39c0 JavaThread "main" [_thread_blocked, id=908, stack(0x00000075a0800000,0x00000075a0900000)]
  0x00000244c3c35100 JavaThread "Reference Handler" daemon [_thread_blocked, id=9132, stack(0x00000075a0f00000,0x00000075a1000000)]
  0x00000244c3c35f80 JavaThread "Finalizer" daemon [_thread_blocked, id=11152, stack(0x00000075a1000000,0x00000075a1100000)]
  0x00000244c3c49860 JavaThread "Signal Dispatcher" daemon [_thread_blocked, id=8424, stack(0x00000075a1100000,0x00000075a1200000)]
  0x00000244c3c4b430 JavaThread "Attach Listener" daemon [_thread_blocked, id=8916, stack(0x00000075a1200000,0x00000075a1300000)]
  0x00000244c3c4bff0 JavaThread "Service Thread" daemon [_thread_blocked, id=6612, stack(0x00000075a1300000,0x00000075a1400000)]
  0x00000244c3c4e9c0 JavaThread "Monitor Deflation Thread" daemon [_thread_blocked, id=11356, stack(0x00000075a1400000,0x00000075a1500000)]
=>0x00000244c3c4f760 JavaThread "C2 CompilerThread0" daemon [_thread_in_native, id=6460, stack(0x00000075a1500000,0x00000075a1600000)]
  0x00000244c3c53710 JavaThread "C1 CompilerThread0" daemon [_thread_blocked, id=9248, stack(0x00000075a1600000,0x00000075a1700000)]
  0x00000244c3caa7c0 JavaThread "Sweeper thread" daemon [_thread_blocked, id=5256, stack(0x00000075a1700000,0x00000075a1800000)]
  0x00000244e30a9000 JavaThread "Common-Cleaner" daemon [_thread_blocked, id=13220, stack(0x00000075a1800000,0x00000075a1900000)]
  0x00000244e3171b50 JavaThread "Notification Thread" daemon [_thread_blocked, id=13212, stack(0x00000075a1900000,0x00000075a1a00000)]
  0x00000244e5161890 JavaThread "Daemon health stats" [_thread_blocked, id=6244, stack(0x00000075a1f00000,0x00000075a2000000)]
  0x00000244e52f5730 JavaThread "Incoming local TCP Connector on port 51968" [_thread_in_native, id=11416, stack(0x00000075a1b00000,0x00000075a1c00000)]
  0x00000244e53f5620 JavaThread "Daemon periodic checks" [_thread_blocked, id=5600, stack(0x00000075a2000000,0x00000075a2100000)]
  0x00000244e40075a0 JavaThread "Daemon" [_thread_blocked, id=8128, stack(0x00000075a2100000,0x00000075a2200000)]
  0x00000244e4d50180 JavaThread "Handler for socket connection from /127.0.0.1:51968 to /127.0.0.1:51969" [_thread_in_native, id=13308, stack(0x00000075a2200000,0x00000075a2300000)]
  0x00000244e4d4e320 JavaThread "Cancel handler" [_thread_blocked, id=4760, stack(0x00000075a2300000,0x00000075a2400000)]
  0x00000244e4d4e830 JavaThread "Daemon worker" [_thread_in_native, id=9276, stack(0x00000075a2400000,0x00000075a2500000)]
  0x00000244e4d4f760 JavaThread "Asynchronous log dispatcher for DefaultDaemonConnection: socket connection from /127.0.0.1:51968 to /127.0.0.1:51969" [_thread_blocked, id=12456, stack(0x00000075a2500000,0x00000075a2600000)]
  0x00000244e4d4f250 JavaThread "Stdin handler" [_thread_blocked, id=12968, stack(0x00000075a2600000,0x00000075a2700000)]
  0x00000244e4d4fc70 JavaThread "Daemon client event forwarder" [_thread_blocked, id=12960, stack(0x00000075a2700000,0x00000075a2800000)]
  0x00000244e4d4de10 JavaThread "Cache worker for journal cache (C:\Users\Nestor Corneille\.gradle\caches\journal-1)" [_thread_blocked, id=13032, stack(0x00000075a2800000,0x00000075a2900000)]
  0x00000244e4d4ed40 JavaThread "File lock request listener" [_thread_in_native, id=13016, stack(0x00000075a2900000,0x00000075a2a00000)]
  0x00000244e4d4c9d0 JavaThread "Cache worker for file hash cache (C:\Users\Nestor Corneille\.gradle\caches\9.3.1\fileHashes)" [_thread_blocked, id=13044, stack(0x00000075a2a00000,0x00000075a2b00000)]
  0x00000244e4d4cee0 JavaThread "Cache worker for file hash cache (C:\Users\Nestor Corneille\Desktop\L2\S2\ICT202\TestApp\android\.gradle\9.3.1\fileHashes)" [_thread_blocked, id=2244, stack(0x00000075a2c00000,0x00000075a2d00000)]
  0x00000244e4d4d3f0 JavaThread "Cache worker for Build Output Cleanup Cache (C:\Users\Nestor Corneille\Desktop\L2\S2\ICT202\TestApp\android\.gradle\buildOutputCleanup)" [_thread_blocked, id=1668, stack(0x00000075a2d00000,0x00000075a2e00000)]
  0x00000244e4d4d900 JavaThread "File watcher server" daemon [_thread_in_native, id=11460, stack(0x00000075a2e00000,0x00000075a2f00000)]
  0x00000244e63c3b50 JavaThread "File watcher consumer" daemon [_thread_blocked, id=4304, stack(0x00000075a2f00000,0x00000075a3000000)]
  0x00000244e63c7300 JavaThread "jar transforms" [_thread_blocked, id=9112, stack(0x00000075a3000000,0x00000075a3100000)]
  0x00000244e63c54a0 JavaThread "jar transforms Thread 2" [_thread_blocked, id=4900, stack(0x00000075a3100000,0x00000075a3200000)]
  0x00000244e63c4570 JavaThread "jar transforms Thread 3" [_thread_blocked, id=2384, stack(0x00000075a3200000,0x00000075a3300000)]
  0x00000244e63c2c20 JavaThread "Cache worker for checksums cache (C:\Users\Nestor Corneille\Desktop\L2\S2\ICT202\TestApp\android\.gradle\9.3.1\checksums)" [_thread_blocked, id=3240, stack(0x00000075a2b00000,0x00000075a2c00000)]
  0x00000244e63ca090 JavaThread "Cache worker for file content cache (C:\Users\Nestor Corneille\.gradle\caches\9.3.1\fileContent)" [_thread_blocked, id=12496, stack(0x00000075a3300000,0x00000075a3400000)]
  0x00000244e63c6df0 JavaThread "Cache worker for cache directory md-supplier (C:\Users\Nestor Corneille\.gradle\caches\9.3.1\md-supplier)" [_thread_blocked, id=7768, stack(0x00000075a3400000,0x00000075a3500000)]
  0x00000244e63c9160 JavaThread "Cache worker for cache directory md-rule (C:\Users\Nestor Corneille\.gradle\caches\9.3.1\md-rule)" [_thread_blocked, id=10252, stack(0x00000075a3500000,0x00000075a3600000)]
  0x00000244e63c7810 JavaThread "jar transforms Thread 4" [_thread_blocked, id=3020, stack(0x00000075a3600000,0x00000075a3700000)]
  0x00000244e63c3130 JavaThread "Cache worker for Build Output Cleanup Cache (C:\Users\Nestor Corneille\Desktop\L2\S2\ICT202\TestApp\node_modules\@react-native\gradle-plugin\.gradle\buildOutputCleanup)" [_thread_blocked, id=7996, stack(0x00000075a3700000,0x00000075a3800000)]
  0x00000244e63c59b0 JavaThread "Unconstrained build operations" [_thread_blocked, id=10536, stack(0x00000075a3800000,0x00000075a3900000)]
  0x00000244e63c4f90 JavaThread "Unconstrained build operations Thread 2" [_thread_blocked, id=12532, stack(0x00000075a3900000,0x00000075a3a00000)]
  0x00000244e63c5ec0 JavaThread "Unconstrained build operations Thread 3" [_thread_blocked, id=12828, stack(0x00000075a3a00000,0x00000075a3b00000)]
  0x00000244e63c63d0 JavaThread "Unconstrained build operations Thread 4" [_thread_blocked, id=12660, stack(0x00000075a3b00000,0x00000075a3c00000)]
  0x00000244e63c68e0 JavaThread "Unconstrained build operations Thread 5" [_thread_blocked, id=12556, stack(0x00000075a3c00000,0x00000075a3d00000)]
  0x00000244e63c4a80 JavaThread "Unconstrained build operations Thread 6" [_thread_blocked, id=12388, stack(0x00000075a3d00000,0x00000075a3e00000)]
  0x00000244e63c9b80 JavaThread "Unconstrained build operations Thread 7" [_thread_blocked, id=7276, stack(0x00000075a3e00000,0x00000075a3f00000)]
  0x00000244e63c3640 JavaThread "Unconstrained build operations Thread 8" [_thread_blocked, id=4000, stack(0x00000075a3f00000,0x00000075a4000000)]
  0x00000244e63c4060 JavaThread "Unconstrained build operations Thread 9" [_thread_blocked, id=3324, stack(0x00000075a4000000,0x00000075a4100000)]
  0x00000244e3077fc0 JavaThread "Unconstrained build operations Thread 10" [_thread_blocked, id=1868, stack(0x00000075a4100000,0x00000075a4200000)]
  0x00000244e3076b80 JavaThread "Unconstrained build operations Thread 11" [_thread_blocked, id=11728, stack(0x00000075a4200000,0x00000075a4300000)]
  0x00000244e30784d0 JavaThread "Unconstrained build operations Thread 12" [_thread_blocked, id=11420, stack(0x00000075a4300000,0x00000075a4400000)]
  0x00000244e30789e0 JavaThread "Unconstrained build operations Thread 13" [_thread_blocked, id=4896, stack(0x00000075a4400000,0x00000075a4500000)]
  0x00000244e3075c50 JavaThread "Unconstrained build operations Thread 14" [_thread_blocked, id=12392, stack(0x00000075a4500000,0x00000075a4600000)]
  0x00000244e3077090 JavaThread "Unconstrained build operations Thread 15" [_thread_blocked, id=3396, stack(0x00000075a4600000,0x00000075a4700000)]
  0x00000244e3078ef0 JavaThread "build event listener" [_thread_blocked, id=7800, stack(0x00000075a4800000,0x00000075a4900000)]
  0x00000244e3079400 JavaThread "Memory manager" [_thread_blocked, id=6568, stack(0x00000075a4900000,0x00000075a4a00000)]
  0x00000244e3076160 JavaThread "Problems report writer" [_thread_blocked, id=12036, stack(0x00000075a4a00000,0x00000075a4b00000)]
  0x00000244e87196b0 JavaThread "ForkJoinPool.commonPool-worker-1" daemon [_thread_blocked, id=1004, stack(0x00000075a4b00000,0x00000075a4c00000)]
  0x00000244e871a5e0 JavaThread "ForkJoinPool.commonPool-worker-2" daemon [_thread_blocked, id=8228, stack(0x00000075a4c00000,0x00000075a4d00000)]
  0x00000244e871d880 JavaThread "ForkJoinPool.commonPool-worker-3" daemon [_thread_blocked, id=11452, stack(0x00000075a4d00000,0x00000075a4e00000)]
  0x00000244e871ba20 JavaThread "Exec process" [_thread_blocked, id=11500, stack(0x00000075a4e00000,0x00000075a4f00000)]
  0x00000244e871dd90 JavaThread "Exec process Thread 2" [_thread_blocked, id=12360, stack(0x00000075a4f00000,0x00000075a5000000)]
  0x00000244e8720100 JavaThread "Exec process Thread 3" [_thread_blocked, id=9004, stack(0x00000075a5000000,0x00000075a5100000)]
  0x00000244e871b000 JavaThread "included builds" [_thread_blocked, id=10208, stack(0x00000075a5100000,0x00000075a5200000)]
  0x00000244e871ecc0 JavaThread "Execution worker" [_thread_blocked, id=11516, stack(0x00000075a5200000,0x00000075a5300000)]
  0x00000244e871a0d0 JavaThread "Execution worker Thread 2" [_thread_blocked, id=12056, stack(0x00000075a5300000,0x00000075a5400000)]
  0x00000244e871e7b0 JavaThread "Execution worker Thread 3" [_thread_blocked, id=11028, stack(0x00000075a5400000,0x00000075a5500000)]
  0x00000244e871f6e0 JavaThread "Cache worker for execution history cache (C:\Users\Nestor Corneille\Desktop\L2\S2\ICT202\TestApp\node_modules\@react-native\gradle-plugin\.gradle\9.3.1\executionHistory)" [_thread_blocked, id=11304, stack(0x00000075a5500000,0x00000075a5600000)]
  0x00000244e871fbf0 JavaThread "Unconstrained build operations Thread 16" [_thread_blocked, id=10544, stack(0x00000075a5600000,0x00000075a5700000)]
  0x00000244e871bf30 JavaThread "Unconstrained build operations Thread 17" [_thread_blocked, id=6920, stack(0x00000075a5700000,0x00000075a5800000)]
  0x00000244e871ce60 JavaThread "Unconstrained build operations Thread 18" [_thread_blocked, id=12396, stack(0x00000075a5800000,0x00000075a5900000)]
  0x00000244e8719bc0 JavaThread "Unconstrained build operations Thread 19" [_thread_blocked, id=7760, stack(0x00000075a5900000,0x00000075a5a00000)]
  0x00000244e871c440 JavaThread "Unconstrained build operations Thread 20" [_thread_blocked, id=11528, stack(0x00000075a5a00000,0x00000075a5b00000)]
  0x00000244e871d370 JavaThread "Unconstrained build operations Thread 21" [_thread_blocked, id=8064, stack(0x00000075a5b00000,0x00000075a5c00000)]
  0x00000244e8720610 JavaThread "Unconstrained build operations Thread 22" [_thread_blocked, id=2788, stack(0x00000075a5c00000,0x00000075a5d00000)]
  0x00000244e87191a0 JavaThread "Unconstrained build operations Thread 23" [_thread_blocked, id=5156, stack(0x00000075a5d00000,0x00000075a5e00000)]
  0x00000244e8720b20 JavaThread "Unconstrained build operations Thread 24" [_thread_blocked, id=12972, stack(0x00000075a5e00000,0x00000075a5f00000)]
  0x00000244e871c950 JavaThread "Unconstrained build operations Thread 25" [_thread_blocked, id=12080, stack(0x00000075a5f00000,0x00000075a6000000)]
  0x00000244e871b510 JavaThread "Unconstrained build operations Thread 26" [_thread_blocked, id=12912, stack(0x00000075a6000000,0x00000075a6100000)]
  0x00000244e871e2a0 JavaThread "Unconstrained build operations Thread 27" [_thread_blocked, id=11732, stack(0x00000075a6100000,0x00000075a6200000)]
  0x00000244e871f1d0 JavaThread "Unconstrained build operations Thread 28" [_thread_blocked, id=5828, stack(0x00000075a6200000,0x00000075a6300000)]
  0x00000244e5ab9a80 JavaThread "Unconstrained build operations Thread 29" [_thread_blocked, id=12612, stack(0x00000075a6300000,0x00000075a6400000)]
  0x00000244e5abc300 JavaThread "Unconstrained build operations Thread 30" [_thread_blocked, id=12384, stack(0x00000075a6400000,0x00000075a6500000)]
  0x00000244e5abb8e0 JavaThread "Unconstrained build operations Thread 31" [_thread_blocked, id=12488, stack(0x00000075a6500000,0x00000075a6600000)]
  0x00000244e5ab9060 JavaThread "Unconstrained build operations Thread 32" [_thread_blocked, id=12340, stack(0x00000075a6600000,0x00000075a6700000)]
  0x00000244e5ab9570 JavaThread "Unconstrained build operations Thread 33" [_thread_blocked, id=5932, stack(0x00000075a6700000,0x00000075a6800000)]
  0x00000244e5abc810 JavaThread "Unconstrained build operations Thread 34" [_thread_blocked, id=12632, stack(0x00000075a6800000,0x00000075a6900000)]
  0x00000244e5abb3d0 JavaThread "Unconstrained build operations Thread 35" [_thread_in_native, id=1660, stack(0x00000075a6900000,0x00000075a6a00000)]
  0x00000244e5abbdf0 JavaThread "Unconstrained build operations Thread 36" [_thread_blocked, id=12292, stack(0x00000075a6a00000,0x00000075a6b00000)]
  0x00000244e5abaec0 JavaThread "Unconstrained build operations Thread 37" [_thread_blocked, id=11768, stack(0x00000075a6b00000,0x00000075a6c00000)]
  0x00000244e5ab9f90 JavaThread "Exec process" [_thread_blocked, id=10872, stack(0x00000075a6c00000,0x00000075a6d00000)]
  0x00000244e5aba4a0 JavaThread "Exec process Thread 2" [_thread_blocked, id=12364, stack(0x00000075a6d00000,0x00000075a6e00000)]
  0x00000244e5aba9b0 JavaThread "Exec process Thread 3" [_thread_blocked, id=2260, stack(0x00000075a6e00000,0x00000075a6f00000)]
  0x00000244e678b2b0 JavaThread "Unconstrained build operations Thread 38" [_thread_blocked, id=12576, stack(0x00000075a7000000,0x00000075a7100000)]
  0x00000244e678c1e0 JavaThread "Unconstrained build operations Thread 39" [_thread_blocked, id=1796, stack(0x00000075a7100000,0x00000075a7200000)]
  0x00000244e6789960 JavaThread "Unconstrained build operations Thread 40" [_thread_blocked, id=2472, stack(0x00000075a7200000,0x00000075a7300000)]
  0x00000244e6788010 JavaThread "build event listener" [_thread_blocked, id=9172, stack(0x00000075a6f00000,0x00000075a7000000)]

Other Threads:
  0x00000244c3c2dda0 VMThread "VM Thread" [stack: 0x00000075a0e00000,0x00000075a0f00000] [id=8108]
  0x00000244a40b4650 WatcherThread [stack: 0x00000075a1a00000,0x00000075a1b00000] [id=7868]
  0x00000244a410e630 GCTaskThread "GC Thread#0" [stack: 0x00000075a0900000,0x00000075a0a00000] [id=12416]
  0x00000244e343e820 GCTaskThread "GC Thread#1" [stack: 0x00000075a1c00000,0x00000075a1d00000] [id=9324]
  0x00000244e3194890 GCTaskThread "GC Thread#2" [stack: 0x00000075a1d00000,0x00000075a1e00000] [id=12328]
  0x00000244e467d2e0 GCTaskThread "GC Thread#3" [stack: 0x00000075a1e00000,0x00000075a1f00000] [id=12336]
  0x00000244a411f580 ConcurrentGCThread "G1 Main Marker" [stack: 0x00000075a0a00000,0x00000075a0b00000] [id=6344]
  0x00000244a4120740 ConcurrentGCThread "G1 Conc#0" [stack: 0x00000075a0b00000,0x00000075a0c00000] [id=13248]
  0x00000244c3aec110 ConcurrentGCThread "G1 Refine#0" [stack: 0x00000075a0c00000,0x00000075a0d00000] [id=6440]
  0x00000244e491a390 ConcurrentGCThread "G1 Refine#1" [stack: 0x00000075a4700000,0x00000075a4800000] [id=8928]
  0x00000244c3aecb40 ConcurrentGCThread "G1 Service" [stack: 0x00000075a0d00000,0x00000075a0e00000] [id=12032]

Threads with active compile tasks:
C2 CompilerThread0  66831 18692       4       org.gradle.internal.component.model.DefaultExternalModuleComponentGraphResolveState$DefaultConfigurationGraphResolveState::getAttributes (10 bytes)

VM state: not at safepoint (normal execution)

VM Mutex/Monitor currently owned by a thread: None

Heap address: 0x0000000080000000, size: 2048 MB, Compressed Oops mode: 32-bit

CDS archive(s) mapped at: [0x00000244c4000000-0x00000244c4bb0000-0x00000244c4bb0000), size 12255232, SharedBaseAddress: 0x00000244c4000000, ArchiveRelocationMode: 1.
Compressed class space mapped at: 0x00000244c5000000-0x00000244df000000, reserved size: 436207616
Narrow klass base: 0x00000244c4000000, Narrow klass shift: 0, Narrow klass range: 0x100000000

GC Precious Log:
 CPUs: 4 total, 4 available
 Memory: 8083M
 Large Page Support: Disabled
 NUMA Support: Disabled
 Compressed Oops: Enabled (32-bit)
 Heap Region Size: 1M
 Heap Min Capacity: 8M
 Heap Initial Capacity: 128M
 Heap Max Capacity: 2G
 Pre-touch: Disabled
 Parallel Workers: 4
 Concurrent Workers: 1
 Concurrent Refinement Workers: 4
 Periodic GC: Disabled

Heap:
 garbage-first heap   total 282624K, used 226485K [0x0000000080000000, 0x0000000100000000)
  region size 1024K, 82 young (83968K), 11 survivors (11264K)
 Metaspace       used 119774K, committed 121344K, reserved 557056K
  class space    used 16654K, committed 17408K, reserved 425984K

Heap Regions: E=young(eden), S=young(survivor), O=old, HS=humongous(starts), HC=humongous(continues), CS=collection set, F=free, OA=open archive, CA=closed archive, TAMS=top-at-mark-start (previous, next)
|   0|0x0000000080000000, 0x0000000080100000, 0x0000000080100000|100%|HS|  |TAMS 0x0000000080100000, 0x0000000080000000| Complete 
|   1|0x0000000080100000, 0x0000000080200000, 0x0000000080200000|100%|HC|  |TAMS 0x0000000080200000, 0x0000000080100000| Complete 
|   2|0x0000000080200000, 0x0000000080300000, 0x0000000080300000|100%|HC|  |TAMS 0x0000000080300000, 0x0000000080200000| Complete 
|   3|0x0000000080300000, 0x0000000080400000, 0x0000000080400000|100%|HC|  |TAMS 0x0000000080400000, 0x0000000080300000| Complete 
|   4|0x0000000080400000, 0x0000000080500000, 0x0000000080500000|100%| O|  |TAMS 0x0000000080500000, 0x0000000080400000| Untracked 
|   5|0x0000000080500000, 0x0000000080600000, 0x0000000080600000|100%| O|  |TAMS 0x0000000080600000, 0x0000000080500000| Untracked 
|   6|0x0000000080600000, 0x0000000080700000, 0x0000000080700000|100%| O|  |TAMS 0x0000000080700000, 0x0000000080600000| Untracked 
|   7|0x0000000080700000, 0x0000000080800000, 0x0000000080800000|100%| O|  |TAMS 0x0000000080800000, 0x0000000080700000| Untracked 
|   8|0x0000000080800000, 0x0000000080900000, 0x0000000080900000|100%|HS|  |TAMS 0x0000000080900000, 0x0000000080800000| Complete 
|   9|0x0000000080900000, 0x0000000080a00000, 0x0000000080a00000|100%| O|  |TAMS 0x0000000080a00000, 0x0000000080900000| Untracked 
|  10|0x0000000080a00000, 0x0000000080b00000, 0x0000000080b00000|100%| O|  |TAMS 0x0000000080b00000, 0x0000000080a00000| Untracked 
|  11|0x0000000080b00000, 0x0000000080c00000, 0x0000000080c00000|100%| O|  |TAMS 0x0000000080c00000, 0x0000000080b00000| Untracked 
|  12|0x0000000080c00000, 0x0000000080d00000, 0x0000000080d00000|100%| O|  |TAMS 0x0000000080d00000, 0x0000000080c00000| Untracked 
|  13|0x0000000080d00000, 0x0000000080e00000, 0x0000000080e00000|100%| O|  |TAMS 0x0000000080e00000, 0x0000000080d00000| Untracked 
|  14|0x0000000080e00000, 0x0000000080f00000, 0x0000000080f00000|100%| O|  |TAMS 0x0000000080f00000, 0x0000000080e00000| Untracked 
|  15|0x0000000080f00000, 0x0000000081000000, 0x0000000081000000|100%| O|  |TAMS 0x0000000081000000, 0x0000000080f00000| Untracked 
|  16|0x0000000081000000, 0x0000000081100000, 0x0000000081100000|100%| O|  |TAMS 0x0000000081100000, 0x0000000081000000| Untracked 
|  17|0x0000000081100000, 0x0000000081200000, 0x0000000081200000|100%| O|  |TAMS 0x0000000081200000, 0x0000000081100000| Untracked 
|  18|0x0000000081200000, 0x0000000081300000, 0x0000000081300000|100%| O|  |TAMS 0x0000000081300000, 0x0000000081200000| Untracked 
|  19|0x0000000081300000, 0x0000000081400000, 0x0000000081400000|100%| O|  |TAMS 0x0000000081400000, 0x0000000081300000| Untracked 
|  20|0x0000000081400000, 0x0000000081500000, 0x0000000081500000|100%| O|  |TAMS 0x0000000081500000, 0x0000000081400000| Untracked 
|  21|0x0000000081500000, 0x0000000081600000, 0x0000000081600000|100%| O|  |TAMS 0x0000000081600000, 0x0000000081500000| Untracked 
|  22|0x0000000081600000, 0x0000000081700000, 0x0000000081700000|100%| O|  |TAMS 0x0000000081700000, 0x0000000081600000| Untracked 
|  23|0x0000000081700000, 0x0000000081800000, 0x0000000081800000|100%| O|  |TAMS 0x0000000081800000, 0x0000000081700000| Untracked 
|  24|0x0000000081800000, 0x0000000081900000, 0x0000000081900000|100%| O|  |TAMS 0x0000000081900000, 0x0000000081800000| Untracked 
|  25|0x0000000081900000, 0x0000000081a00000, 0x0000000081a00000|100%| O|  |TAMS 0x0000000081a00000, 0x0000000081900000| Untracked 
|  26|0x0000000081a00000, 0x0000000081b00000, 0x0000000081b00000|100%| O|  |TAMS 0x0000000081b00000, 0x0000000081a00000| Untracked 
|  27|0x0000000081b00000, 0x0000000081c00000, 0x0000000081c00000|100%| O|  |TAMS 0x0000000081c00000, 0x0000000081b00000| Untracked 
|  28|0x0000000081c00000, 0x0000000081d00000, 0x0000000081d00000|100%| O|  |TAMS 0x0000000081d00000, 0x0000000081c00000| Untracked 
|  29|0x0000000081d00000, 0x0000000081e00000, 0x0000000081e00000|100%| O|  |TAMS 0x0000000081e00000, 0x0000000081d00000| Untracked 
|  30|0x0000000081e00000, 0x0000000081f00000, 0x0000000081f00000|100%| O|  |TAMS 0x0000000081f00000, 0x0000000081e00000| Untracked 
|  31|0x0000000081f00000, 0x0000000082000000, 0x0000000082000000|100%| O|  |TAMS 0x0000000082000000, 0x0000000081f00000| Untracked 
|  32|0x0000000082000000, 0x0000000082100000, 0x0000000082100000|100%| O|  |TAMS 0x0000000082100000, 0x0000000082000000| Untracked 
|  33|0x0000000082100000, 0x0000000082200000, 0x0000000082200000|100%| O|  |TAMS 0x0000000082200000, 0x0000000082100000| Untracked 
|  34|0x0000000082200000, 0x0000000082300000, 0x0000000082300000|100%| O|  |TAMS 0x0000000082300000, 0x0000000082200000| Untracked 
|  35|0x0000000082300000, 0x0000000082400000, 0x0000000082400000|100%| O|  |TAMS 0x0000000082400000, 0x0000000082300000| Untracked 
|  36|0x0000000082400000, 0x0000000082500000, 0x0000000082500000|100%| O|  |TAMS 0x0000000082500000, 0x0000000082400000| Untracked 
|  37|0x0000000082500000, 0x0000000082600000, 0x0000000082600000|100%| O|  |TAMS 0x0000000082600000, 0x0000000082500000| Untracked 
|  38|0x0000000082600000, 0x0000000082700000, 0x0000000082700000|100%|HS|  |TAMS 0x0000000082700000, 0x0000000082600000| Complete 
|  39|0x0000000082700000, 0x0000000082800000, 0x0000000082800000|100%|HC|  |TAMS 0x0000000082800000, 0x0000000082700000| Complete 
|  40|0x0000000082800000, 0x0000000082900000, 0x0000000082900000|100%|HC|  |TAMS 0x0000000082900000, 0x0000000082800000| Complete 
|  41|0x0000000082900000, 0x0000000082a00000, 0x0000000082a00000|100%|HS|  |TAMS 0x0000000082a00000, 0x0000000082900000| Complete 
|  42|0x0000000082a00000, 0x0000000082b00000, 0x0000000082b00000|100%|HC|  |TAMS 0x0000000082b00000, 0x0000000082a00000| Complete 
|  43|0x0000000082b00000, 0x0000000082c00000, 0x0000000082c00000|100%|HC|  |TAMS 0x0000000082c00000, 0x0000000082b00000| Complete 
|  44|0x0000000082c00000, 0x0000000082d00000, 0x0000000082d00000|100%| O|  |TAMS 0x0000000082d00000, 0x0000000082c00000| Untracked 
|  45|0x0000000082d00000, 0x0000000082e00000, 0x0000000082e00000|100%| O|  |TAMS 0x0000000082e00000, 0x0000000082d00000| Untracked 
|  46|0x0000000082e00000, 0x0000000082f00000, 0x0000000082f00000|100%| O|  |TAMS 0x0000000082f00000, 0x0000000082e00000| Untracked 
|  47|0x0000000082f00000, 0x0000000083000000, 0x0000000083000000|100%| O|  |TAMS 0x0000000083000000, 0x0000000082f00000| Untracked 
|  48|0x0000000083000000, 0x0000000083100000, 0x0000000083100000|100%| O|  |TAMS 0x0000000083100000, 0x0000000083000000| Untracked 
|  49|0x0000000083100000, 0x0000000083200000, 0x0000000083200000|100%| O|  |TAMS 0x0000000083200000, 0x0000000083100000| Untracked 
|  50|0x0000000083200000, 0x0000000083300000, 0x0000000083300000|100%| O|  |TAMS 0x0000000083300000, 0x0000000083200000| Untracked 
|  51|0x0000000083300000, 0x0000000083400000, 0x0000000083400000|100%| O|  |TAMS 0x0000000083400000, 0x0000000083300000| Untracked 
|  52|0x0000000083400000, 0x0000000083500000, 0x0000000083500000|100%| O|  |TAMS 0x0000000083500000, 0x0000000083400000| Untracked 
|  53|0x0000000083500000, 0x0000000083600000, 0x0000000083600000|100%| O|  |TAMS 0x0000000083600000, 0x0000000083500000| Untracked 
|  54|0x0000000083600000, 0x0000000083700000, 0x0000000083700000|100%| O|  |TAMS 0x0000000083700000, 0x0000000083600000| Untracked 
|  55|0x0000000083700000, 0x0000000083800000, 0x0000000083800000|100%| O|  |TAMS 0x0000000083800000, 0x0000000083700000| Untracked 
|  56|0x0000000083800000, 0x0000000083900000, 0x0000000083900000|100%| O|  |TAMS 0x0000000083900000, 0x0000000083800000| Untracked 
|  57|0x0000000083900000, 0x0000000083a00000, 0x0000000083a00000|100%| O|  |TAMS 0x0000000083a00000, 0x0000000083900000| Untracked 
|  58|0x0000000083a00000, 0x0000000083b00000, 0x0000000083b00000|100%| O|  |TAMS 0x0000000083b00000, 0x0000000083a00000| Untracked 
|  59|0x0000000083b00000, 0x0000000083c00000, 0x0000000083c00000|100%| O|  |TAMS 0x0000000083b00000, 0x0000000083b00000| Untracked 
|  60|0x0000000083c00000, 0x0000000083d00000, 0x0000000083d00000|100%| O|  |TAMS 0x0000000083d00000, 0x0000000083c00000| Untracked 
|  61|0x0000000083d00000, 0x0000000083e00000, 0x0000000083e00000|100%| O|  |TAMS 0x0000000083e00000, 0x0000000083d00000| Untracked 
|  62|0x0000000083e00000, 0x0000000083f00000, 0x0000000083f00000|100%| O|  |TAMS 0x0000000083f00000, 0x0000000083e00000| Untracked 
|  63|0x0000000083f00000, 0x0000000084000000, 0x0000000084000000|100%| O|  |TAMS 0x0000000084000000, 0x0000000083f00000| Untracked 
|  64|0x0000000084000000, 0x0000000084100000, 0x0000000084100000|100%| O|  |TAMS 0x0000000084100000, 0x0000000084000000| Untracked 
|  65|0x0000000084100000, 0x0000000084200000, 0x0000000084200000|100%| O|  |TAMS 0x0000000084200000, 0x0000000084100000| Untracked 
|  66|0x0000000084200000, 0x0000000084300000, 0x0000000084300000|100%| O|  |TAMS 0x0000000084300000, 0x0000000084200000| Untracked 
|  67|0x0000000084300000, 0x0000000084400000, 0x0000000084400000|100%| O|  |TAMS 0x0000000084400000, 0x0000000084300000| Untracked 
|  68|0x0000000084400000, 0x0000000084500000, 0x0000000084500000|100%| O|  |TAMS 0x0000000084500000, 0x0000000084400000| Untracked 
|  69|0x0000000084500000, 0x0000000084600000, 0x0000000084600000|100%| O|  |TAMS 0x0000000084600000, 0x0000000084500000| Untracked 
|  70|0x0000000084600000, 0x0000000084700000, 0x0000000084700000|100%| O|  |TAMS 0x0000000084700000, 0x0000000084600000| Untracked 
|  71|0x0000000084700000, 0x0000000084800000, 0x0000000084800000|100%| O|  |TAMS 0x0000000084800000, 0x0000000084700000| Untracked 
|  72|0x0000000084800000, 0x0000000084900000, 0x0000000084900000|100%| O|  |TAMS 0x0000000084900000, 0x0000000084800000| Untracked 
|  73|0x0000000084900000, 0x0000000084a00000, 0x0000000084a00000|100%| O|  |TAMS 0x0000000084a00000, 0x0000000084900000| Untracked 
|  74|0x0000000084a00000, 0x0000000084b00000, 0x0000000084b00000|100%| O|  |TAMS 0x0000000084b00000, 0x0000000084a00000| Untracked 
|  75|0x0000000084b00000, 0x0000000084c00000, 0x0000000084c00000|100%| O|  |TAMS 0x0000000084b00000, 0x0000000084b00000| Untracked 
|  76|0x0000000084c00000, 0x0000000084d00000, 0x0000000084d00000|100%|HS|  |TAMS 0x0000000084d00000, 0x0000000084c00000| Complete 
|  77|0x0000000084d00000, 0x0000000084e00000, 0x0000000084e00000|100%|HS|  |TAMS 0x0000000084e00000, 0x0000000084d00000| Complete 
|  78|0x0000000084e00000, 0x0000000084f00000, 0x0000000084f00000|100%|HS|  |TAMS 0x0000000084f00000, 0x0000000084e00000| Complete 
|  79|0x0000000084f00000, 0x0000000085000000, 0x0000000085000000|100%|HS|  |TAMS 0x0000000085000000, 0x0000000084f00000| Complete 
|  80|0x0000000085000000, 0x0000000085100000, 0x0000000085100000|100%| O|  |TAMS 0x0000000085100000, 0x0000000085000000| Untracked 
|  81|0x0000000085100000, 0x0000000085200000, 0x0000000085200000|100%| O|  |TAMS 0x0000000085200000, 0x0000000085100000| Untracked 
|  82|0x0000000085200000, 0x0000000085300000, 0x0000000085300000|100%| O|  |TAMS 0x0000000085300000, 0x0000000085200000| Untracked 
|  83|0x0000000085300000, 0x0000000085400000, 0x0000000085400000|100%| O|  |TAMS 0x0000000085400000, 0x0000000085300000| Untracked 
|  84|0x0000000085400000, 0x0000000085500000, 0x0000000085500000|100%| O|  |TAMS 0x0000000085500000, 0x0000000085400000| Untracked 
|  85|0x0000000085500000, 0x0000000085600000, 0x0000000085600000|100%| O|  |TAMS 0x0000000085600000, 0x0000000085500000| Untracked 
|  86|0x0000000085600000, 0x0000000085700000, 0x0000000085700000|100%| O|  |TAMS 0x0000000085700000, 0x0000000085600000| Untracked 
|  87|0x0000000085700000, 0x0000000085800000, 0x0000000085800000|100%| O|  |TAMS 0x0000000085800000, 0x0000000085700000| Untracked 
|  88|0x0000000085800000, 0x0000000085900000, 0x0000000085900000|100%| O|  |TAMS 0x0000000085900000, 0x0000000085800000| Untracked 
|  89|0x0000000085900000, 0x0000000085a00000, 0x0000000085a00000|100%| O|  |TAMS 0x0000000085a00000, 0x0000000085900000| Untracked 
|  90|0x0000000085a00000, 0x0000000085b00000, 0x0000000085b00000|100%| O|  |TAMS 0x0000000085b00000, 0x0000000085a00000| Untracked 
|  91|0x0000000085b00000, 0x0000000085c00000, 0x0000000085c00000|100%| O|  |TAMS 0x0000000085c00000, 0x0000000085b00000| Untracked 
|  92|0x0000000085c00000, 0x0000000085d00000, 0x0000000085d00000|100%|HS|  |TAMS 0x0000000085d00000, 0x0000000085c00000| Complete 
|  93|0x0000000085d00000, 0x0000000085e00000, 0x0000000085e00000|100%|HS|  |TAMS 0x0000000085e00000, 0x0000000085d00000| Complete 
|  94|0x0000000085e00000, 0x0000000085f00000, 0x0000000085f00000|100%| O|  |TAMS 0x0000000085f00000, 0x0000000085e00000| Untracked 
|  95|0x0000000085f00000, 0x0000000086000000, 0x0000000086000000|100%| O|  |TAMS 0x0000000086000000, 0x0000000085f00000| Untracked 
|  96|0x0000000086000000, 0x0000000086100000, 0x0000000086100000|100%| O|  |TAMS 0x0000000086100000, 0x0000000086000000| Untracked 
|  97|0x0000000086100000, 0x0000000086200000, 0x0000000086200000|100%| O|  |TAMS 0x0000000086200000, 0x0000000086100000| Untracked 
|  98|0x0000000086200000, 0x0000000086300000, 0x0000000086300000|100%| O|  |TAMS 0x0000000086300000, 0x0000000086200000| Untracked 
|  99|0x0000000086300000, 0x0000000086400000, 0x0000000086400000|100%| O|  |TAMS 0x0000000086400000, 0x0000000086300000| Untracked 
| 100|0x0000000086400000, 0x0000000086500000, 0x0000000086500000|100%| O|  |TAMS 0x0000000086500000, 0x0000000086400000| Untracked 
| 101|0x0000000086500000, 0x0000000086600000, 0x0000000086600000|100%| O|  |TAMS 0x0000000086600000, 0x0000000086500000| Untracked 
| 102|0x0000000086600000, 0x0000000086700000, 0x0000000086700000|100%|HS|  |TAMS 0x0000000086700000, 0x0000000086600000| Complete 
| 103|0x0000000086700000, 0x0000000086800000, 0x0000000086800000|100%| O|  |TAMS 0x0000000086800000, 0x0000000086700000| Untracked 
| 104|0x0000000086800000, 0x0000000086900000, 0x0000000086900000|100%| O|  |TAMS 0x0000000086900000, 0x0000000086800000| Untracked 
| 105|0x0000000086900000, 0x0000000086a00000, 0x0000000086a00000|100%| O|  |TAMS 0x0000000086a00000, 0x0000000086900000| Untracked 
| 106|0x0000000086a00000, 0x0000000086b00000, 0x0000000086b00000|100%| O|  |TAMS 0x0000000086b00000, 0x0000000086a00000| Untracked 
| 107|0x0000000086b00000, 0x0000000086c00000, 0x0000000086c00000|100%| O|  |TAMS 0x0000000086c00000, 0x0000000086b00000| Untracked 
| 108|0x0000000086c00000, 0x0000000086d00000, 0x0000000086d00000|100%| O|  |TAMS 0x0000000086d00000, 0x0000000086c00000| Untracked 
| 109|0x0000000086d00000, 0x0000000086e00000, 0x0000000086e00000|100%|HS|  |TAMS 0x0000000086e00000, 0x0000000086d00000| Complete 
| 110|0x0000000086e00000, 0x0000000086f00000, 0x0000000086f00000|100%|HC|  |TAMS 0x0000000086f00000, 0x0000000086e00000| Complete 
| 111|0x0000000086f00000, 0x0000000087000000, 0x0000000087000000|100%|HC|  |TAMS 0x0000000087000000, 0x0000000086f00000| Complete 
| 112|0x0000000087000000, 0x0000000087100000, 0x0000000087100000|100%| O|  |TAMS 0x0000000087100000, 0x0000000087000000| Untracked 
| 113|0x0000000087100000, 0x0000000087200000, 0x0000000087200000|100%| O|  |TAMS 0x0000000087200000, 0x0000000087100000| Untracked 
| 114|0x0000000087200000, 0x0000000087300000, 0x0000000087300000|100%| O|  |TAMS 0x0000000087222c00, 0x0000000087200000| Untracked 
| 115|0x0000000087300000, 0x0000000087400000, 0x0000000087400000|100%| O|  |TAMS 0x0000000087300000, 0x0000000087300000| Untracked 
| 116|0x0000000087400000, 0x0000000087500000, 0x0000000087500000|100%| O|  |TAMS 0x0000000087400000, 0x0000000087400000| Untracked 
| 117|0x0000000087500000, 0x0000000087600000, 0x0000000087600000|100%| O|  |TAMS 0x0000000087500000, 0x0000000087500000| Untracked 
| 118|0x0000000087600000, 0x0000000087700000, 0x0000000087700000|100%| O|  |TAMS 0x0000000087600000, 0x0000000087600000| Untracked 
| 119|0x0000000087700000, 0x0000000087800000, 0x0000000087800000|100%| O|  |TAMS 0x0000000087700000, 0x0000000087700000| Untracked 
| 120|0x0000000087800000, 0x0000000087900000, 0x0000000087900000|100%| O|  |TAMS 0x0000000087800000, 0x0000000087800000| Untracked 
| 121|0x0000000087900000, 0x0000000087a00000, 0x0000000087a00000|100%| O|  |TAMS 0x0000000087900000, 0x0000000087900000| Untracked 
| 122|0x0000000087a00000, 0x0000000087b00000, 0x0000000087b00000|100%| O|  |TAMS 0x0000000087a00000, 0x0000000087a00000| Untracked 
| 123|0x0000000087b00000, 0x0000000087c00000, 0x0000000087c00000|100%| O|  |TAMS 0x0000000087b00000, 0x0000000087b00000| Untracked 
| 124|0x0000000087c00000, 0x0000000087d00000, 0x0000000087d00000|100%| O|  |TAMS 0x0000000087c00000, 0x0000000087c00000| Untracked 
| 125|0x0000000087d00000, 0x0000000087e00000, 0x0000000087e00000|100%| O|  |TAMS 0x0000000087d00000, 0x0000000087d00000| Untracked 
| 126|0x0000000087e00000, 0x0000000087f00000, 0x0000000087f00000|100%|HS|  |TAMS 0x0000000087e00000, 0x0000000087e00000| Complete 
| 127|0x0000000087f00000, 0x0000000088000000, 0x0000000088000000|100%|HC|  |TAMS 0x0000000087f00000, 0x0000000087f00000| Complete 
| 128|0x0000000088000000, 0x0000000088100000, 0x0000000088100000|100%| O|  |TAMS 0x0000000088000000, 0x0000000088000000| Untracked 
| 129|0x0000000088100000, 0x0000000088200000, 0x0000000088200000|100%| O|  |TAMS 0x0000000088100000, 0x0000000088100000| Untracked 
| 130|0x0000000088200000, 0x0000000088300000, 0x0000000088300000|100%| O|  |TAMS 0x0000000088200000, 0x0000000088200000| Untracked 
| 131|0x0000000088300000, 0x0000000088400000, 0x0000000088400000|100%| O|  |TAMS 0x0000000088300000, 0x0000000088300000| Untracked 
| 132|0x0000000088400000, 0x0000000088500000, 0x0000000088500000|100%| O|  |TAMS 0x0000000088400000, 0x0000000088400000| Untracked 
| 133|0x0000000088500000, 0x0000000088600000, 0x0000000088600000|100%| O|  |TAMS 0x0000000088500000, 0x0000000088500000| Untracked 
| 134|0x0000000088600000, 0x0000000088700000, 0x0000000088700000|100%| O|  |TAMS 0x0000000088600000, 0x0000000088600000| Untracked 
| 135|0x0000000088700000, 0x0000000088800000, 0x0000000088800000|100%| O|  |TAMS 0x0000000088700000, 0x0000000088700000| Untracked 
| 136|0x0000000088800000, 0x0000000088900000, 0x0000000088900000|100%| O|  |TAMS 0x0000000088800000, 0x0000000088800000| Untracked 
| 137|0x0000000088900000, 0x0000000088a00000, 0x0000000088a00000|100%| O|  |TAMS 0x0000000088900000, 0x0000000088900000| Untracked 
| 138|0x0000000088a00000, 0x0000000088b00000, 0x0000000088b00000|100%| O|  |TAMS 0x0000000088a00000, 0x0000000088a00000| Untracked 
| 139|0x0000000088b00000, 0x0000000088c00000, 0x0000000088c00000|100%| O|  |TAMS 0x0000000088b00000, 0x0000000088b00000| Untracked 
| 140|0x0000000088c00000, 0x0000000088cad400, 0x0000000088d00000| 67%| O|  |TAMS 0x0000000088c00000, 0x0000000088c00000| Untracked 
| 141|0x0000000088d00000, 0x0000000088d00000, 0x0000000088e00000|  0%| F|  |TAMS 0x0000000088d00000, 0x0000000088d00000| Untracked 
| 142|0x0000000088e00000, 0x0000000088e00000, 0x0000000088f00000|  0%| F|  |TAMS 0x0000000088e00000, 0x0000000088e00000| Untracked 
| 143|0x0000000088f00000, 0x0000000088f00000, 0x0000000089000000|  0%| F|  |TAMS 0x0000000088f00000, 0x0000000088f00000| Untracked 
| 144|0x0000000089000000, 0x0000000089000000, 0x0000000089100000|  0%| F|  |TAMS 0x0000000089000000, 0x0000000089000000| Untracked 
| 145|0x0000000089100000, 0x0000000089100000, 0x0000000089200000|  0%| F|  |TAMS 0x0000000089100000, 0x0000000089100000| Untracked 
| 146|0x0000000089200000, 0x0000000089200000, 0x0000000089300000|  0%| F|  |TAMS 0x0000000089200000, 0x0000000089200000| Untracked 
| 147|0x0000000089300000, 0x0000000089300000, 0x0000000089400000|  0%| F|  |TAMS 0x0000000089300000, 0x0000000089300000| Untracked 
| 148|0x0000000089400000, 0x0000000089400000, 0x0000000089500000|  0%| F|  |TAMS 0x0000000089400000, 0x0000000089400000| Untracked 
| 149|0x0000000089500000, 0x0000000089500000, 0x0000000089600000|  0%| F|  |TAMS 0x0000000089500000, 0x0000000089500000| Untracked 
| 150|0x0000000089600000, 0x0000000089600000, 0x0000000089700000|  0%| F|  |TAMS 0x0000000089600000, 0x0000000089600000| Untracked 
| 151|0x0000000089700000, 0x0000000089700000, 0x0000000089800000|  0%| F|  |TAMS 0x0000000089700000, 0x0000000089700000| Untracked 
| 152|0x0000000089800000, 0x0000000089800000, 0x0000000089900000|  0%| F|  |TAMS 0x0000000089800000, 0x0000000089800000| Untracked 
| 153|0x0000000089900000, 0x0000000089900000, 0x0000000089a00000|  0%| F|  |TAMS 0x0000000089900000, 0x0000000089900000| Untracked 
| 154|0x0000000089a00000, 0x0000000089a00000, 0x0000000089b00000|  0%| F|  |TAMS 0x0000000089a00000, 0x0000000089a00000| Untracked 
| 155|0x0000000089b00000, 0x0000000089b00000, 0x0000000089c00000|  0%| F|  |TAMS 0x0000000089b00000, 0x0000000089b00000| Untracked 
| 156|0x0000000089c00000, 0x0000000089c00000, 0x0000000089d00000|  0%| F|  |TAMS 0x0000000089c00000, 0x0000000089c00000| Untracked 
| 157|0x0000000089d00000, 0x0000000089d00000, 0x0000000089e00000|  0%| F|  |TAMS 0x0000000089d00000, 0x0000000089d00000| Untracked 
| 158|0x0000000089e00000, 0x0000000089e00000, 0x0000000089f00000|  0%| F|  |TAMS 0x0000000089e00000, 0x0000000089e00000| Untracked 
| 159|0x0000000089f00000, 0x0000000089f00000, 0x000000008a000000|  0%| F|  |TAMS 0x0000000089f00000, 0x0000000089f00000| Untracked 
| 160|0x000000008a000000, 0x000000008a000000, 0x000000008a100000|  0%| F|  |TAMS 0x000000008a000000, 0x000000008a000000| Untracked 
| 161|0x000000008a100000, 0x000000008a100000, 0x000000008a200000|  0%| F|  |TAMS 0x000000008a100000, 0x000000008a100000| Untracked 
| 162|0x000000008a200000, 0x000000008a200000, 0x000000008a300000|  0%| F|  |TAMS 0x000000008a200000, 0x000000008a200000| Untracked 
| 163|0x000000008a300000, 0x000000008a300000, 0x000000008a400000|  0%| F|  |TAMS 0x000000008a300000, 0x000000008a300000| Untracked 
| 164|0x000000008a400000, 0x000000008a400000, 0x000000008a500000|  0%| F|  |TAMS 0x000000008a400000, 0x000000008a400000| Untracked 
| 165|0x000000008a500000, 0x000000008a500000, 0x000000008a600000|  0%| F|  |TAMS 0x000000008a500000, 0x000000008a500000| Untracked 
| 166|0x000000008a600000, 0x000000008a600000, 0x000000008a700000|  0%| F|  |TAMS 0x000000008a600000, 0x000000008a600000| Untracked 
| 167|0x000000008a700000, 0x000000008a700000, 0x000000008a800000|  0%| F|  |TAMS 0x000000008a700000, 0x000000008a700000| Untracked 
| 168|0x000000008a800000, 0x000000008a800000, 0x000000008a900000|  0%| F|  |TAMS 0x000000008a800000, 0x000000008a800000| Untracked 
| 169|0x000000008a900000, 0x000000008a900000, 0x000000008aa00000|  0%| F|  |TAMS 0x000000008a900000, 0x000000008a900000| Untracked 
| 170|0x000000008aa00000, 0x000000008aa00000, 0x000000008ab00000|  0%| F|  |TAMS 0x000000008aa00000, 0x000000008aa00000| Untracked 
| 171|0x000000008ab00000, 0x000000008ab00000, 0x000000008ac00000|  0%| F|  |TAMS 0x000000008ab00000, 0x000000008ab00000| Untracked 
| 172|0x000000008ac00000, 0x000000008ac80000, 0x000000008ad00000| 50%| S|CS|TAMS 0x000000008ac00000, 0x000000008ac00000| Complete 
| 173|0x000000008ad00000, 0x000000008ae00000, 0x000000008ae00000|100%| S|CS|TAMS 0x000000008ad00000, 0x000000008ad00000| Complete 
| 174|0x000000008ae00000, 0x000000008af00000, 0x000000008af00000|100%| S|CS|TAMS 0x000000008ae00000, 0x000000008ae00000| Complete 
| 175|0x000000008af00000, 0x000000008af00000, 0x000000008b000000|  0%| F|  |TAMS 0x000000008af00000, 0x000000008af00000| Untracked 
| 176|0x000000008b000000, 0x000000008b000000, 0x000000008b100000|  0%| F|  |TAMS 0x000000008b000000, 0x000000008b000000| Untracked 
| 177|0x000000008b100000, 0x000000008b100000, 0x000000008b200000|  0%| F|  |TAMS 0x000000008b100000, 0x000000008b100000| Untracked 
| 178|0x000000008b200000, 0x000000008b200000, 0x000000008b300000|  0%| F|  |TAMS 0x000000008b200000, 0x000000008b200000| Untracked 
| 179|0x000000008b300000, 0x000000008b300000, 0x000000008b400000|  0%| F|  |TAMS 0x000000008b300000, 0x000000008b300000| Untracked 
| 180|0x000000008b400000, 0x000000008b400000, 0x000000008b500000|  0%| F|  |TAMS 0x000000008b400000, 0x000000008b400000| Untracked 
| 181|0x000000008b500000, 0x000000008b600000, 0x000000008b600000|100%| S|CS|TAMS 0x000000008b500000, 0x000000008b500000| Complete 
| 182|0x000000008b600000, 0x000000008b700000, 0x000000008b700000|100%| S|CS|TAMS 0x000000008b600000, 0x000000008b600000| Complete 
| 183|0x000000008b700000, 0x000000008b800000, 0x000000008b800000|100%| S|CS|TAMS 0x000000008b700000, 0x000000008b700000| Complete 
| 184|0x000000008b800000, 0x000000008b900000, 0x000000008b900000|100%| S|CS|TAMS 0x000000008b800000, 0x000000008b800000| Complete 
| 185|0x000000008b900000, 0x000000008ba00000, 0x000000008ba00000|100%| S|CS|TAMS 0x000000008b900000, 0x000000008b900000| Complete 
| 186|0x000000008ba00000, 0x000000008bb00000, 0x000000008bb00000|100%| S|CS|TAMS 0x000000008ba00000, 0x000000008ba00000| Complete 
| 187|0x000000008bb00000, 0x000000008bc00000, 0x000000008bc00000|100%| S|CS|TAMS 0x000000008bb00000, 0x000000008bb00000| Complete 
| 188|0x000000008bc00000, 0x000000008bd00000, 0x000000008bd00000|100%| S|CS|TAMS 0x000000008bc00000, 0x000000008bc00000| Complete 
| 189|0x000000008bd00000, 0x000000008bd00000, 0x000000008be00000|  0%| F|  |TAMS 0x000000008bd00000, 0x000000008bd00000| Untracked 
| 190|0x000000008be00000, 0x000000008be00000, 0x000000008bf00000|  0%| F|  |TAMS 0x000000008be00000, 0x000000008be00000| Untracked 
| 191|0x000000008bf00000, 0x000000008bf00000, 0x000000008c000000|  0%| F|  |TAMS 0x000000008bf00000, 0x000000008bf00000| Untracked 
| 192|0x000000008c000000, 0x000000008c000000, 0x000000008c100000|  0%| F|  |TAMS 0x000000008c000000, 0x000000008c000000| Untracked 
| 193|0x000000008c100000, 0x000000008c100000, 0x000000008c200000|  0%| F|  |TAMS 0x000000008c100000, 0x000000008c100000| Untracked 
| 194|0x000000008c200000, 0x000000008c200000, 0x000000008c300000|  0%| F|  |TAMS 0x000000008c200000, 0x000000008c200000| Untracked 
| 195|0x000000008c300000, 0x000000008c300000, 0x000000008c400000|  0%| F|  |TAMS 0x000000008c300000, 0x000000008c300000| Untracked 
| 196|0x000000008c400000, 0x000000008c400000, 0x000000008c500000|  0%| F|  |TAMS 0x000000008c400000, 0x000000008c400000| Untracked 
| 197|0x000000008c500000, 0x000000008c500000, 0x000000008c600000|  0%| F|  |TAMS 0x000000008c500000, 0x000000008c500000| Untracked 
| 198|0x000000008c600000, 0x000000008c600000, 0x000000008c700000|  0%| F|  |TAMS 0x000000008c600000, 0x000000008c600000| Untracked 
| 199|0x000000008c700000, 0x000000008c700000, 0x000000008c800000|  0%| F|  |TAMS 0x000000008c700000, 0x000000008c700000| Untracked 
| 200|0x000000008c800000, 0x000000008c800000, 0x000000008c900000|  0%| F|  |TAMS 0x000000008c800000, 0x000000008c800000| Untracked 
| 201|0x000000008c900000, 0x000000008c900000, 0x000000008ca00000|  0%| F|  |TAMS 0x000000008c900000, 0x000000008c900000| Untracked 
| 202|0x000000008ca00000, 0x000000008ca00000, 0x000000008cb00000|  0%| F|  |TAMS 0x000000008ca00000, 0x000000008ca00000| Untracked 
| 203|0x000000008cb00000, 0x000000008cb00000, 0x000000008cc00000|  0%| F|  |TAMS 0x000000008cb00000, 0x000000008cb00000| Untracked 
| 204|0x000000008cc00000, 0x000000008cc00000, 0x000000008cd00000|  0%| F|  |TAMS 0x000000008cc00000, 0x000000008cc00000| Untracked 
| 205|0x000000008cd00000, 0x000000008cdadf98, 0x000000008ce00000| 67%| E|  |TAMS 0x000000008cd00000, 0x000000008cd00000| Complete 
| 206|0x000000008ce00000, 0x000000008cf00000, 0x000000008cf00000|100%| E|CS|TAMS 0x000000008ce00000, 0x000000008ce00000| Complete 
| 207|0x000000008cf00000, 0x000000008d000000, 0x000000008d000000|100%| E|CS|TAMS 0x000000008cf00000, 0x000000008cf00000| Complete 
| 208|0x000000008d000000, 0x000000008d100000, 0x000000008d100000|100%| E|CS|TAMS 0x000000008d000000, 0x000000008d000000| Complete 
| 209|0x000000008d100000, 0x000000008d200000, 0x000000008d200000|100%| E|CS|TAMS 0x000000008d100000, 0x000000008d100000| Complete 
| 210|0x000000008d200000, 0x000000008d300000, 0x000000008d300000|100%| E|CS|TAMS 0x000000008d200000, 0x000000008d200000| Complete 
| 211|0x000000008d300000, 0x000000008d400000, 0x000000008d400000|100%| E|CS|TAMS 0x000000008d300000, 0x000000008d300000| Complete 
| 212|0x000000008d400000, 0x000000008d500000, 0x000000008d500000|100%| E|CS|TAMS 0x000000008d400000, 0x000000008d400000| Complete 
| 213|0x000000008d500000, 0x000000008d600000, 0x000000008d600000|100%| E|CS|TAMS 0x000000008d500000, 0x000000008d500000| Complete 
| 214|0x000000008d600000, 0x000000008d700000, 0x000000008d700000|100%| E|CS|TAMS 0x000000008d600000, 0x000000008d600000| Complete 
| 215|0x000000008d700000, 0x000000008d800000, 0x000000008d800000|100%| E|CS|TAMS 0x000000008d700000, 0x000000008d700000| Complete 
| 216|0x000000008d800000, 0x000000008d900000, 0x000000008d900000|100%| E|CS|TAMS 0x000000008d800000, 0x000000008d800000| Complete 
| 217|0x000000008d900000, 0x000000008da00000, 0x000000008da00000|100%| E|CS|TAMS 0x000000008d900000, 0x000000008d900000| Complete 
| 218|0x000000008da00000, 0x000000008db00000, 0x000000008db00000|100%| E|CS|TAMS 0x000000008da00000, 0x000000008da00000| Complete 
| 219|0x000000008db00000, 0x000000008dc00000, 0x000000008dc00000|100%| E|CS|TAMS 0x000000008db00000, 0x000000008db00000| Complete 
| 220|0x000000008dc00000, 0x000000008dd00000, 0x000000008dd00000|100%| E|CS|TAMS 0x000000008dc00000, 0x000000008dc00000| Complete 
| 221|0x000000008dd00000, 0x000000008de00000, 0x000000008de00000|100%| E|CS|TAMS 0x000000008dd00000, 0x000000008dd00000| Complete 
| 222|0x000000008de00000, 0x000000008df00000, 0x000000008df00000|100%| E|CS|TAMS 0x000000008de00000, 0x000000008de00000| Complete 
| 223|0x000000008df00000, 0x000000008e000000, 0x000000008e000000|100%| E|CS|TAMS 0x000000008df00000, 0x000000008df00000| Complete 
| 224|0x000000008e000000, 0x000000008e100000, 0x000000008e100000|100%| E|CS|TAMS 0x000000008e000000, 0x000000008e000000| Complete 
| 225|0x000000008e100000, 0x000000008e200000, 0x000000008e200000|100%| E|CS|TAMS 0x000000008e100000, 0x000000008e100000| Complete 
| 226|0x000000008e200000, 0x000000008e300000, 0x000000008e300000|100%| E|CS|TAMS 0x000000008e200000, 0x000000008e200000| Complete 
| 227|0x000000008e300000, 0x000000008e400000, 0x000000008e400000|100%| E|CS|TAMS 0x000000008e300000, 0x000000008e300000| Complete 
| 228|0x000000008e400000, 0x000000008e500000, 0x000000008e500000|100%| E|CS|TAMS 0x000000008e400000, 0x000000008e400000| Complete 
| 229|0x000000008e500000, 0x000000008e600000, 0x000000008e600000|100%| E|CS|TAMS 0x000000008e500000, 0x000000008e500000| Complete 
| 230|0x000000008e600000, 0x000000008e700000, 0x000000008e700000|100%| E|CS|TAMS 0x000000008e600000, 0x000000008e600000| Complete 
| 231|0x000000008e700000, 0x000000008e800000, 0x000000008e800000|100%| E|CS|TAMS 0x000000008e700000, 0x000000008e700000| Complete 
| 232|0x000000008e800000, 0x000000008e900000, 0x000000008e900000|100%| E|CS|TAMS 0x000000008e800000, 0x000000008e800000| Complete 
| 233|0x000000008e900000, 0x000000008ea00000, 0x000000008ea00000|100%| E|CS|TAMS 0x000000008e900000, 0x000000008e900000| Complete 
| 234|0x000000008ea00000, 0x000000008eb00000, 0x000000008eb00000|100%| E|CS|TAMS 0x000000008ea00000, 0x000000008ea00000| Complete 
| 235|0x000000008eb00000, 0x000000008ec00000, 0x000000008ec00000|100%| E|CS|TAMS 0x000000008eb00000, 0x000000008eb00000| Complete 
| 236|0x000000008ec00000, 0x000000008ed00000, 0x000000008ed00000|100%| E|CS|TAMS 0x000000008ec00000, 0x000000008ec00000| Complete 
| 237|0x000000008ed00000, 0x000000008ee00000, 0x000000008ee00000|100%| E|CS|TAMS 0x000000008ed00000, 0x000000008ed00000| Complete 
| 238|0x000000008ee00000, 0x000000008ef00000, 0x000000008ef00000|100%| E|CS|TAMS 0x000000008ee00000, 0x000000008ee00000| Complete 
| 239|0x000000008ef00000, 0x000000008f000000, 0x000000008f000000|100%| E|CS|TAMS 0x000000008ef00000, 0x000000008ef00000| Complete 
| 240|0x000000008f000000, 0x000000008f100000, 0x000000008f100000|100%| E|CS|TAMS 0x000000008f000000, 0x000000008f000000| Complete 
| 241|0x000000008f100000, 0x000000008f200000, 0x000000008f200000|100%| E|CS|TAMS 0x000000008f100000, 0x000000008f100000| Complete 
| 242|0x000000008f200000, 0x000000008f300000, 0x000000008f300000|100%| E|CS|TAMS 0x000000008f200000, 0x000000008f200000| Complete 
| 243|0x000000008f300000, 0x000000008f400000, 0x000000008f400000|100%| E|CS|TAMS 0x000000008f300000, 0x000000008f300000| Complete 
| 244|0x000000008f400000, 0x000000008f500000, 0x000000008f500000|100%| E|CS|TAMS 0x000000008f400000, 0x000000008f400000| Complete 
| 245|0x000000008f500000, 0x000000008f600000, 0x000000008f600000|100%| E|CS|TAMS 0x000000008f500000, 0x000000008f500000| Complete 
| 246|0x000000008f600000, 0x000000008f700000, 0x000000008f700000|100%| E|CS|TAMS 0x000000008f600000, 0x000000008f600000| Complete 
| 247|0x000000008f700000, 0x000000008f800000, 0x000000008f800000|100%| E|CS|TAMS 0x000000008f700000, 0x000000008f700000| Complete 
| 248|0x000000008f800000, 0x000000008f900000, 0x000000008f900000|100%| E|CS|TAMS 0x000000008f800000, 0x000000008f800000| Complete 
| 249|0x000000008f900000, 0x000000008fa00000, 0x000000008fa00000|100%| E|CS|TAMS 0x000000008f900000, 0x000000008f900000| Complete 
| 250|0x000000008fa00000, 0x000000008fb00000, 0x000000008fb00000|100%| E|CS|TAMS 0x000000008fa00000, 0x000000008fa00000| Complete 
| 251|0x000000008fb00000, 0x000000008fc00000, 0x000000008fc00000|100%| E|CS|TAMS 0x000000008fb00000, 0x000000008fb00000| Complete 
| 252|0x000000008fc00000, 0x000000008fd00000, 0x000000008fd00000|100%| E|CS|TAMS 0x000000008fc00000, 0x000000008fc00000| Complete 
| 253|0x000000008fd00000, 0x000000008fe00000, 0x000000008fe00000|100%| E|CS|TAMS 0x000000008fd00000, 0x000000008fd00000| Complete 
| 254|0x000000008fe00000, 0x000000008ff00000, 0x000000008ff00000|100%| E|CS|TAMS 0x000000008fe00000, 0x000000008fe00000| Complete 
| 255|0x000000008ff00000, 0x0000000090000000, 0x0000000090000000|100%| E|CS|TAMS 0x000000008ff00000, 0x000000008ff00000| Complete 
| 256|0x0000000090000000, 0x0000000090100000, 0x0000000090100000|100%| E|CS|TAMS 0x0000000090000000, 0x0000000090000000| Complete 
| 257|0x0000000090100000, 0x0000000090200000, 0x0000000090200000|100%| E|CS|TAMS 0x0000000090100000, 0x0000000090100000| Complete 
| 258|0x0000000090200000, 0x0000000090300000, 0x0000000090300000|100%| E|CS|TAMS 0x0000000090200000, 0x0000000090200000| Complete 
| 259|0x0000000090300000, 0x0000000090400000, 0x0000000090400000|100%| E|CS|TAMS 0x0000000090300000, 0x0000000090300000| Complete 
| 260|0x0000000090400000, 0x0000000090500000, 0x0000000090500000|100%| E|CS|TAMS 0x0000000090400000, 0x0000000090400000| Complete 
| 261|0x0000000090500000, 0x0000000090600000, 0x0000000090600000|100%| E|CS|TAMS 0x0000000090500000, 0x0000000090500000| Complete 
| 262|0x0000000090600000, 0x0000000090700000, 0x0000000090700000|100%| E|CS|TAMS 0x0000000090600000, 0x0000000090600000| Complete 
| 263|0x0000000090700000, 0x0000000090800000, 0x0000000090800000|100%| E|CS|TAMS 0x0000000090700000, 0x0000000090700000| Complete 
| 264|0x0000000090800000, 0x0000000090900000, 0x0000000090900000|100%| E|CS|TAMS 0x0000000090800000, 0x0000000090800000| Complete 
| 265|0x0000000090900000, 0x0000000090a00000, 0x0000000090a00000|100%| E|CS|TAMS 0x0000000090900000, 0x0000000090900000| Complete 
| 266|0x0000000090a00000, 0x0000000090b00000, 0x0000000090b00000|100%| E|CS|TAMS 0x0000000090a00000, 0x0000000090a00000| Complete 
| 267|0x0000000090b00000, 0x0000000090c00000, 0x0000000090c00000|100%| E|CS|TAMS 0x0000000090b00000, 0x0000000090b00000| Complete 
| 268|0x0000000090c00000, 0x0000000090d00000, 0x0000000090d00000|100%| E|CS|TAMS 0x0000000090c00000, 0x0000000090c00000| Complete 
| 269|0x0000000090d00000, 0x0000000090e00000, 0x0000000090e00000|100%| E|CS|TAMS 0x0000000090d00000, 0x0000000090d00000| Complete 
| 270|0x0000000090e00000, 0x0000000090f00000, 0x0000000090f00000|100%| E|CS|TAMS 0x0000000090e00000, 0x0000000090e00000| Complete 
| 271|0x0000000090f00000, 0x0000000091000000, 0x0000000091000000|100%| E|CS|TAMS 0x0000000090f00000, 0x0000000090f00000| Complete 
| 272|0x0000000091000000, 0x0000000091100000, 0x0000000091100000|100%| E|CS|TAMS 0x0000000091000000, 0x0000000091000000| Complete 
| 273|0x0000000091100000, 0x0000000091200000, 0x0000000091200000|100%| E|CS|TAMS 0x0000000091100000, 0x0000000091100000| Complete 
| 274|0x0000000091200000, 0x0000000091300000, 0x0000000091300000|100%| E|CS|TAMS 0x0000000091200000, 0x0000000091200000| Complete 
| 275|0x0000000091300000, 0x0000000091400000, 0x0000000091400000|100%| E|CS|TAMS 0x0000000091300000, 0x0000000091300000| Complete 

Card table byte_map: [0x00000244bce20000,0x00000244bd220000] _byte_map_base: 0x00000244bca20000

Marking Bits (Prev, Next): (CMBitMap*) 0x00000244a410ec50, (CMBitMap*) 0x00000244a410ec90
 Prev Bits: [0x00000244bd620000, 0x00000244bf620000)
 Next Bits: [0x00000244bf620000, 0x00000244c1620000)

Polling page: 0x00000244a4160000

Metaspace:

Usage:
  Non-class:    100.70 MB used.
      Class:     16.26 MB used.
       Both:    116.97 MB used.

Virtual space:
  Non-class space:      128.00 MB reserved,     101.50 MB ( 79%) committed,  2 nodes.
      Class space:      416.00 MB reserved,      17.00 MB (  4%) committed,  1 nodes.
             Both:      544.00 MB reserved,     118.50 MB ( 22%) committed. 

Chunk freelists:
   Non-Class:  10.41 MB
       Class:  15.03 MB
        Both:  25.44 MB

MaxMetaspaceSize: 512.00 MB
CompressedClassSpaceSize: 416.00 MB
Initial GC threshold: 21.00 MB
Current GC threshold: 162.81 MB
CDS: on
MetaspaceReclaimPolicy: balanced
 - commit_granule_bytes: 65536.
 - commit_granule_words: 8192.
 - virtual_space_node_default_size: 8388608.
 - enlarge_chunks_in_place: 1.
 - new_chunks_are_fully_committed: 0.
 - uncommit_free_chunks: 1.
 - use_allocation_guard: 0.
 - handle_deallocations: 1.


Internal statistics:

num_allocs_failed_limit: 9.
num_arena_births: 2298.
num_arena_deaths: 2.
num_vsnodes_births: 3.
num_vsnodes_deaths: 0.
num_space_committed: 1896.
num_space_uncommitted: 0.
num_chunks_returned_to_freelist: 16.
num_chunks_taken_from_freelist: 7721.
num_chunk_merges: 10.
num_chunk_splits: 4931.
num_chunks_enlarged: 3072.
num_inconsistent_stats: 0.

CodeHeap 'non-profiled nmethods': size=120000Kb used=8239Kb max_used=8239Kb free=111760Kb
 bounds [0x00000244b4ec0000, 0x00000244b56d0000, 0x00000244bc3f0000]
CodeHeap 'profiled nmethods': size=120000Kb used=26916Kb max_used=26916Kb free=93083Kb
 bounds [0x00000244ad3f0000, 0x00000244aee40000, 0x00000244b4920000]
CodeHeap 'non-nmethods': size=5760Kb used=1808Kb max_used=1867Kb free=3952Kb
 bounds [0x00000244b4920000, 0x00000244b4b90000, 0x00000244b4ec0000]
 total_blobs=15886 nmethods=14971 adapters=826
 compilation: enabled
              stopped_count=0, restarted_count=0
 full_count=0

Compilation events (20 events):
Event: 66.464 Thread 0x00000244c3c53710 18707       3       org.gradle.api.internal.artifacts.ivyservice.ivyresolve.RepositoryChainComponentMetaDataResolver$$Lambda$889/0x00000244c56585d8::<init> (20 bytes)
Event: 66.465 Thread 0x00000244c3c53710 nmethod 18707 0x00000244ad951f90 code [0x00000244ad952140, 0x00000244ad9523b8]
Event: 66.693 Thread 0x00000244c3c53710 18710       3       java.nio.Buffer::reset (24 bytes)
Event: 66.693 Thread 0x00000244c3c53710 nmethod 18710 0x00000244ae53a310 code [0x00000244ae53a4c0, 0x00000244ae53a688]
Event: 66.695 Thread 0x00000244c3c53710 18711       1       org.apache.http.client.config.RequestConfig::getMaxRedirects (5 bytes)
Event: 66.696 Thread 0x00000244c3c53710 nmethod 18711 0x00000244b56cb390 code [0x00000244b56cb520, 0x00000244b56cb5f8]
Event: 66.696 Thread 0x00000244c3c53710 18712       1       org.apache.http.client.methods.HttpRequestWrapper::getURI (5 bytes)
Event: 66.696 Thread 0x00000244c3c53710 nmethod 18712 0x00000244b56cb690 code [0x00000244b56cb820, 0x00000244b56cb8f8]
Event: 66.696 Thread 0x00000244c3c53710 18713       3       org.apache.http.message.AbstractHttpMessage::addHeader (24 bytes)
Event: 66.697 Thread 0x00000244c3c53710 nmethod 18713 0x00000244ad950f90 code [0x00000244ad951200, 0x00000244ad951ba8]
Event: 66.697 Thread 0x00000244c3c53710 18714       1       org.apache.http.pool.AbstractConnPool::access$400 (5 bytes)
Event: 66.697 Thread 0x00000244c3c53710 nmethod 18714 0x00000244b56cb990 code [0x00000244b56cbb20, 0x00000244b56cbbd8]
Event: 66.697 Thread 0x00000244c3c53710 18715       1       org.apache.http.auth.AuthState::getCredentials (5 bytes)
Event: 66.698 Thread 0x00000244c3c53710 nmethod 18715 0x00000244b56cbc90 code [0x00000244b56cbe20, 0x00000244b56cbef8]
Event: 66.698 Thread 0x00000244c3c53710 18716       3       org.apache.http.message.BasicLineFormatter::formatHeader (41 bytes)
Event: 66.698 Thread 0x00000244c3c53710 nmethod 18716 0x00000244ad94fc90 code [0x00000244ad94ff20, 0x00000244ad950b28]
Event: 66.699 Thread 0x00000244c3c53710 18717       3       java.nio.ByteBuffer::mark (7 bytes)
Event: 66.699 Thread 0x00000244c3c53710 nmethod 18717 0x00000244ad94f890 code [0x00000244ad94fa40, 0x00000244ad94fbb8]
Event: 66.699 Thread 0x00000244c3c53710 18718       3       java.nio.ByteBuffer::reset (7 bytes)
Event: 66.699 Thread 0x00000244c3c53710 nmethod 18718 0x00000244ad94f390 code [0x00000244ad94f540, 0x00000244ad94f768]

GC Heap History (20 events):
Event: 40.674 GC heap before
{Heap before GC invocations=32 (full 0):
 garbage-first heap   total 224256K, used 130525K [0x0000000080000000, 0x0000000100000000)
  region size 1024K, 28 young (28672K), 8 survivors (8192K)
 Metaspace       used 93133K, committed 94400K, reserved 557056K
  class space    used 13046K, committed 13632K, reserved 425984K
}
Event: 40.683 GC heap after
{Heap after GC invocations=33 (full 0):
 garbage-first heap   total 224256K, used 112544K [0x0000000080000000, 0x0000000100000000)
  region size 1024K, 2 young (2048K), 2 survivors (2048K)
 Metaspace       used 93133K, committed 94400K, reserved 557056K
  class space    used 13046K, committed 13632K, reserved 425984K
}
Event: 41.634 GC heap before
{Heap before GC invocations=34 (full 0):
 garbage-first heap   total 224256K, used 181152K [0x0000000080000000, 0x0000000100000000)
  region size 1024K, 66 young (67584K), 2 survivors (2048K)
 Metaspace       used 97347K, committed 98624K, reserved 557056K
  class space    used 13629K, committed 14272K, reserved 425984K
}
Event: 41.641 GC heap after
{Heap after GC invocations=35 (full 0):
 garbage-first heap   total 224256K, used 116973K [0x0000000080000000, 0x0000000100000000)
  region size 1024K, 3 young (3072K), 3 survivors (3072K)
 Metaspace       used 97347K, committed 98624K, reserved 557056K
  class space    used 13629K, committed 14272K, reserved 425984K
}
Event: 41.838 GC heap before
{Heap before GC invocations=35 (full 0):
 garbage-first heap   total 224256K, used 124141K [0x0000000080000000, 0x0000000100000000)
  region size 1024K, 10 young (10240K), 3 survivors (3072K)
 Metaspace       used 97651K, committed 98880K, reserved 557056K
  class space    used 13683K, committed 14272K, reserved 425984K
}
Event: 41.844 GC heap after
{Heap after GC invocations=36 (full 0):
 garbage-first heap   total 224256K, used 116436K [0x0000000080000000, 0x0000000100000000)
  region size 1024K, 1 young (1024K), 1 survivors (1024K)
 Metaspace       used 97651K, committed 98880K, reserved 557056K
  class space    used 13683K, committed 14272K, reserved 425984K
}
Event: 42.395 GC heap before
{Heap before GC invocations=36 (full 0):
 garbage-first heap   total 224256K, used 181972K [0x0000000080000000, 0x0000000100000000)
  region size 1024K, 65 young (66560K), 1 survivors (1024K)
 Metaspace       used 98437K, committed 99776K, reserved 557056K
  class space    used 13790K, committed 14400K, reserved 425984K
}
Event: 42.404 GC heap after
{Heap after GC invocations=37 (full 0):
 garbage-first heap   total 224256K, used 120661K [0x0000000080000000, 0x0000000100000000)
  region size 1024K, 5 young (5120K), 5 survivors (5120K)
 Metaspace       used 98437K, committed 99776K, reserved 557056K
  class space    used 13790K, committed 14400K, reserved 425984K
}
Event: 43.214 GC heap before
{Heap before GC invocations=38 (full 0):
 garbage-first heap   total 235520K, used 183125K [0x0000000080000000, 0x0000000100000000)
  region size 1024K, 66 young (67584K), 5 survivors (5120K)
 Metaspace       used 100338K, committed 101632K, reserved 557056K
  class space    used 14041K, committed 14656K, reserved 425984K
}
Event: 43.228 GC heap after
{Heap after GC invocations=39 (full 0):
 garbage-first heap   total 235520K, used 124261K [0x0000000080000000, 0x0000000100000000)
  region size 1024K, 8 young (8192K), 8 survivors (8192K)
 Metaspace       used 100338K, committed 101632K, reserved 557056K
  class space    used 14041K, committed 14656K, reserved 425984K
}
Event: 43.266 GC heap before
{Heap before GC invocations=39 (full 0):
 garbage-first heap   total 235520K, used 127333K [0x0000000080000000, 0x0000000100000000)
  region size 1024K, 11 young (11264K), 8 survivors (8192K)
 Metaspace       used 100510K, committed 101824K, reserved 557056K
  class space    used 14071K, committed 14720K, reserved 425984K
}
Event: 43.279 GC heap after
{Heap after GC invocations=40 (full 0):
 garbage-first heap   total 282624K, used 124594K [0x0000000080000000, 0x0000000100000000)
  region size 1024K, 1 young (1024K), 1 survivors (1024K)
 Metaspace       used 100510K, committed 101824K, reserved 557056K
  class space    used 14071K, committed 14720K, reserved 425984K
}
Event: 44.759 GC heap before
{Heap before GC invocations=40 (full 0):
 garbage-first heap   total 282624K, used 222898K [0x0000000080000000, 0x0000000100000000)
  region size 1024K, 97 young (99328K), 1 survivors (1024K)
 Metaspace       used 106432K, committed 107840K, reserved 557056K
  class space    used 15007K, committed 15680K, reserved 425984K
}
Event: 44.766 GC heap after
{Heap after GC invocations=41 (full 0):
 garbage-first heap   total 282624K, used 126843K [0x0000000080000000, 0x0000000100000000)
  region size 1024K, 4 young (4096K), 4 survivors (4096K)
 Metaspace       used 106432K, committed 107840K, reserved 557056K
  class space    used 15007K, committed 15680K, reserved 425984K
}
Event: 46.386 GC heap before
{Heap before GC invocations=41 (full 0):
 garbage-first heap   total 282624K, used 225147K [0x0000000080000000, 0x0000000100000000)
  region size 1024K, 101 young (103424K), 4 survivors (4096K)
 Metaspace       used 109699K, committed 111168K, reserved 557056K
  class space    used 15443K, committed 16128K, reserved 425984K
}
Event: 46.404 GC heap after
{Heap after GC invocations=42 (full 0):
 garbage-first heap   total 282624K, used 132675K [0x0000000080000000, 0x0000000100000000)
  region size 1024K, 9 young (9216K), 9 survivors (9216K)
 Metaspace       used 109699K, committed 111168K, reserved 557056K
  class space    used 15443K, committed 16128K, reserved 425984K
}
Event: 48.421 GC heap before
{Heap before GC invocations=42 (full 0):
 garbage-first heap   total 282624K, used 228931K [0x0000000080000000, 0x0000000100000000)
  region size 1024K, 104 young (106496K), 9 survivors (9216K)
 Metaspace       used 112358K, committed 113856K, reserved 557056K
  class space    used 15791K, committed 16512K, reserved 425984K
}
Event: 48.448 GC heap after
{Heap after GC invocations=43 (full 0):
 garbage-first heap   total 282624K, used 141618K [0x0000000080000000, 0x0000000100000000)
  region size 1024K, 13 young (13312K), 13 survivors (13312K)
 Metaspace       used 112358K, committed 113856K, reserved 557056K
  class space    used 15791K, committed 16512K, reserved 425984K
}
Event: 49.681 GC heap before
{Heap before GC invocations=43 (full 0):
 garbage-first heap   total 282624K, used 231730K [0x0000000080000000, 0x0000000100000000)
  region size 1024K, 100 young (102400K), 13 survivors (13312K)
 Metaspace       used 113069K, committed 114624K, reserved 557056K
  class space    used 15887K, committed 16640K, reserved 425984K
}
Event: 49.711 GC heap after
{Heap after GC invocations=44 (full 0):
 garbage-first heap   total 282624K, used 154805K [0x0000000080000000, 0x0000000100000000)
  region size 1024K, 11 young (11264K), 11 survivors (11264K)
 Metaspace       used 113069K, committed 114624K, reserved 557056K
  class space    used 15887K, committed 16640K, reserved 425984K
}

Dll operation events (15 events):
Event: 0.020 Loaded shared library C:\Program Files\Eclipse Adoptium\jdk-17.0.18.8-hotspot\bin\java.dll
Event: 0.045 Loaded shared library C:\Program Files\Eclipse Adoptium\jdk-17.0.18.8-hotspot\bin\jsvml.dll
Event: 0.122 Loaded shared library C:\Program Files\Eclipse Adoptium\jdk-17.0.18.8-hotspot\bin\zip.dll
Event: 0.127 Loaded shared library C:\Program Files\Eclipse Adoptium\jdk-17.0.18.8-hotspot\bin\instrument.dll
Event: 0.133 Loaded shared library C:\Program Files\Eclipse Adoptium\jdk-17.0.18.8-hotspot\bin\net.dll
Event: 0.135 Loaded shared library C:\Program Files\Eclipse Adoptium\jdk-17.0.18.8-hotspot\bin\nio.dll
Event: 0.138 Loaded shared library C:\Program Files\Eclipse Adoptium\jdk-17.0.18.8-hotspot\bin\zip.dll
Event: 0.491 Loaded shared library C:\Program Files\Eclipse Adoptium\jdk-17.0.18.8-hotspot\bin\jimage.dll
Event: 0.800 Loaded shared library C:\Program Files\Eclipse Adoptium\jdk-17.0.18.8-hotspot\bin\verify.dll
Event: 0.847 Loaded shared library C:\Users\Nestor Corneille\.gradle\native\660c5614fbf4a5f2a75b1949f50a0caf5cd603558e7d8a26e50b933a0cfb79d1\windows-amd64\native-platform.dll
Event: 0.872 Loaded shared library C:\Users\Nestor Corneille\.gradle\native\0.2.8\x86_64-windows-gnu\gradle-fileevents.dll
Event: 2.497 Loaded shared library C:\Program Files\Eclipse Adoptium\jdk-17.0.18.8-hotspot\bin\management.dll
Event: 2.502 Loaded shared library C:\Program Files\Eclipse Adoptium\jdk-17.0.18.8-hotspot\bin\management_ext.dll
Event: 2.946 Loaded shared library C:\Program Files\Eclipse Adoptium\jdk-17.0.18.8-hotspot\bin\extnet.dll
Event: 3.299 Loaded shared library C:\Program Files\Eclipse Adoptium\jdk-17.0.18.8-hotspot\bin\sunmscapi.dll

Deoptimization events (20 events):
Event: 61.224 Thread 0x00000244e5ab9570 DEOPT PACKING pc=0x00000244ae0b042e sp=0x00000075a67fc570
Event: 61.224 Thread 0x00000244e5ab9570 DEOPT UNPACKING pc=0x00000244b4977143 sp=0x00000075a67fba30 mode 0
Event: 61.600 Thread 0x00000244e4d4e830 Uncommon trap: trap_request=0xffffff45 fr.pc=0x00000244b52b7314 relative=0x0000000000000174
Event: 61.600 Thread 0x00000244e4d4e830 Uncommon trap: reason=unstable_if action=reinterpret pc=0x00000244b52b7314 method=java.util.concurrent.locks.ReentrantLock$Sync.tryLock()Z @ 34 c2
Event: 61.600 Thread 0x00000244e4d4e830 DEOPT PACKING pc=0x00000244b52b7314 sp=0x00000075a24f52e0
Event: 61.600 Thread 0x00000244e4d4e830 DEOPT UNPACKING pc=0x00000244b49769a3 sp=0x00000075a24f5290 mode 2
Event: 61.893 Thread 0x00000244e5abc810 Uncommon trap: trap_request=0xffffff45 fr.pc=0x00000244b541a1c4 relative=0x00000000000000a4
Event: 61.893 Thread 0x00000244e5abc810 Uncommon trap: reason=unstable_if action=reinterpret pc=0x00000244b541a1c4 method=com.sun.org.apache.xerces.internal.impl.XMLEntityScanner.peekChar()I @ 14 c2
Event: 61.893 Thread 0x00000244e5abc810 DEOPT PACKING pc=0x00000244b541a1c4 sp=0x00000075a68fca00
Event: 61.893 Thread 0x00000244e5abc810 DEOPT UNPACKING pc=0x00000244b49769a3 sp=0x00000075a68fc988 mode 2
Event: 61.899 Thread 0x00000244e5abc810 DEOPT PACKING pc=0x00000244ad68c1d3 sp=0x00000075a68fcc10
Event: 61.899 Thread 0x00000244e5abc810 DEOPT UNPACKING pc=0x00000244b4977143 sp=0x00000075a68fc148 mode 0
Event: 62.013 Thread 0x00000244e4d4e830 Uncommon trap: trap_request=0xffffffc6 fr.pc=0x00000244b5384b4c relative=0x0000000000000bac
Event: 62.013 Thread 0x00000244e4d4e830 Uncommon trap: reason=bimorphic_or_optimized_type_check action=maybe_recompile pc=0x00000244b5384b4c method=com.google.common.cache.LocalCache$Segment.getLiveValue(Lcom/google/common/cache/ReferenceEntry;J)Ljava/lang/Object; @ 21 c2
Event: 62.013 Thread 0x00000244e4d4e830 DEOPT PACKING pc=0x00000244b5384b4c sp=0x00000075a24f5160
Event: 62.013 Thread 0x00000244e4d4e830 DEOPT UNPACKING pc=0x00000244b49769a3 sp=0x00000075a24f5010 mode 2
Event: 63.152 Thread 0x00000244e5abaec0 DEOPT PACKING pc=0x00000244add559bc sp=0x00000075a6bfae80
Event: 63.152 Thread 0x00000244e5abaec0 DEOPT UNPACKING pc=0x00000244b4977143 sp=0x00000075a6bfa370 mode 0
Event: 64.053 Thread 0x00000244e63c2c20 DEOPT PACKING pc=0x00000244add98efb sp=0x00000075a2bfe9c0
Event: 64.053 Thread 0x00000244e63c2c20 DEOPT UNPACKING pc=0x00000244b4977143 sp=0x00000075a2bfde78 mode 0

Classes loaded (20 events):
Event: 58.404 Loading class sun/security/ssl/PreSharedKeyExtension$PskIdentity
Event: 58.404 Loading class sun/security/ssl/PreSharedKeyExtension$PskIdentity done
Event: 58.404 Loading class sun/security/ssl/PreSharedKeyExtension$CHPreSharedKeySpec
Event: 58.404 Loading class sun/security/ssl/PreSharedKeyExtension$CHPreSharedKeySpec done
Event: 58.404 Loading class sun/security/ssl/PreSharedKeyExtension$PartialClientHelloMessage
Event: 58.405 Loading class sun/security/ssl/PreSharedKeyExtension$PartialClientHelloMessage done
Event: 58.405 Loading class sun/security/ssl/SSLEngineOutputRecord
Event: 58.405 Loading class sun/security/ssl/SSLEngineOutputRecord done
Event: 58.405 Loading class sun/security/ssl/SSLEngineOutputRecord$HandshakeFragment
Event: 58.406 Loading class sun/security/ssl/SSLEngineOutputRecord$HandshakeFragment done
Event: 58.406 Loading class sun/security/ssl/SSLEngineOutputRecord$HandshakeMemo
Event: 58.406 Loading class sun/security/ssl/SSLEngineOutputRecord$RecordMemo
Event: 58.406 Loading class sun/security/ssl/SSLEngineOutputRecord$RecordMemo done
Event: 58.406 Loading class sun/security/ssl/SSLEngineOutputRecord$HandshakeMemo done
Event: 58.679 Loading class sun/security/ssl/PreSharedKeyExtension$SHPreSharedKeySpec
Event: 58.680 Loading class sun/security/ssl/PreSharedKeyExtension$SHPreSharedKeySpec done
Event: 60.620 Loading class com/sun/org/apache/xerces/internal/dom/DeferredCommentImpl
Event: 60.621 Loading class com/sun/org/apache/xerces/internal/dom/CommentImpl
Event: 60.621 Loading class com/sun/org/apache/xerces/internal/dom/CommentImpl done
Event: 60.621 Loading class com/sun/org/apache/xerces/internal/dom/DeferredCommentImpl done

Classes unloaded (10 events):
Event: 40.890 Thread 0x00000244c3c2dda0 Unloading class 0x00000244c5c36000 '_BuildScript_$_run_closure3'
Event: 40.890 Thread 0x00000244c3c2dda0 Unloading class 0x00000244c5c35b58 '_BuildScript_$_run_closure2$_closure6$_closure9'
Event: 40.890 Thread 0x00000244c3c2dda0 Unloading class 0x00000244c5c35770 '_BuildScript_$_run_closure2$_closure6$_closure8'
Event: 40.890 Thread 0x00000244c3c2dda0 Unloading class 0x00000244c5c35388 '_BuildScript_$_run_closure2$_closure6'
Event: 40.890 Thread 0x00000244c3c2dda0 Unloading class 0x00000244c5c34fa0 '_BuildScript_$_run_closure2$_closure5$_closure7'
Event: 40.890 Thread 0x00000244c3c2dda0 Unloading class 0x00000244c5c34bb8 '_BuildScript_$_run_closure2$_closure5'
Event: 40.890 Thread 0x00000244c3c2dda0 Unloading class 0x00000244c5c347d0 '_BuildScript_$_run_closure2$_closure4'
Event: 40.890 Thread 0x00000244c3c2dda0 Unloading class 0x00000244c5c343e8 '_BuildScript_$_run_closure2'
Event: 40.890 Thread 0x00000244c3c2dda0 Unloading class 0x00000244c5c34000 '_BuildScript_$_run_closure1'
Event: 40.890 Thread 0x00000244c3c2dda0 Unloading class 0x00000244c5c28800 '_BuildScript_'

Classes redefined (0 events):
No events

Internal exceptions (20 events):
Event: 49.799 Thread 0x00000244e4d4e830 Exception <a 'sun/nio/fs/WindowsException'{0x000000009028efa8}> (0x000000009028efa8) 
thrown [s\src\hotspot\share\prims\jni.cpp, line 516]
Event: 49.802 Thread 0x00000244e4d4e830 Exception <a 'sun/nio/fs/WindowsException'{0x00000000902a00d8}> (0x00000000902a00d8) 
thrown [s\src\hotspot\share\prims\jni.cpp, line 516]
Event: 49.803 Thread 0x00000244e4d4e830 Exception <a 'sun/nio/fs/WindowsException'{0x00000000902a9330}> (0x00000000902a9330) 
thrown [s\src\hotspot\share\prims\jni.cpp, line 516]
Event: 49.812 Thread 0x00000244e4d4e830 Exception <a 'sun/nio/fs/WindowsException'{0x00000000902b4880}> (0x00000000902b4880) 
thrown [s\src\hotspot\share\prims\jni.cpp, line 516]
Event: 49.819 Thread 0x00000244e63c7810 Exception <a 'sun/nio/fs/WindowsException'{0x000000009011e700}> (0x000000009011e700) 
thrown [s\src\hotspot\share\prims\jni.cpp, line 516]
Event: 49.819 Thread 0x00000244e63c7810 Exception <a 'sun/nio/fs/WindowsException'{0x000000009011ee38}> (0x000000009011ee38) 
thrown [s\src\hotspot\share\prims\jni.cpp, line 516]
Event: 49.820 Thread 0x00000244e63c7810 Exception <a 'sun/nio/fs/WindowsException'{0x000000009012d8c8}> (0x000000009012d8c8) 
thrown [s\src\hotspot\share\prims\jni.cpp, line 516]
Event: 49.822 Thread 0x00000244e63c7810 Exception <a 'sun/nio/fs/WindowsException'{0x000000009013ba10}> (0x000000009013ba10) 
thrown [s\src\hotspot\share\prims\jni.cpp, line 516]
Event: 49.825 Thread 0x00000244e63c7810 Exception <a 'sun/nio/fs/WindowsException'{0x000000009014a588}> (0x000000009014a588) 
thrown [s\src\hotspot\share\prims\jni.cpp, line 516]
Event: 49.826 Thread 0x00000244e63c7810 Exception <a 'sun/nio/fs/WindowsException'{0x0000000090153880}> (0x0000000090153880) 
thrown [s\src\hotspot\share\prims\jni.cpp, line 516]
Event: 49.835 Thread 0x00000244e4d4e830 Exception <a 'java/lang/ClassNotFoundException'{0x000000009015ea88}: build_4u4k05ut3xd4wqe5bbo9huovqBeanInfo> (0x000000009015ea88) 
thrown [s\src\hotspot\share\classfile\systemDictionary.cpp, line 256]
Event: 49.835 Thread 0x00000244e4d4e830 Exception <a 'java/lang/ClassNotFoundException'{0x0000000090166fd8}: build_4u4k05ut3xd4wqe5bbo9huovqCustomizer> (0x0000000090166fd8) 
thrown [s\src\hotspot\share\classfile\systemDictionary.cpp, line 256]
Event: 49.869 Thread 0x00000244e4d4fc70 Exception <a 'java/lang/NoSuchMethodError'{0x000000009138abd0}: static Lorg/gradle/internal/build/event/types/DefaultFileDownloadDescriptor;.<clinit>()V> (0x000000009138abd0) 
thrown [s\src\hotspot\share\prims\jni.cpp, line 1112]
Event: 49.920 Thread 0x00000244e4d4e830 Exception <a 'sun/nio/fs/WindowsException'{0x000000008fe8c0b0}> (0x000000008fe8c0b0) 
thrown [s\src\hotspot\share\prims\jni.cpp, line 516]
Event: 52.663 Thread 0x00000244e4d4fc70 Exception <a 'java/lang/NoSuchMethodError'{0x000000008e8012a8}: static Lorg/gradle/internal/build/event/types/NotFoundFileDownloadSuccessResult;.<clinit>()V> (0x000000008e8012a8) 
thrown [s\src\hotspot\share\prims\jni.cpp, line 1112]
Event: 57.022 Thread 0x00000244e4d4e830 Exception <a 'java/lang/NoSuchMethodError'{0x000000008e8ad7b0}: 'void java.lang.invoke.DirectMethodHandle$Holder.invokeVirtual(java.lang.Object, java.lang.Object, long)'> (0x000000008e8ad7b0) 
thrown [s\src\hotspot\share\interpreter\linkResolver.cpp, line 759]
Event: 57.025 Thread 0x00000244e4d4e830 Implicit null exception at 0x00000244b56388e0 to 0x00000244b5639bac
Event: 57.043 Thread 0x00000244e4d4fc70 Exception <a 'java/lang/NoSuchMethodError'{0x000000008e80c7e8}: static Lorg/gradle/internal/build/event/types/DefaultStatusEvent;.<clinit>()V> (0x000000008e80c7e8) 
thrown [s\src\hotspot\share\prims\jni.cpp, line 1112]
Event: 57.067 Thread 0x00000244e4d4fc70 Exception <a 'java/lang/NoSuchMethodError'{0x000000008e79f190}: static Lorg/gradle/internal/build/event/types/DefaultFileDownloadSuccessResult;.<clinit>()V> (0x000000008e79f190) 
thrown [s\src\hotspot\share\prims\jni.cpp, line 1112]
Event: 57.084 Thread 0x00000244e4d4e830 Exception <a 'java/lang/NoSuchMethodError'{0x000000008e612a88}: 'int java.lang.invoke.DirectMethodHandle$Holder.invokeSpecial(java.lang.Object, java.lang.Object, int)'> (0x000000008e612a88) 
thrown [s\src\hotspot\share\interpreter\linkResolver.cpp, line 759]

VM Operations (20 events):
Event: 58.059 Executing VM operation: Cleanup
Event: 58.059 Executing VM operation: Cleanup done
Event: 59.063 Executing VM operation: Cleanup
Event: 59.063 Executing VM operation: Cleanup done
Event: 60.065 Executing VM operation: Cleanup
Event: 60.065 Executing VM operation: Cleanup done
Event: 60.160 Executing VM operation: HandshakeAllThreads
Event: 60.160 Executing VM operation: HandshakeAllThreads done
Event: 61.168 Executing VM operation: Cleanup
Event: 61.168 Executing VM operation: Cleanup done
Event: 62.174 Executing VM operation: Cleanup
Event: 62.174 Executing VM operation: Cleanup done
Event: 63.177 Executing VM operation: Cleanup
Event: 63.177 Executing VM operation: Cleanup done
Event: 64.180 Executing VM operation: Cleanup
Event: 64.180 Executing VM operation: Cleanup done
Event: 65.193 Executing VM operation: Cleanup
Event: 65.193 Executing VM operation: Cleanup done
Event: 66.207 Executing VM operation: Cleanup
Event: 66.207 Executing VM operation: Cleanup done

Memory protections (0 events):
No events

Nmethod flushes (20 events):
Event: 54.548 Thread 0x00000244c3caa7c0 flushing  nmethod 0x00000244aecc2c10
Event: 54.548 Thread 0x00000244c3caa7c0 flushing  nmethod 0x00000244aed0f510
Event: 54.548 Thread 0x00000244c3caa7c0 flushing  nmethod 0x00000244aed57b10
Event: 54.548 Thread 0x00000244c3caa7c0 flushing  nmethod 0x00000244aed60a10
Event: 54.549 Thread 0x00000244c3caa7c0 flushing  nmethod 0x00000244aed8d010
Event: 54.549 Thread 0x00000244c3caa7c0 flushing  nmethod 0x00000244aed8d390
Event: 54.549 Thread 0x00000244c3caa7c0 flushing  nmethod 0x00000244aed8f010
Event: 54.549 Thread 0x00000244c3caa7c0 flushing  nmethod 0x00000244aed9d790
Event: 54.549 Thread 0x00000244c3caa7c0 flushing  nmethod 0x00000244aed9db10
Event: 54.549 Thread 0x00000244c3caa7c0 flushing  nmethod 0x00000244aed9e590
Event: 54.549 Thread 0x00000244c3caa7c0 flushing  nmethod 0x00000244aeda0090
Event: 54.549 Thread 0x00000244c3caa7c0 flushing  nmethod 0x00000244aeda7f90
Event: 54.549 Thread 0x00000244c3caa7c0 flushing  nmethod 0x00000244aedaa590
Event: 54.549 Thread 0x00000244c3caa7c0 flushing  nmethod 0x00000244aedab190
Event: 54.549 Thread 0x00000244c3caa7c0 flushing  nmethod 0x00000244aedb3710
Event: 54.549 Thread 0x00000244c3caa7c0 flushing  nmethod 0x00000244aedb6310
Event: 54.549 Thread 0x00000244c3caa7c0 flushing  nmethod 0x00000244aedc2210
Event: 54.549 Thread 0x00000244c3caa7c0 flushing  nmethod 0x00000244aedc6190
Event: 54.549 Thread 0x00000244c3caa7c0 flushing  nmethod 0x00000244aedc6490
Event: 54.549 Thread 0x00000244c3caa7c0 flushing  nmethod 0x00000244aedc6c90

Events (20 events):
Event: 21.281 Thread 0x00000244e871ecc0 Thread added: 0x00000244e871e2a0
Event: 21.282 Thread 0x00000244e871ecc0 Thread added: 0x00000244e871f1d0
Event: 21.489 Thread 0x00000244e4d4e830 Thread added: 0x00000244e5ab9a80
Event: 21.489 Thread 0x00000244e4d4e830 Thread added: 0x00000244e5abc300
Event: 21.489 Thread 0x00000244e4d4e830 Thread added: 0x00000244e5abb8e0
Event: 21.518 Thread 0x00000244e4d4e830 Thread added: 0x00000244e5ab9060
Event: 21.519 Thread 0x00000244e4d4e830 Thread added: 0x00000244e5ab9570
Event: 21.519 Thread 0x00000244e4d4e830 Thread added: 0x00000244e5abc810
Event: 21.650 Thread 0x00000244e4d4e830 Thread added: 0x00000244e5abb3d0
Event: 21.654 Thread 0x00000244e4d4e830 Thread added: 0x00000244e5abbdf0
Event: 21.655 Thread 0x00000244e4d4e830 Thread added: 0x00000244e5abaec0
Event: 22.045 Thread 0x00000244e4d4e830 Thread added: 0x00000244e5ab9f90
Event: 22.060 Thread 0x00000244e5ab9f90 Thread added: 0x00000244e5aba4a0
Event: 22.060 Thread 0x00000244e5ab9f90 Thread added: 0x00000244e5aba9b0
Event: 29.774 Thread 0x00000244c3c53710 Thread added: 0x00000244e7603af0
Event: 30.927 Thread 0x00000244e871b000 Thread added: 0x00000244e678b2b0
Event: 30.927 Thread 0x00000244e871b000 Thread added: 0x00000244e678c1e0
Event: 30.927 Thread 0x00000244e871b000 Thread added: 0x00000244e6789960
Event: 39.426 Thread 0x00000244e7603af0 Thread exited: 0x00000244e7603af0
Event: 40.969 Thread 0x00000244e4d4e830 Thread added: 0x00000244e6788010


Dynamic libraries:
0x00007ff75dba0000 - 0x00007ff75dbae000 	C:\Program Files\Eclipse Adoptium\jdk-17.0.18.8-hotspot\bin\java.exe
0x00007ff9d68b0000 - 0x00007ff9d6ac7000 	C:\Windows\SYSTEM32\ntdll.dll
0x00007ff9d5730000 - 0x00007ff9d57f4000 	C:\Windows\System32\KERNEL32.DLL
0x00007ff9d4220000 - 0x00007ff9d45d7000 	C:\Windows\System32\KERNELBASE.dll
0x00007ff9d3fa0000 - 0x00007ff9d40b1000 	C:\Windows\System32\ucrtbase.dll
0x00007ff95ed00000 - 0x00007ff95ed1e000 	C:\Program Files\Eclipse Adoptium\jdk-17.0.18.8-hotspot\bin\VCRUNTIME140.dll
0x00007ff95ece0000 - 0x00007ff95ecf8000 	C:\Program Files\Eclipse Adoptium\jdk-17.0.18.8-hotspot\bin\jli.dll
0x00007ff9d5c20000 - 0x00007ff9d5dcf000 	C:\Windows\System32\USER32.dll
0x00007ff9bd3c0000 - 0x00007ff9bd653000 	C:\Windows\WinSxS\amd64_microsoft.windows.common-controls_6595b64144ccf1df_6.0.22621.3672_none_2713b9d173822955\COMCTL32.dll
0x00007ff9d3c40000 - 0x00007ff9d3c66000 	C:\Windows\System32\win32u.dll
0x00007ff9d5af0000 - 0x00007ff9d5b19000 	C:\Windows\System32\GDI32.dll
0x00007ff9d61c0000 - 0x00007ff9d6267000 	C:\Windows\System32\msvcrt.dll
0x00007ff9d3c70000 - 0x00007ff9d3d88000 	C:\Windows\System32\gdi32full.dll
0x00007ff9d40c0000 - 0x00007ff9d415a000 	C:\Windows\System32\msvcp_win.dll
0x00007ff9d6180000 - 0x00007ff9d61b1000 	C:\Windows\System32\IMM32.DLL
0x00007ff95ecd0000 - 0x00007ff95ecdc000 	C:\Program Files\Eclipse Adoptium\jdk-17.0.18.8-hotspot\bin\vcruntime140_1.dll
0x00007ff95ec40000 - 0x00007ff95eccd000 	C:\Program Files\Eclipse Adoptium\jdk-17.0.18.8-hotspot\bin\msvcp140.dll
0x00007ff95dfd0000 - 0x00007ff95ec3b000 	C:\Program Files\Eclipse Adoptium\jdk-17.0.18.8-hotspot\bin\server\jvm.dll
0x00007ff9d45e0000 - 0x00007ff9d4692000 	C:\Windows\System32\ADVAPI32.dll
0x00007ff9d6270000 - 0x00007ff9d6318000 	C:\Windows\System32\sechost.dll
0x00007ff9d3f00000 - 0x00007ff9d3f28000 	C:\Windows\System32\bcrypt.dll
0x00007ff9d46b0000 - 0x00007ff9d47c4000 	C:\Windows\System32\RPCRT4.dll
0x00007ff9d4830000 - 0x00007ff9d48a1000 	C:\Windows\System32\WS2_32.dll
0x00007ff9d3a90000 - 0x00007ff9d3add000 	C:\Windows\SYSTEM32\POWRPROF.dll
0x00007ff9cfc00000 - 0x00007ff9cfc34000 	C:\Windows\SYSTEM32\WINMM.dll
0x00007ff9bc8d0000 - 0x00007ff9bc8da000 	C:\Windows\SYSTEM32\VERSION.dll
0x00007ff9d3a70000 - 0x00007ff9d3a83000 	C:\Windows\SYSTEM32\UMPDC.dll
0x00007ff9d2bd0000 - 0x00007ff9d2be8000 	C:\Windows\SYSTEM32\kernel.appcore.dll
0x00007ff95dfc0000 - 0x00007ff95dfca000 	C:\Program Files\Eclipse Adoptium\jdk-17.0.18.8-hotspot\bin\jimage.dll
0x00007ff9cc6c0000 - 0x00007ff9cc8f2000 	C:\Windows\SYSTEM32\DBGHELP.DLL
0x00007ff9d5dd0000 - 0x00007ff9d615e000 	C:\Windows\System32\combase.dll
0x00007ff9d6480000 - 0x00007ff9d6557000 	C:\Windows\System32\OLEAUT32.dll
0x00007ff9bb240000 - 0x00007ff9bb272000 	C:\Windows\SYSTEM32\dbgcore.DLL
0x00007ff9d3bc0000 - 0x00007ff9d3c3b000 	C:\Windows\System32\bcryptPrimitives.dll
0x00007ff972240000 - 0x00007ff97224e000 	C:\Program Files\Eclipse Adoptium\jdk-17.0.18.8-hotspot\bin\instrument.dll
0x00007ff95df90000 - 0x00007ff95dfb5000 	C:\Program Files\Eclipse Adoptium\jdk-17.0.18.8-hotspot\bin\java.dll
0x00007ff95deb0000 - 0x00007ff95df87000 	C:\Program Files\Eclipse Adoptium\jdk-17.0.18.8-hotspot\bin\jsvml.dll
0x00007ff9d4ec0000 - 0x00007ff9d5729000 	C:\Windows\System32\SHELL32.dll
0x00007ff9d1ab0000 - 0x00007ff9d23af000 	C:\Windows\SYSTEM32\windows.storage.dll
0x00007ff9d1970000 - 0x00007ff9d1aaf000 	C:\Windows\SYSTEM32\wintypes.dll
0x00007ff9d5b20000 - 0x00007ff9d5c19000 	C:\Windows\System32\SHCORE.dll
0x00007ff9d47d0000 - 0x00007ff9d482e000 	C:\Windows\System32\shlwapi.dll
0x00007ff9d3af0000 - 0x00007ff9d3b17000 	C:\Windows\SYSTEM32\profapi.dll
0x00007ff9722f0000 - 0x00007ff972308000 	C:\Program Files\Eclipse Adoptium\jdk-17.0.18.8-hotspot\bin\zip.dll
0x00007ff972330000 - 0x00007ff97234a000 	C:\Program Files\Eclipse Adoptium\jdk-17.0.18.8-hotspot\bin\net.dll
0x00007ff9cf9d0000 - 0x00007ff9cfb06000 	C:\Windows\SYSTEM32\WINHTTP.dll
0x00007ff9d3030000 - 0x00007ff9d3099000 	C:\Windows\system32\mswsock.dll
0x00007ff972310000 - 0x00007ff972326000 	C:\Program Files\Eclipse Adoptium\jdk-17.0.18.8-hotspot\bin\nio.dll
0x00007ff972250000 - 0x00007ff972260000 	C:\Program Files\Eclipse Adoptium\jdk-17.0.18.8-hotspot\bin\verify.dll
0x00007ff9722a0000 - 0x00007ff9722c7000 	C:\Users\Nestor Corneille\.gradle\native\660c5614fbf4a5f2a75b1949f50a0caf5cd603558e7d8a26e50b933a0cfb79d1\windows-amd64\native-platform.dll
0x00007ff9721c0000 - 0x00007ff972237000 	C:\Users\Nestor Corneille\.gradle\native\0.2.8\x86_64-windows-gnu\gradle-fileevents.dll
0x00007ff9722e0000 - 0x00007ff9722ea000 	C:\Program Files\Eclipse Adoptium\jdk-17.0.18.8-hotspot\bin\management.dll
0x00007ff9722d0000 - 0x00007ff9722dc000 	C:\Program Files\Eclipse Adoptium\jdk-17.0.18.8-hotspot\bin\management_ext.dll
0x00007ff9d5a60000 - 0x00007ff9d5a68000 	C:\Windows\System32\PSAPI.DLL
0x00007ff9d2610000 - 0x00007ff9d263d000 	C:\Windows\SYSTEM32\IPHLPAPI.DLL
0x00007ff9d5830000 - 0x00007ff9d5839000 	C:\Windows\System32\NSI.dll
0x00007ff9cfc40000 - 0x00007ff9cfc59000 	C:\Windows\SYSTEM32\dhcpcsvc6.DLL
0x00007ff9cf860000 - 0x00007ff9cf87f000 	C:\Windows\SYSTEM32\dhcpcsvc.DLL
0x00007ff9d2680000 - 0x00007ff9d2782000 	C:\Windows\SYSTEM32\DNSAPI.dll
0x00007ff972260000 - 0x00007ff972269000 	C:\Program Files\Eclipse Adoptium\jdk-17.0.18.8-hotspot\bin\extnet.dll
0x00007ff9d3380000 - 0x00007ff9d339b000 	C:\Windows\SYSTEM32\CRYPTSP.dll
0x00007ff9d2b30000 - 0x00007ff9d2b65000 	C:\Windows\system32\rsaenh.dll
0x00007ff9d30d0000 - 0x00007ff9d30f8000 	C:\Windows\SYSTEM32\USERENV.dll
0x00007ff9d3360000 - 0x00007ff9d336c000 	C:\Windows\SYSTEM32\CRYPTBASE.dll
0x00007ff9721b0000 - 0x00007ff9721be000 	C:\Program Files\Eclipse Adoptium\jdk-17.0.18.8-hotspot\bin\sunmscapi.dll
0x00007ff9d3d90000 - 0x00007ff9d3ef6000 	C:\Windows\System32\CRYPT32.dll
0x00007ff9d3470000 - 0x00007ff9d349d000 	C:\Windows\SYSTEM32\ncrypt.dll
0x00007ff9d3430000 - 0x00007ff9d3467000 	C:\Windows\SYSTEM32\NTASN1.dll
0x00007ff9773e0000 - 0x00007ff9773e8000 	C:\Windows\system32\wshunix.dll
0x0000000076220000 - 0x0000000076246000 	C:\Program Files\Bonjour\mdnsNSP.dll
0x00007ff9beed0000 - 0x00007ff9beeda000 	C:\Windows\System32\rasadhlp.dll
0x00007ff9cd0a0000 - 0x00007ff9cd123000 	C:\Windows\System32\fwpuclnt.dll

dbghelp: loaded successfully - version: 4.0.5 - missing functions: none
symbol engine: initialized successfully - sym options: 0x614 - pdb path: .;C:\Program Files\Eclipse Adoptium\jdk-17.0.18.8-hotspot\bin;C:\Windows\SYSTEM32;C:\Windows\WinSxS\amd64_microsoft.windows.common-controls_6595b64144ccf1df_6.0.22621.3672_none_2713b9d173822955;C:\Program Files\Eclipse Adoptium\jdk-17.0.18.8-hotspot\bin\server;C:\Users\Nestor Corneille\.gradle\native\660c5614fbf4a5f2a75b1949f50a0caf5cd603558e7d8a26e50b933a0cfb79d1\windows-amd64;C:\Users\Nestor Corneille\.gradle\native\0.2.8\x86_64-windows-gnu;C:\Program Files\Bonjour

VM Arguments:
jvm_args: --add-opens=java.base/java.lang=ALL-UNNAMED --add-opens=java.base/java.lang.invoke=ALL-UNNAMED --add-opens=java.base/java.util=ALL-UNNAMED --add-opens=java.prefs/java.util.prefs=ALL-UNNAMED --add-exports=jdk.compiler/com.sun.tools.javac.api=ALL-UNNAMED --add-exports=jdk.compiler/com.sun.tools.javac.util=ALL-UNNAMED --add-opens=java.base/java.util=ALL-UNNAMED --add-opens=java.prefs/java.util.prefs=ALL-UNNAMED --add-opens=java.base/java.nio.charset=ALL-UNNAMED --add-opens=java.base/java.net=ALL-UNNAMED --add-opens=java.base/java.util.concurrent=ALL-UNNAMED --add-opens=java.base/java.util.concurrent.atomic=ALL-UNNAMED --add-opens=java.xml/javax.xml.namespace=ALL-UNNAMED --add-opens=java.base/java.time=ALL-UNNAMED -XX:MaxMetaspaceSize=512m -Xmx2048m -Dfile.encoding=UTF-8 -Duser.country=CM -Duser.language=fr -Duser.variant -javaagent:C:\Users\Nestor Corneille\.gradle\wrapper\dists\gradle-9.3.1-bin\23ovyewtku6u96viwx3xl3oks\gradle-9.3.1\lib\agents\gradle-instrumentation-agent-9.3.1.jar 
java_command: org.gradle.launcher.daemon.bootstrap.GradleDaemon 9.3.1
java_class_path (initial): C:\Users\Nestor Corneille\.gradle\wrapper\dists\gradle-9.3.1-bin\23ovyewtku6u96viwx3xl3oks\gradle-9.3.1\lib\gradle-daemon-main-9.3.1.jar
Launcher Type: SUN_STANDARD

[Global flags]
     intx CICompilerCount                          = 3                                         {product} {ergonomic}
   size_t CompressedClassSpaceSize                 = 436207616                                 {product} {ergonomic}
     uint ConcGCThreads                            = 1                                         {product} {ergonomic}
     uint G1ConcRefinementThreads                  = 4                                         {product} {ergonomic}
   size_t G1HeapRegionSize                         = 1048576                                   {product} {ergonomic}
    uintx GCDrainStackTargetSize                   = 64                                        {product} {ergonomic}
   size_t InitialHeapSize                          = 134217728                                 {product} {ergonomic}
   size_t MarkStackSize                            = 4194304                                   {product} {ergonomic}
   size_t MaxHeapSize                              = 2147483648                                {product} {command line}
   size_t MaxMetaspaceSize                         = 536870912                                 {product} {command line}
   size_t MaxNewSize                               = 1287651328                                {product} {ergonomic}
   size_t MinHeapDeltaBytes                        = 1048576                                   {product} {ergonomic}
   size_t MinHeapSize                              = 8388608                                   {product} {ergonomic}
    uintx NonNMethodCodeHeapSize                   = 5832780                                {pd product} {ergonomic}
    uintx NonProfiledCodeHeapSize                  = 122912730                              {pd product} {ergonomic}
    uintx ProfiledCodeHeapSize                     = 122912730                              {pd product} {ergonomic}
    uintx ReservedCodeCacheSize                    = 251658240                              {pd product} {ergonomic}
     bool SegmentedCodeCache                       = true                                      {product} {ergonomic}
   size_t SoftMaxHeapSize                          = 2147483648                             {manageable} {ergonomic}
     bool UseCompressedClassPointers               = true                           {product lp64_product} {ergonomic}
     bool UseCompressedOops                        = true                           {product lp64_product} {ergonomic}
     bool UseG1GC                                  = true                                      {product} {ergonomic}
     bool UseLargePagesIndividualAllocation        = false                                  {pd product} {ergonomic}

Logging:
Log output configuration:
 #0: stdout all=warning uptime,level,tags
 #1: stderr all=off uptime,level,tags

Environment Variables:
JAVA_HOME=C:\Program Files\Eclipse Adoptium\jdk-17.0.18.8-hotspot
PATH=C:\Users\Nestor Corneille\AppData\Local\Programs\Microsoft VS Code;C:\Program Files\Eclipse Adoptium\jdk-17.0.18.8-hotspot\bin;C:\Program Files (x86)\NVIDIA Corporation\PhysX\Common;C:\Windows\system32;C:\Windows;C:\Windows\System32\Wbem;C:\Windows\System32\WindowsPowerShell\v1.0\;C:\Windows\System32\OpenSSH\;C:\Users\Nestor Corneille\Desktop\mes projets\python\PhoneSploit-Pro-main\__PhoneSploit-Pro__;C:\Program Files (x86)\Nmap;C:\scrcpy;C:\xampp\php;C:\Program Files\Git\cmd;C:\ProgramData\ComposerSetup\bin;C:\Program Files\Microsoft SQL Server\150\Tools\Binn\;C:\Program Files\dotnet\;C:\xam\apache\bin;C:\john\run;C:\apktool;C:\cmdline\bin;C:\src\flutter\bin;C:\Program Files\Java\jdk-21\bin;C:\masm32\bin;C:\ta-lib\c\bin;C:\android\sdk\cmdline-tools\bin;C:\Android\Sdk\platform-tools;C:\Android\Sdk\cmdline-tools\latest\bin;C:\Android\Sdk\build-tools\34.0.0;C:\Program Files\Go\bin;C:\Program Files\Go\bin;C:\Users\Nestor Corneille\AppData\Local\Google\Cloud SDK\google-cloud-sdk\bin;C:\Program Files\PostgreSQL\17\lib;C:\Program Files\Redis\;C:\xampp_fin\php;C:\xampp_fin\mysql\bin;C:\Program Files\Docker\Docker\resources\bin;C:\Program Files\nodejs\;C:\Android\sdk\cmdline-tools\latest\bin;C:\Android\sdk\platform-tools;C:\Users\Nestor Corneille\AppData\Roaming\npm;C:\Users\Nestor Corneille\.antigravity\extensions\anthropic.claude-code-2.1.121-win32-x64\resources\native-binary;C:\ffmpeg\bin;C:\Users\Nestor Corneille\AppData\Local\Programs\Python\Python311\Scripts\;C:\Users\Nestor Corneille\AppData\Local\Programs\Python\Python311\;C:\Users\Nestor Corneille\AppData\Local\Programs\Python\Python312\Scripts\;C:\Users\Nestor Corneille\AppData\Local\Programs\Python\Python312\;C:\Users\Nestor Corneille\.cargo\bin;C:\Users\Nestor Corneille\AppData\Local\Programs\Python\Launcher\;C:\Users\Nestor Corneille\AppData\Local\Microsoft\WindowsApps;C:\Program Files\heroku\bin;C:\Users\Nestor Corneille\AppData\Roaming\Composer\vendor\bin;C:\portaudio;C:\Users\Nestor Corneille\anaconda3\condabin;C:\Users\Nestor Corneille\.dotnet\tools;C:\Users\Nestor Corneille\.fly\bin;C:\Users\Nestor Corneille\AppData\Local\Android\Sdk\platform-tools;C:\Users\Nestor Corneille\AppData\Local\Android\Sdk\emulator;C:\Users\Nestor Corneille\AppData\Local\Android\Sdk\tools;C:\Users\Nestor Corneille\AppData\Local\Programs\Microsoft VS Code\bin;C:\Users\Nestor Corneille\go\bin;C:\Users\Nestor Corneille\AppData\Local\Programs\Ollama;C:\Antigravity\bin
USERNAME=Nestor Corneille
OS=Windows_NT
PROCESSOR_IDENTIFIER=Intel64 Family 6 Model 78 Stepping 3, GenuineIntel
TMP=C:\Users\NESTOR~1\AppData\Local\Temp
TEMP=C:\Users\NESTOR~1\AppData\Local\Temp



Periodic native trim disabled


---------------  S Y S T E M  ---------------

OS:
 Windows 11 , 64 bit Build 22621 (10.0.22621.3958)
OS uptime: 0 days 1:56 hours
Hyper-V role detected

CPU: total 4 (initial active 4) (2 cores per cpu, 2 threads per core) family 6 model 78 stepping 3 microcode 0xd6, cx8, cmov, fxsr, ht, mmx, 3dnowpref, sse, sse2, sse3, ssse3, sse4.1, sse4.2, popcnt, lzcnt, tsc, tscinvbit, avx, avx2, aes, erms, clmul, bmi1, bmi2, rtm, adx, fma, vzeroupper, clflush, clflushopt, hv
Processor Information for all 4 processors :
  Max Mhz: 2801, Current Mhz: 2801, Mhz Limit: 2801

Memory: 4k page, system-wide physical 8083M (339M free)
TotalPageFile size 14994M (AvailPageFile size 25M)
current process WorkingSet (physical memory assigned to process): 527M, peak: 585M
current process commit charge ("private bytes"): 614M, peak: 623M

vm_info: OpenJDK 64-Bit Server VM (17.0.18+8) for windows-amd64 JRE (17.0.18+8), built on Jan 20 2026 22:28:22 by "admin" with MS VC++ 17.12 (VS2022)

END.
